FJ-01__r0	FT	1	com.alibaba.json.bvt.date.DateTest#test_date	FAIL	org.junit.ComparisonFailure	expected:<"2011-12-1[8 00]:23:07"> but was:<"2011-12-1[7 16]:23:07">	org.junit.Assert.assertEquals|org.junit.Assert.assertEquals|com.alibaba.json.bvt.date.DateTest.test_date|sun.reflect.NativeMethodAccessorImpl.invoke0|sun.reflect.NativeMethodAccessorImpl.invoke|sun.reflect.DelegatingMethodAccessorImpl.invoke|java.lang.reflect.Method.invoke|junit.framework.TestCase.runTest|junit.framework.TestCase.runBare|junit.framework.TestResult$1.protect|junit.framework.TestResult.runProtected|junit.framework.TestResult.run	194
FJ-01__r1	FT	1	com.alibaba.json.bvt.date.DateTest#test_date	FAIL	org.junit.ComparisonFailure	expected:<"2011-12-1[8 00]:23:07"> but was:<"2011-12-1[7 16]:23:07">	org.junit.Assert.assertEquals|org.junit.Assert.assertEquals|com.alibaba.json.bvt.date.DateTest.test_date|sun.reflect.NativeMethodAccessorImpl.invoke0|sun.reflect.NativeMethodAccessorImpl.invoke|sun.reflect.DelegatingMethodAccessorImpl.invoke|java.lang.reflect.Method.invoke|junit.framework.TestCase.runTest|junit.framework.TestCase.runBare|junit.framework.TestResult$1.protect|junit.framework.TestResult.runProtected|junit.framework.TestResult.run	227
FJ-01__r2	FT	1	com.alibaba.json.bvt.date.DateTest#test_date	FAIL	org.junit.ComparisonFailure	expected:<"2011-12-1[8 00]:23:07"> but was:<"2011-12-1[7 16]:23:07">	org.junit.Assert.assertEquals|org.junit.Assert.assertEquals|com.alibaba.json.bvt.date.DateTest.test_date|sun.reflect.NativeMethodAccessorImpl.invoke0|sun.reflect.NativeMethodAccessorImpl.invoke|sun.reflect.DelegatingMethodAccessorImpl.invoke|java.lang.reflect.Method.invoke|junit.framework.TestCase.runTest|junit.framework.TestCase.runBare|junit.framework.TestResult$1.protect|junit.framework.TestResult.runProtected|junit.framework.TestResult.run	200
FJ-01__r3	FT	1	com.alibaba.json.bvt.date.DateTest#test_date	FAIL	org.junit.ComparisonFailure	expected:<"2011-12-1[8 00]:23:07"> but was:<"2011-12-1[7 16]:23:07">	org.junit.Assert.assertEquals|org.junit.Assert.assertEquals|com.alibaba.json.bvt.date.DateTest.test_date|sun.reflect.NativeMethodAccessorImpl.invoke0|sun.reflect.NativeMethodAccessorImpl.invoke|sun.reflect.DelegatingMethodAccessorImpl.invoke|java.lang.reflect.Method.invoke|junit.framework.TestCase.runTest|junit.framework.TestCase.runBare|junit.framework.TestResult$1.protect|junit.framework.TestResult.runProtected|junit.framework.TestResult.run	199
FJ-01__r4	FT	1	com.alibaba.json.bvt.date.DateTest#test_date	FAIL	org.junit.ComparisonFailure	expected:<"2011-12-1[8 00]:23:07"> but was:<"2011-12-1[7 16]:23:07">	org.junit.Assert.assertEquals|org.junit.Assert.assertEquals|com.alibaba.json.bvt.date.DateTest.test_date|sun.reflect.NativeMethodAccessorImpl.invoke0|sun.reflect.NativeMethodAccessorImpl.invoke|sun.reflect.DelegatingMethodAccessorImpl.invoke|java.lang.reflect.Method.invoke|junit.framework.TestCase.runTest|junit.framework.TestCase.runBare|junit.framework.TestResult$1.protect|junit.framework.TestResult.runProtected|junit.framework.TestResult.run	203
FJ-01__r5	FT	1	com.alibaba.json.bvt.date.DateTest#test_date	FAIL	org.junit.ComparisonFailure	expected:<"2011-12-1[8 00]:23:07"> but was:<"2011-12-1[7 16]:23:07">	org.junit.Assert.assertEquals|org.junit.Assert.assertEquals|com.alibaba.json.bvt.date.DateTest.test_date|sun.reflect.NativeMethodAccessorImpl.invoke0|sun.reflect.NativeMethodAccessorImpl.invoke|sun.reflect.DelegatingMethodAccessorImpl.invoke|java.lang.reflect.Method.invoke|junit.framework.TestCase.runTest|junit.framework.TestCase.runBare|junit.framework.TestResult$1.protect|junit.framework.TestResult.runProtected|junit.framework.TestResult.run	347
FJ-01__r6	FT	1	com.alibaba.json.bvt.date.DateTest#test_date	FAIL	org.junit.ComparisonFailure	expected:<"2011-12-1[8 00]:23:07"> but was:<"2011-12-1[7 16]:23:07">	org.junit.Assert.assertEquals|org.junit.Assert.assertEquals|com.alibaba.json.bvt.date.DateTest.test_date|sun.reflect.NativeMethodAccessorImpl.invoke0|sun.reflect.NativeMethodAccessorImpl.invoke|sun.reflect.DelegatingMethodAccessorImpl.invoke|java.lang.reflect.Method.invoke|junit.framework.TestCase.runTest|junit.framework.TestCase.runBare|junit.framework.TestResult$1.protect|junit.framework.TestResult.runProtected|junit.framework.TestResult.run	594
FJ-01__r7	FT	1	com.alibaba.json.bvt.date.DateTest#test_date	FAIL	org.junit.ComparisonFailure	expected:<"2011-12-1[8 00]:23:07"> but was:<"2011-12-1[7 16]:23:07">	org.junit.Assert.assertEquals|org.junit.Assert.assertEquals|com.alibaba.json.bvt.date.DateTest.test_date|sun.reflect.NativeMethodAccessorImpl.invoke0|sun.reflect.NativeMethodAccessorImpl.invoke|sun.reflect.DelegatingMethodAccessorImpl.invoke|java.lang.reflect.Method.invoke|junit.framework.TestCase.runTest|junit.framework.TestCase.runBare|junit.framework.TestResult$1.protect|junit.framework.TestResult.runProtected|junit.framework.TestResult.run	379
FJ-01__r8	FT	1	com.alibaba.json.bvt.date.DateTest#test_date	FAIL	org.junit.ComparisonFailure	expected:<"2011-12-1[8 00]:23:07"> but was:<"2011-12-1[7 16]:23:07">	org.junit.Assert.assertEquals|org.junit.Assert.assertEquals|com.alibaba.json.bvt.date.DateTest.test_date|sun.reflect.NativeMethodAccessorImpl.invoke0|sun.reflect.NativeMethodAccessorImpl.invoke|sun.reflect.DelegatingMethodAccessorImpl.invoke|java.lang.reflect.Method.invoke|junit.framework.TestCase.runTest|junit.framework.TestCase.runBare|junit.framework.TestResult$1.protect|junit.framework.TestResult.runProtected|junit.framework.TestResult.run	330
FJ-01__r9	FT	1	com.alibaba.json.bvt.date.DateTest#test_date	FAIL	org.junit.ComparisonFailure	expected:<"2011-12-1[8 00]:23:07"> but was:<"2011-12-1[7 16]:23:07">	org.junit.Assert.assertEquals|org.junit.Assert.assertEquals|com.alibaba.json.bvt.date.DateTest.test_date|sun.reflect.NativeMethodAccessorImpl.invoke0|sun.reflect.NativeMethodAccessorImpl.invoke|sun.reflect.DelegatingMethodAccessorImpl.invoke|java.lang.reflect.Method.invoke|junit.framework.TestCase.runTest|junit.framework.TestCase.runBare|junit.framework.TestResult$1.protect|junit.framework.TestResult.runProtected|junit.framework.TestResult.run	272
FJ-02__r0	FT	1	com.alibaba.json.bvt.parser.DefaultExtJSONParser_parseArray#test_7	FAIL	java.lang.AssertionError	expected:<Sun Jan 09 05:49:53 UTC 2011> but was:<Sun Jan 09 13:49:53 UTC 2011>	org.junit.Assert.fail|org.junit.Assert.failNotEquals|org.junit.Assert.assertEquals|org.junit.Assert.assertEquals|com.alibaba.json.bvt.parser.DefaultExtJSONParser_parseArray.test_7|sun.reflect.NativeMethodAccessorImpl.invoke0|sun.reflect.NativeMethodAccessorImpl.invoke|sun.reflect.DelegatingMethodAccessorImpl.invoke|java.lang.reflect.Method.invoke|junit.framework.TestCase.runTest|junit.framework.TestCase.runBare|junit.framework.TestResult$1.protect	378
FJ-02__r1	FT	1	com.alibaba.json.bvt.parser.DefaultExtJSONParser_parseArray#test_7	FAIL	java.lang.AssertionError	expected:<Sun Jan 09 05:49:53 UTC 2011> but was:<Sun Jan 09 13:49:53 UTC 2011>	org.junit.Assert.fail|org.junit.Assert.failNotEquals|org.junit.Assert.assertEquals|org.junit.Assert.assertEquals|com.alibaba.json.bvt.parser.DefaultExtJSONParser_parseArray.test_7|sun.reflect.NativeMethodAccessorImpl.invoke0|sun.reflect.NativeMethodAccessorImpl.invoke|sun.reflect.DelegatingMethodAccessorImpl.invoke|java.lang.reflect.Method.invoke|junit.framework.TestCase.runTest|junit.framework.TestCase.runBare|junit.framework.TestResult$1.protect	356
FJ-02__r2	FT	1	com.alibaba.json.bvt.parser.DefaultExtJSONParser_parseArray#test_7	FAIL	java.lang.AssertionError	expected:<Sun Jan 09 05:49:53 UTC 2011> but was:<Sun Jan 09 13:49:53 UTC 2011>	org.junit.Assert.fail|org.junit.Assert.failNotEquals|org.junit.Assert.assertEquals|org.junit.Assert.assertEquals|com.alibaba.json.bvt.parser.DefaultExtJSONParser_parseArray.test_7|sun.reflect.NativeMethodAccessorImpl.invoke0|sun.reflect.NativeMethodAccessorImpl.invoke|sun.reflect.DelegatingMethodAccessorImpl.invoke|java.lang.reflect.Method.invoke|junit.framework.TestCase.runTest|junit.framework.TestCase.runBare|junit.framework.TestResult$1.protect	311
FJ-02__r3	FT	1	com.alibaba.json.bvt.parser.DefaultExtJSONParser_parseArray#test_7	FAIL	java.lang.AssertionError	expected:<Sun Jan 09 05:49:53 UTC 2011> but was:<Sun Jan 09 13:49:53 UTC 2011>	org.junit.Assert.fail|org.junit.Assert.failNotEquals|org.junit.Assert.assertEquals|org.junit.Assert.assertEquals|com.alibaba.json.bvt.parser.DefaultExtJSONParser_parseArray.test_7|sun.reflect.NativeMethodAccessorImpl.invoke0|sun.reflect.NativeMethodAccessorImpl.invoke|sun.reflect.DelegatingMethodAccessorImpl.invoke|java.lang.reflect.Method.invoke|junit.framework.TestCase.runTest|junit.framework.TestCase.runBare|junit.framework.TestResult$1.protect	366
FJ-02__r4	FT	1	com.alibaba.json.bvt.parser.DefaultExtJSONParser_parseArray#test_7	FAIL	java.lang.AssertionError	expected:<Sun Jan 09 05:49:53 UTC 2011> but was:<Sun Jan 09 13:49:53 UTC 2011>	org.junit.Assert.fail|org.junit.Assert.failNotEquals|org.junit.Assert.assertEquals|org.junit.Assert.assertEquals|com.alibaba.json.bvt.parser.DefaultExtJSONParser_parseArray.test_7|sun.reflect.NativeMethodAccessorImpl.invoke0|sun.reflect.NativeMethodAccessorImpl.invoke|sun.reflect.DelegatingMethodAccessorImpl.invoke|java.lang.reflect.Method.invoke|junit.framework.TestCase.runTest|junit.framework.TestCase.runBare|junit.framework.TestResult$1.protect	280
FJ-02__r5	FT	1	com.alibaba.json.bvt.parser.DefaultExtJSONParser_parseArray#test_7	FAIL	java.lang.AssertionError	expected:<Sun Jan 09 05:49:53 UTC 2011> but was:<Sun Jan 09 13:49:53 UTC 2011>	org.junit.Assert.fail|org.junit.Assert.failNotEquals|org.junit.Assert.assertEquals|org.junit.Assert.assertEquals|com.alibaba.json.bvt.parser.DefaultExtJSONParser_parseArray.test_7|sun.reflect.NativeMethodAccessorImpl.invoke0|sun.reflect.NativeMethodAccessorImpl.invoke|sun.reflect.DelegatingMethodAccessorImpl.invoke|java.lang.reflect.Method.invoke|junit.framework.TestCase.runTest|junit.framework.TestCase.runBare|junit.framework.TestResult$1.protect	8355
FJ-02__r6	FT	1	com.alibaba.json.bvt.parser.DefaultExtJSONParser_parseArray#test_7	FAIL	java.lang.AssertionError	expected:<Sun Jan 09 05:49:53 UTC 2011> but was:<Sun Jan 09 13:49:53 UTC 2011>	org.junit.Assert.fail|org.junit.Assert.failNotEquals|org.junit.Assert.assertEquals|org.junit.Assert.assertEquals|com.alibaba.json.bvt.parser.DefaultExtJSONParser_parseArray.test_7|sun.reflect.NativeMethodAccessorImpl.invoke0|sun.reflect.NativeMethodAccessorImpl.invoke|sun.reflect.DelegatingMethodAccessorImpl.invoke|java.lang.reflect.Method.invoke|junit.framework.TestCase.runTest|junit.framework.TestCase.runBare|junit.framework.TestResult$1.protect	265
FJ-02__r7	FT	1	com.alibaba.json.bvt.parser.DefaultExtJSONParser_parseArray#test_7	FAIL	java.lang.AssertionError	expected:<Sun Jan 09 05:49:53 UTC 2011> but was:<Sun Jan 09 13:49:53 UTC 2011>	org.junit.Assert.fail|org.junit.Assert.failNotEquals|org.junit.Assert.assertEquals|org.junit.Assert.assertEquals|com.alibaba.json.bvt.parser.DefaultExtJSONParser_parseArray.test_7|sun.reflect.NativeMethodAccessorImpl.invoke0|sun.reflect.NativeMethodAccessorImpl.invoke|sun.reflect.DelegatingMethodAccessorImpl.invoke|java.lang.reflect.Method.invoke|junit.framework.TestCase.runTest|junit.framework.TestCase.runBare|junit.framework.TestResult$1.protect	246
FJ-02__r8	FT	1	com.alibaba.json.bvt.parser.DefaultExtJSONParser_parseArray#test_7	FAIL	java.lang.AssertionError	expected:<Sun Jan 09 05:49:53 UTC 2011> but was:<Sun Jan 09 13:49:53 UTC 2011>	org.junit.Assert.fail|org.junit.Assert.failNotEquals|org.junit.Assert.assertEquals|org.junit.Assert.assertEquals|com.alibaba.json.bvt.parser.DefaultExtJSONParser_parseArray.test_7|sun.reflect.NativeMethodAccessorImpl.invoke0|sun.reflect.NativeMethodAccessorImpl.invoke|sun.reflect.DelegatingMethodAccessorImpl.invoke|java.lang.reflect.Method.invoke|junit.framework.TestCase.runTest|junit.framework.TestCase.runBare|junit.framework.TestResult$1.protect	218
FJ-02__r9	FT	1	com.alibaba.json.bvt.parser.DefaultExtJSONParser_parseArray#test_7	FAIL	java.lang.AssertionError	expected:<Sun Jan 09 05:49:53 UTC 2011> but was:<Sun Jan 09 13:49:53 UTC 2011>	org.junit.Assert.fail|org.junit.Assert.failNotEquals|org.junit.Assert.assertEquals|org.junit.Assert.assertEquals|com.alibaba.json.bvt.parser.DefaultExtJSONParser_parseArray.test_7|sun.reflect.NativeMethodAccessorImpl.invoke0|sun.reflect.NativeMethodAccessorImpl.invoke|sun.reflect.DelegatingMethodAccessorImpl.invoke|java.lang.reflect.Method.invoke|junit.framework.TestCase.runTest|junit.framework.TestCase.runBare|junit.framework.TestResult$1.protect	246
FJ-03__r0	FT	1	com.alibaba.json.bvt.serializer.MaxBufSizeTest#test_max_buf	PASS				97
FJ-03__r1	FT	1	com.alibaba.json.bvt.serializer.MaxBufSizeTest#test_max_buf	PASS				90
FJ-03__r2	FT	1	com.alibaba.json.bvt.serializer.MaxBufSizeTest#test_max_buf	PASS				88
FJ-03__r3	FT	1	com.alibaba.json.bvt.serializer.MaxBufSizeTest#test_max_buf	PASS				92
FJ-03__r4	FT	1	com.alibaba.json.bvt.serializer.MaxBufSizeTest#test_max_buf	PASS				91
FJ-03__r5	FT	1	com.alibaba.json.bvt.serializer.MaxBufSizeTest#test_max_buf	PASS				92
FJ-03__r6	FT	1	com.alibaba.json.bvt.serializer.MaxBufSizeTest#test_max_buf	PASS				92
FJ-03__r7	FT	1	com.alibaba.json.bvt.serializer.MaxBufSizeTest#test_max_buf	PASS				96
FJ-03__r8	FT	1	com.alibaba.json.bvt.serializer.MaxBufSizeTest#test_max_buf	PASS				91
FJ-03__r9	FT	1	com.alibaba.json.bvt.serializer.MaxBufSizeTest#test_max_buf	PASS				92
FJ-04__r0	FT	1	com.alibaba.json.bvt.serializer.JSONSerializerTest2#test_0	PASS				258
FJ-04__r1	FT	1	com.alibaba.json.bvt.serializer.JSONSerializerTest2#test_0	PASS				259
FJ-04__r2	FT	1	com.alibaba.json.bvt.serializer.JSONSerializerTest2#test_0	PASS				197
FJ-04__r3	FT	1	com.alibaba.json.bvt.serializer.JSONSerializerTest2#test_0	PASS				202
FJ-04__r4	FT	1	com.alibaba.json.bvt.serializer.JSONSerializerTest2#test_0	PASS				221
FJ-04__r5	FT	1	com.alibaba.json.bvt.serializer.JSONSerializerTest2#test_0	PASS				224
FJ-04__r6	FT	1	com.alibaba.json.bvt.serializer.JSONSerializerTest2#test_0	PASS				206
FJ-04__r7	FT	1	com.alibaba.json.bvt.serializer.JSONSerializerTest2#test_0	PASS				225
FJ-04__r8	FT	1	com.alibaba.json.bvt.serializer.JSONSerializerTest2#test_0	PASS				227
FJ-04__r9	FT	1	com.alibaba.json.bvt.serializer.JSONSerializerTest2#test_0	PASS				234
HO-01__r0	FT	1	com.alibaba.json.bvt.bug.Issue_717#test_for_issue	PASS				246
HO-01__r1	FT	1	com.alibaba.json.bvt.bug.Issue_717#test_for_issue	PASS				251
HO-01__r2	FT	1	com.alibaba.json.bvt.bug.Issue_717#test_for_issue	PASS				224
HO-01__r3	FT	1	com.alibaba.json.bvt.bug.Issue_717#test_for_issue	PASS				232
HO-01__r4	FT	1	com.alibaba.json.bvt.bug.Issue_717#test_for_issue	PASS				243
HO-01__r5	FT	1	com.alibaba.json.bvt.bug.Issue_717#test_for_issue	PASS				258
HO-01__r6	FT	1	com.alibaba.json.bvt.bug.Issue_717#test_for_issue	PASS				310
HO-01__r7	FT	1	com.alibaba.json.bvt.bug.Issue_717#test_for_issue	PASS				277
HO-01__r8	FT	1	com.alibaba.json.bvt.bug.Issue_717#test_for_issue	PASS				257
HO-01__r9	FT	1	com.alibaba.json.bvt.bug.Issue_717#test_for_issue	PASS				222
HO-02__r0	FT	1	com.alibaba.json.bvt.date.DateTest_tz#test_codec	FAIL	java.lang.AssertionError	expected:<1461859200000> but was:<1461888000000>	org.junit.Assert.fail|org.junit.Assert.failNotEquals|org.junit.Assert.assertEquals|org.junit.Assert.assertEquals|com.alibaba.json.bvt.date.DateTest_tz.test_codec|sun.reflect.NativeMethodAccessorImpl.invoke0|sun.reflect.NativeMethodAccessorImpl.invoke|sun.reflect.DelegatingMethodAccessorImpl.invoke|java.lang.reflect.Method.invoke|junit.framework.TestCase.runTest|junit.framework.TestCase.runBare|junit.framework.TestResult$1.protect	285
HO-02__r1	FT	1	com.alibaba.json.bvt.date.DateTest_tz#test_codec	FAIL	java.lang.AssertionError	expected:<1461859200000> but was:<1461888000000>	org.junit.Assert.fail|org.junit.Assert.failNotEquals|org.junit.Assert.assertEquals|org.junit.Assert.assertEquals|com.alibaba.json.bvt.date.DateTest_tz.test_codec|sun.reflect.NativeMethodAccessorImpl.invoke0|sun.reflect.NativeMethodAccessorImpl.invoke|sun.reflect.DelegatingMethodAccessorImpl.invoke|java.lang.reflect.Method.invoke|junit.framework.TestCase.runTest|junit.framework.TestCase.runBare|junit.framework.TestResult$1.protect	262
HO-02__r2	FT	1	com.alibaba.json.bvt.date.DateTest_tz#test_codec	FAIL	java.lang.AssertionError	expected:<1461859200000> but was:<1461888000000>	org.junit.Assert.fail|org.junit.Assert.failNotEquals|org.junit.Assert.assertEquals|org.junit.Assert.assertEquals|com.alibaba.json.bvt.date.DateTest_tz.test_codec|sun.reflect.NativeMethodAccessorImpl.invoke0|sun.reflect.NativeMethodAccessorImpl.invoke|sun.reflect.DelegatingMethodAccessorImpl.invoke|java.lang.reflect.Method.invoke|junit.framework.TestCase.runTest|junit.framework.TestCase.runBare|junit.framework.TestResult$1.protect	244
HO-02__r3	FT	1	com.alibaba.json.bvt.date.DateTest_tz#test_codec	FAIL	java.lang.AssertionError	expected:<1461859200000> but was:<1461888000000>	org.junit.Assert.fail|org.junit.Assert.failNotEquals|org.junit.Assert.assertEquals|org.junit.Assert.assertEquals|com.alibaba.json.bvt.date.DateTest_tz.test_codec|sun.reflect.NativeMethodAccessorImpl.invoke0|sun.reflect.NativeMethodAccessorImpl.invoke|sun.reflect.DelegatingMethodAccessorImpl.invoke|java.lang.reflect.Method.invoke|junit.framework.TestCase.runTest|junit.framework.TestCase.runBare|junit.framework.TestResult$1.protect	250
HO-02__r4	FT	1	com.alibaba.json.bvt.date.DateTest_tz#test_codec	FAIL	java.lang.AssertionError	expected:<1461859200000> but was:<1461888000000>	org.junit.Assert.fail|org.junit.Assert.failNotEquals|org.junit.Assert.assertEquals|org.junit.Assert.assertEquals|com.alibaba.json.bvt.date.DateTest_tz.test_codec|sun.reflect.NativeMethodAccessorImpl.invoke0|sun.reflect.NativeMethodAccessorImpl.invoke|sun.reflect.DelegatingMethodAccessorImpl.invoke|java.lang.reflect.Method.invoke|junit.framework.TestCase.runTest|junit.framework.TestCase.runBare|junit.framework.TestResult$1.protect	229
HO-02__r5	FT	1	com.alibaba.json.bvt.date.DateTest_tz#test_codec	FAIL	java.lang.AssertionError	expected:<1461859200000> but was:<1461888000000>	org.junit.Assert.fail|org.junit.Assert.failNotEquals|org.junit.Assert.assertEquals|org.junit.Assert.assertEquals|com.alibaba.json.bvt.date.DateTest_tz.test_codec|sun.reflect.NativeMethodAccessorImpl.invoke0|sun.reflect.NativeMethodAccessorImpl.invoke|sun.reflect.DelegatingMethodAccessorImpl.invoke|java.lang.reflect.Method.invoke|junit.framework.TestCase.runTest|junit.framework.TestCase.runBare|junit.framework.TestResult$1.protect	244
HO-02__r6	FT	1	com.alibaba.json.bvt.date.DateTest_tz#test_codec	FAIL	java.lang.AssertionError	expected:<1461859200000> but was:<1461888000000>	org.junit.Assert.fail|org.junit.Assert.failNotEquals|org.junit.Assert.assertEquals|org.junit.Assert.assertEquals|com.alibaba.json.bvt.date.DateTest_tz.test_codec|sun.reflect.NativeMethodAccessorImpl.invoke0|sun.reflect.NativeMethodAccessorImpl.invoke|sun.reflect.DelegatingMethodAccessorImpl.invoke|java.lang.reflect.Method.invoke|junit.framework.TestCase.runTest|junit.framework.TestCase.runBare|junit.framework.TestResult$1.protect	278
HO-02__r7	FT	1	com.alibaba.json.bvt.date.DateTest_tz#test_codec	FAIL	java.lang.AssertionError	expected:<1461859200000> but was:<1461888000000>	org.junit.Assert.fail|org.junit.Assert.failNotEquals|org.junit.Assert.assertEquals|org.junit.Assert.assertEquals|com.alibaba.json.bvt.date.DateTest_tz.test_codec|sun.reflect.NativeMethodAccessorImpl.invoke0|sun.reflect.NativeMethodAccessorImpl.invoke|sun.reflect.DelegatingMethodAccessorImpl.invoke|java.lang.reflect.Method.invoke|junit.framework.TestCase.runTest|junit.framework.TestCase.runBare|junit.framework.TestResult$1.protect	279
HO-02__r8	FT	1	com.alibaba.json.bvt.date.DateTest_tz#test_codec	FAIL	java.lang.AssertionError	expected:<1461859200000> but was:<1461888000000>	org.junit.Assert.fail|org.junit.Assert.failNotEquals|org.junit.Assert.assertEquals|org.junit.Assert.assertEquals|com.alibaba.json.bvt.date.DateTest_tz.test_codec|sun.reflect.NativeMethodAccessorImpl.invoke0|sun.reflect.NativeMethodAccessorImpl.invoke|sun.reflect.DelegatingMethodAccessorImpl.invoke|java.lang.reflect.Method.invoke|junit.framework.TestCase.runTest|junit.framework.TestCase.runBare|junit.framework.TestResult$1.protect	259
HO-02__r9	FT	1	com.alibaba.json.bvt.date.DateTest_tz#test_codec	FAIL	java.lang.AssertionError	expected:<1461859200000> but was:<1461888000000>	org.junit.Assert.fail|org.junit.Assert.failNotEquals|org.junit.Assert.assertEquals|org.junit.Assert.assertEquals|com.alibaba.json.bvt.date.DateTest_tz.test_codec|sun.reflect.NativeMethodAccessorImpl.invoke0|sun.reflect.NativeMethodAccessorImpl.invoke|sun.reflect.DelegatingMethodAccessorImpl.invoke|java.lang.reflect.Method.invoke|junit.framework.TestCase.runTest|junit.framework.TestCase.runBare|junit.framework.TestResult$1.protect	281
HO-03__r0	FT	1	com.alibaba.json.bvt.issue_1200.Issue1298#test_for_issue	FAIL	junit.framework.ComparisonFailure	expected:<"2017-06-29T[10:36:30+08:00]"> but was:<"2017-06-29T[02:36:30Z]">	junit.framework.Assert.assertEquals|junit.framework.Assert.assertEquals|junit.framework.TestCase.assertEquals|com.alibaba.json.bvt.issue_1200.Issue1298.test_for_issue|sun.reflect.NativeMethodAccessorImpl.invoke0|sun.reflect.NativeMethodAccessorImpl.invoke|sun.reflect.DelegatingMethodAccessorImpl.invoke|java.lang.reflect.Method.invoke|junit.framework.TestCase.runTest|junit.framework.TestCase.runBare|junit.framework.TestResult$1.protect|junit.framework.TestResult.runProtected	279
HO-03__r1	FT	1	com.alibaba.json.bvt.issue_1200.Issue1298#test_for_issue	FAIL	junit.framework.ComparisonFailure	expected:<"2017-06-29T[10:36:30+08:00]"> but was:<"2017-06-29T[02:36:30Z]">	junit.framework.Assert.assertEquals|junit.framework.Assert.assertEquals|junit.framework.TestCase.assertEquals|com.alibaba.json.bvt.issue_1200.Issue1298.test_for_issue|sun.reflect.NativeMethodAccessorImpl.invoke0|sun.reflect.NativeMethodAccessorImpl.invoke|sun.reflect.DelegatingMethodAccessorImpl.invoke|java.lang.reflect.Method.invoke|junit.framework.TestCase.runTest|junit.framework.TestCase.runBare|junit.framework.TestResult$1.protect|junit.framework.TestResult.runProtected	269
HO-03__r2	FT	1	com.alibaba.json.bvt.issue_1200.Issue1298#test_for_issue	FAIL	junit.framework.ComparisonFailure	expected:<"2017-06-29T[10:36:30+08:00]"> but was:<"2017-06-29T[02:36:30Z]">	junit.framework.Assert.assertEquals|junit.framework.Assert.assertEquals|junit.framework.TestCase.assertEquals|com.alibaba.json.bvt.issue_1200.Issue1298.test_for_issue|sun.reflect.NativeMethodAccessorImpl.invoke0|sun.reflect.NativeMethodAccessorImpl.invoke|sun.reflect.DelegatingMethodAccessorImpl.invoke|java.lang.reflect.Method.invoke|junit.framework.TestCase.runTest|junit.framework.TestCase.runBare|junit.framework.TestResult$1.protect|junit.framework.TestResult.runProtected	231
HO-03__r3	FT	1	com.alibaba.json.bvt.issue_1200.Issue1298#test_for_issue	FAIL	junit.framework.ComparisonFailure	expected:<"2017-06-29T[10:36:30+08:00]"> but was:<"2017-06-29T[02:36:30Z]">	junit.framework.Assert.assertEquals|junit.framework.Assert.assertEquals|junit.framework.TestCase.assertEquals|com.alibaba.json.bvt.issue_1200.Issue1298.test_for_issue|sun.reflect.NativeMethodAccessorImpl.invoke0|sun.reflect.NativeMethodAccessorImpl.invoke|sun.reflect.DelegatingMethodAccessorImpl.invoke|java.lang.reflect.Method.invoke|junit.framework.TestCase.runTest|junit.framework.TestCase.runBare|junit.framework.TestResult$1.protect|junit.framework.TestResult.runProtected	285
HO-03__r4	FT	1	com.alibaba.json.bvt.issue_1200.Issue1298#test_for_issue	FAIL	junit.framework.ComparisonFailure	expected:<"2017-06-29T[10:36:30+08:00]"> but was:<"2017-06-29T[02:36:30Z]">	junit.framework.Assert.assertEquals|junit.framework.Assert.assertEquals|junit.framework.TestCase.assertEquals|com.alibaba.json.bvt.issue_1200.Issue1298.test_for_issue|sun.reflect.NativeMethodAccessorImpl.invoke0|sun.reflect.NativeMethodAccessorImpl.invoke|sun.reflect.DelegatingMethodAccessorImpl.invoke|java.lang.reflect.Method.invoke|junit.framework.TestCase.runTest|junit.framework.TestCase.runBare|junit.framework.TestResult$1.protect|junit.framework.TestResult.runProtected	262
HO-03__r5	FT	1	com.alibaba.json.bvt.issue_1200.Issue1298#test_for_issue	FAIL	junit.framework.ComparisonFailure	expected:<"2017-06-29T[10:36:30+08:00]"> but was:<"2017-06-29T[02:36:30Z]">	junit.framework.Assert.assertEquals|junit.framework.Assert.assertEquals|junit.framework.TestCase.assertEquals|com.alibaba.json.bvt.issue_1200.Issue1298.test_for_issue|sun.reflect.NativeMethodAccessorImpl.invoke0|sun.reflect.NativeMethodAccessorImpl.invoke|sun.reflect.DelegatingMethodAccessorImpl.invoke|java.lang.reflect.Method.invoke|junit.framework.TestCase.runTest|junit.framework.TestCase.runBare|junit.framework.TestResult$1.protect|junit.framework.TestResult.runProtected	243
HO-03__r6	FT	1	com.alibaba.json.bvt.issue_1200.Issue1298#test_for_issue	FAIL	junit.framework.ComparisonFailure	expected:<"2017-06-29T[10:36:30+08:00]"> but was:<"2017-06-29T[02:36:30Z]">	junit.framework.Assert.assertEquals|junit.framework.Assert.assertEquals|junit.framework.TestCase.assertEquals|com.alibaba.json.bvt.issue_1200.Issue1298.test_for_issue|sun.reflect.NativeMethodAccessorImpl.invoke0|sun.reflect.NativeMethodAccessorImpl.invoke|sun.reflect.DelegatingMethodAccessorImpl.invoke|java.lang.reflect.Method.invoke|junit.framework.TestCase.runTest|junit.framework.TestCase.runBare|junit.framework.TestResult$1.protect|junit.framework.TestResult.runProtected	256
HO-03__r7	FT	1	com.alibaba.json.bvt.issue_1200.Issue1298#test_for_issue	FAIL	junit.framework.ComparisonFailure	expected:<"2017-06-29T[10:36:30+08:00]"> but was:<"2017-06-29T[02:36:30Z]">	junit.framework.Assert.assertEquals|junit.framework.Assert.assertEquals|junit.framework.TestCase.assertEquals|com.alibaba.json.bvt.issue_1200.Issue1298.test_for_issue|sun.reflect.NativeMethodAccessorImpl.invoke0|sun.reflect.NativeMethodAccessorImpl.invoke|sun.reflect.DelegatingMethodAccessorImpl.invoke|java.lang.reflect.Method.invoke|junit.framework.TestCase.runTest|junit.framework.TestCase.runBare|junit.framework.TestResult$1.protect|junit.framework.TestResult.runProtected	265
HO-03__r8	FT	1	com.alibaba.json.bvt.issue_1200.Issue1298#test_for_issue	FAIL	junit.framework.ComparisonFailure	expected:<"2017-06-29T[10:36:30+08:00]"> but was:<"2017-06-29T[02:36:30Z]">	junit.framework.Assert.assertEquals|junit.framework.Assert.assertEquals|junit.framework.TestCase.assertEquals|com.alibaba.json.bvt.issue_1200.Issue1298.test_for_issue|sun.reflect.NativeMethodAccessorImpl.invoke0|sun.reflect.NativeMethodAccessorImpl.invoke|sun.reflect.DelegatingMethodAccessorImpl.invoke|java.lang.reflect.Method.invoke|junit.framework.TestCase.runTest|junit.framework.TestCase.runBare|junit.framework.TestResult$1.protect|junit.framework.TestResult.runProtected	259
HO-03__r9	FT	1	com.alibaba.json.bvt.issue_1200.Issue1298#test_for_issue	FAIL	junit.framework.ComparisonFailure	expected:<"2017-06-29T[10:36:30+08:00]"> but was:<"2017-06-29T[02:36:30Z]">	junit.framework.Assert.assertEquals|junit.framework.Assert.assertEquals|junit.framework.TestCase.assertEquals|com.alibaba.json.bvt.issue_1200.Issue1298.test_for_issue|sun.reflect.NativeMethodAccessorImpl.invoke0|sun.reflect.NativeMethodAccessorImpl.invoke|sun.reflect.DelegatingMethodAccessorImpl.invoke|java.lang.reflect.Method.invoke|junit.framework.TestCase.runTest|junit.framework.TestCase.runBare|junit.framework.TestResult$1.protect|junit.framework.TestResult.runProtected	296
HO-04__r0	FT	1	com.alibaba.json.bvt.issue_1200.Issue1298#test_for_issue_1	FAIL	junit.framework.ComparisonFailure	expected:<"2017-08-15T20:00:00[+08:00]"> but was:<"2017-08-15T20:00:00[Z]">	junit.framework.Assert.assertEquals|junit.framework.Assert.assertEquals|junit.framework.TestCase.assertEquals|com.alibaba.json.bvt.issue_1200.Issue1298.test_for_issue_1|sun.reflect.NativeMethodAccessorImpl.invoke0|sun.reflect.NativeMethodAccessorImpl.invoke|sun.reflect.DelegatingMethodAccessorImpl.invoke|java.lang.reflect.Method.invoke|junit.framework.TestCase.runTest|junit.framework.TestCase.runBare|junit.framework.TestResult$1.protect|junit.framework.TestResult.runProtected	244
HO-04__r1	FT	1	com.alibaba.json.bvt.issue_1200.Issue1298#test_for_issue_1	FAIL	junit.framework.ComparisonFailure	expected:<"2017-08-15T20:00:00[+08:00]"> but was:<"2017-08-15T20:00:00[Z]">	junit.framework.Assert.assertEquals|junit.framework.Assert.assertEquals|junit.framework.TestCase.assertEquals|com.alibaba.json.bvt.issue_1200.Issue1298.test_for_issue_1|sun.reflect.NativeMethodAccessorImpl.invoke0|sun.reflect.NativeMethodAccessorImpl.invoke|sun.reflect.DelegatingMethodAccessorImpl.invoke|java.lang.reflect.Method.invoke|junit.framework.TestCase.runTest|junit.framework.TestCase.runBare|junit.framework.TestResult$1.protect|junit.framework.TestResult.runProtected	245
HO-04__r2	FT	1	com.alibaba.json.bvt.issue_1200.Issue1298#test_for_issue_1	FAIL	junit.framework.ComparisonFailure	expected:<"2017-08-15T20:00:00[+08:00]"> but was:<"2017-08-15T20:00:00[Z]">	junit.framework.Assert.assertEquals|junit.framework.Assert.assertEquals|junit.framework.TestCase.assertEquals|com.alibaba.json.bvt.issue_1200.Issue1298.test_for_issue_1|sun.reflect.NativeMethodAccessorImpl.invoke0|sun.reflect.NativeMethodAccessorImpl.invoke|sun.reflect.DelegatingMethodAccessorImpl.invoke|java.lang.reflect.Method.invoke|junit.framework.TestCase.runTest|junit.framework.TestCase.runBare|junit.framework.TestResult$1.protect|junit.framework.TestResult.runProtected	231
HO-04__r3	FT	1	com.alibaba.json.bvt.issue_1200.Issue1298#test_for_issue_1	FAIL	junit.framework.ComparisonFailure	expected:<"2017-08-15T20:00:00[+08:00]"> but was:<"2017-08-15T20:00:00[Z]">	junit.framework.Assert.assertEquals|junit.framework.Assert.assertEquals|junit.framework.TestCase.assertEquals|com.alibaba.json.bvt.issue_1200.Issue1298.test_for_issue_1|sun.reflect.NativeMethodAccessorImpl.invoke0|sun.reflect.NativeMethodAccessorImpl.invoke|sun.reflect.DelegatingMethodAccessorImpl.invoke|java.lang.reflect.Method.invoke|junit.framework.TestCase.runTest|junit.framework.TestCase.runBare|junit.framework.TestResult$1.protect|junit.framework.TestResult.runProtected	256
HO-04__r4	FT	1	com.alibaba.json.bvt.issue_1200.Issue1298#test_for_issue_1	FAIL	junit.framework.ComparisonFailure	expected:<"2017-08-15T20:00:00[+08:00]"> but was:<"2017-08-15T20:00:00[Z]">	junit.framework.Assert.assertEquals|junit.framework.Assert.assertEquals|junit.framework.TestCase.assertEquals|com.alibaba.json.bvt.issue_1200.Issue1298.test_for_issue_1|sun.reflect.NativeMethodAccessorImpl.invoke0|sun.reflect.NativeMethodAccessorImpl.invoke|sun.reflect.DelegatingMethodAccessorImpl.invoke|java.lang.reflect.Method.invoke|junit.framework.TestCase.runTest|junit.framework.TestCase.runBare|junit.framework.TestResult$1.protect|junit.framework.TestResult.runProtected	251
HO-04__r5	FT	1	com.alibaba.json.bvt.issue_1200.Issue1298#test_for_issue_1	FAIL	junit.framework.ComparisonFailure	expected:<"2017-08-15T20:00:00[+08:00]"> but was:<"2017-08-15T20:00:00[Z]">	junit.framework.Assert.assertEquals|junit.framework.Assert.assertEquals|junit.framework.TestCase.assertEquals|com.alibaba.json.bvt.issue_1200.Issue1298.test_for_issue_1|sun.reflect.NativeMethodAccessorImpl.invoke0|sun.reflect.NativeMethodAccessorImpl.invoke|sun.reflect.DelegatingMethodAccessorImpl.invoke|java.lang.reflect.Method.invoke|junit.framework.TestCase.runTest|junit.framework.TestCase.runBare|junit.framework.TestResult$1.protect|junit.framework.TestResult.runProtected	231
HO-04__r6	FT	1	com.alibaba.json.bvt.issue_1200.Issue1298#test_for_issue_1	FAIL	junit.framework.ComparisonFailure	expected:<"2017-08-15T20:00:00[+08:00]"> but was:<"2017-08-15T20:00:00[Z]">	junit.framework.Assert.assertEquals|junit.framework.Assert.assertEquals|junit.framework.TestCase.assertEquals|com.alibaba.json.bvt.issue_1200.Issue1298.test_for_issue_1|sun.reflect.NativeMethodAccessorImpl.invoke0|sun.reflect.NativeMethodAccessorImpl.invoke|sun.reflect.DelegatingMethodAccessorImpl.invoke|java.lang.reflect.Method.invoke|junit.framework.TestCase.runTest|junit.framework.TestCase.runBare|junit.framework.TestResult$1.protect|junit.framework.TestResult.runProtected	234
HO-04__r7	FT	1	com.alibaba.json.bvt.issue_1200.Issue1298#test_for_issue_1	FAIL	junit.framework.ComparisonFailure	expected:<"2017-08-15T20:00:00[+08:00]"> but was:<"2017-08-15T20:00:00[Z]">	junit.framework.Assert.assertEquals|junit.framework.Assert.assertEquals|junit.framework.TestCase.assertEquals|com.alibaba.json.bvt.issue_1200.Issue1298.test_for_issue_1|sun.reflect.NativeMethodAccessorImpl.invoke0|sun.reflect.NativeMethodAccessorImpl.invoke|sun.reflect.DelegatingMethodAccessorImpl.invoke|java.lang.reflect.Method.invoke|junit.framework.TestCase.runTest|junit.framework.TestCase.runBare|junit.framework.TestResult$1.protect|junit.framework.TestResult.runProtected	220
HO-04__r8	FT	1	com.alibaba.json.bvt.issue_1200.Issue1298#test_for_issue_1	FAIL	junit.framework.ComparisonFailure	expected:<"2017-08-15T20:00:00[+08:00]"> but was:<"2017-08-15T20:00:00[Z]">	junit.framework.Assert.assertEquals|junit.framework.Assert.assertEquals|junit.framework.TestCase.assertEquals|com.alibaba.json.bvt.issue_1200.Issue1298.test_for_issue_1|sun.reflect.NativeMethodAccessorImpl.invoke0|sun.reflect.NativeMethodAccessorImpl.invoke|sun.reflect.DelegatingMethodAccessorImpl.invoke|java.lang.reflect.Method.invoke|junit.framework.TestCase.runTest|junit.framework.TestCase.runBare|junit.framework.TestResult$1.protect|junit.framework.TestResult.runProtected	241
HO-04__r9	FT	1	com.alibaba.json.bvt.issue_1200.Issue1298#test_for_issue_1	FAIL	junit.framework.ComparisonFailure	expected:<"2017-08-15T20:00:00[+08:00]"> but was:<"2017-08-15T20:00:00[Z]">	junit.framework.Assert.assertEquals|junit.framework.Assert.assertEquals|junit.framework.TestCase.assertEquals|com.alibaba.json.bvt.issue_1200.Issue1298.test_for_issue_1|sun.reflect.NativeMethodAccessorImpl.invoke0|sun.reflect.NativeMethodAccessorImpl.invoke|sun.reflect.DelegatingMethodAccessorImpl.invoke|java.lang.reflect.Method.invoke|junit.framework.TestCase.runTest|junit.framework.TestCase.runBare|junit.framework.TestResult$1.protect|junit.framework.TestResult.runProtected	238
HO-05__r0	FT	1	com.alibaba.json.bvt.issue_1600.Issue1679#test_for_issue	FAIL	junit.framework.ComparisonFailure	expected:<"2018-01-10T08:30:00[+08:00]"> but was:<"2018-01-10T08:30:00[Z]">	junit.framework.Assert.assertEquals|junit.framework.Assert.assertEquals|junit.framework.TestCase.assertEquals|com.alibaba.json.bvt.issue_1600.Issue1679.test_for_issue|sun.reflect.NativeMethodAccessorImpl.invoke0|sun.reflect.NativeMethodAccessorImpl.invoke|sun.reflect.DelegatingMethodAccessorImpl.invoke|java.lang.reflect.Method.invoke|junit.framework.TestCase.runTest|junit.framework.TestCase.runBare|junit.framework.TestResult$1.protect|junit.framework.TestResult.runProtected	235
HO-05__r1	FT	1	com.alibaba.json.bvt.issue_1600.Issue1679#test_for_issue	FAIL	junit.framework.ComparisonFailure	expected:<"2018-01-10T08:30:00[+08:00]"> but was:<"2018-01-10T08:30:00[Z]">	junit.framework.Assert.assertEquals|junit.framework.Assert.assertEquals|junit.framework.TestCase.assertEquals|com.alibaba.json.bvt.issue_1600.Issue1679.test_for_issue|sun.reflect.NativeMethodAccessorImpl.invoke0|sun.reflect.NativeMethodAccessorImpl.invoke|sun.reflect.DelegatingMethodAccessorImpl.invoke|java.lang.reflect.Method.invoke|junit.framework.TestCase.runTest|junit.framework.TestCase.runBare|junit.framework.TestResult$1.protect|junit.framework.TestResult.runProtected	248
HO-05__r2	FT	1	com.alibaba.json.bvt.issue_1600.Issue1679#test_for_issue	FAIL	junit.framework.ComparisonFailure	expected:<"2018-01-10T08:30:00[+08:00]"> but was:<"2018-01-10T08:30:00[Z]">	junit.framework.Assert.assertEquals|junit.framework.Assert.assertEquals|junit.framework.TestCase.assertEquals|com.alibaba.json.bvt.issue_1600.Issue1679.test_for_issue|sun.reflect.NativeMethodAccessorImpl.invoke0|sun.reflect.NativeMethodAccessorImpl.invoke|sun.reflect.DelegatingMethodAccessorImpl.invoke|java.lang.reflect.Method.invoke|junit.framework.TestCase.runTest|junit.framework.TestCase.runBare|junit.framework.TestResult$1.protect|junit.framework.TestResult.runProtected	251
HO-05__r3	FT	1	com.alibaba.json.bvt.issue_1600.Issue1679#test_for_issue	FAIL	junit.framework.ComparisonFailure	expected:<"2018-01-10T08:30:00[+08:00]"> but was:<"2018-01-10T08:30:00[Z]">	junit.framework.Assert.assertEquals|junit.framework.Assert.assertEquals|junit.framework.TestCase.assertEquals|com.alibaba.json.bvt.issue_1600.Issue1679.test_for_issue|sun.reflect.NativeMethodAccessorImpl.invoke0|sun.reflect.NativeMethodAccessorImpl.invoke|sun.reflect.DelegatingMethodAccessorImpl.invoke|java.lang.reflect.Method.invoke|junit.framework.TestCase.runTest|junit.framework.TestCase.runBare|junit.framework.TestResult$1.protect|junit.framework.TestResult.runProtected	252
HO-05__r4	FT	1	com.alibaba.json.bvt.issue_1600.Issue1679#test_for_issue	FAIL	junit.framework.ComparisonFailure	expected:<"2018-01-10T08:30:00[+08:00]"> but was:<"2018-01-10T08:30:00[Z]">	junit.framework.Assert.assertEquals|junit.framework.Assert.assertEquals|junit.framework.TestCase.assertEquals|com.alibaba.json.bvt.issue_1600.Issue1679.test_for_issue|sun.reflect.NativeMethodAccessorImpl.invoke0|sun.reflect.NativeMethodAccessorImpl.invoke|sun.reflect.DelegatingMethodAccessorImpl.invoke|java.lang.reflect.Method.invoke|junit.framework.TestCase.runTest|junit.framework.TestCase.runBare|junit.framework.TestResult$1.protect|junit.framework.TestResult.runProtected	247
HO-05__r5	FT	1	com.alibaba.json.bvt.issue_1600.Issue1679#test_for_issue	FAIL	junit.framework.ComparisonFailure	expected:<"2018-01-10T08:30:00[+08:00]"> but was:<"2018-01-10T08:30:00[Z]">	junit.framework.Assert.assertEquals|junit.framework.Assert.assertEquals|junit.framework.TestCase.assertEquals|com.alibaba.json.bvt.issue_1600.Issue1679.test_for_issue|sun.reflect.NativeMethodAccessorImpl.invoke0|sun.reflect.NativeMethodAccessorImpl.invoke|sun.reflect.DelegatingMethodAccessorImpl.invoke|java.lang.reflect.Method.invoke|junit.framework.TestCase.runTest|junit.framework.TestCase.runBare|junit.framework.TestResult$1.protect|junit.framework.TestResult.runProtected	269
HO-05__r6	FT	1	com.alibaba.json.bvt.issue_1600.Issue1679#test_for_issue	FAIL	junit.framework.ComparisonFailure	expected:<"2018-01-10T08:30:00[+08:00]"> but was:<"2018-01-10T08:30:00[Z]">	junit.framework.Assert.assertEquals|junit.framework.Assert.assertEquals|junit.framework.TestCase.assertEquals|com.alibaba.json.bvt.issue_1600.Issue1679.test_for_issue|sun.reflect.NativeMethodAccessorImpl.invoke0|sun.reflect.NativeMethodAccessorImpl.invoke|sun.reflect.DelegatingMethodAccessorImpl.invoke|java.lang.reflect.Method.invoke|junit.framework.TestCase.runTest|junit.framework.TestCase.runBare|junit.framework.TestResult$1.protect|junit.framework.TestResult.runProtected	261
HO-05__r7	FT	1	com.alibaba.json.bvt.issue_1600.Issue1679#test_for_issue	FAIL	junit.framework.ComparisonFailure	expected:<"2018-01-10T08:30:00[+08:00]"> but was:<"2018-01-10T08:30:00[Z]">	junit.framework.Assert.assertEquals|junit.framework.Assert.assertEquals|junit.framework.TestCase.assertEquals|com.alibaba.json.bvt.issue_1600.Issue1679.test_for_issue|sun.reflect.NativeMethodAccessorImpl.invoke0|sun.reflect.NativeMethodAccessorImpl.invoke|sun.reflect.DelegatingMethodAccessorImpl.invoke|java.lang.reflect.Method.invoke|junit.framework.TestCase.runTest|junit.framework.TestCase.runBare|junit.framework.TestResult$1.protect|junit.framework.TestResult.runProtected	245
HO-05__r8	FT	1	com.alibaba.json.bvt.issue_1600.Issue1679#test_for_issue	FAIL	junit.framework.ComparisonFailure	expected:<"2018-01-10T08:30:00[+08:00]"> but was:<"2018-01-10T08:30:00[Z]">	junit.framework.Assert.assertEquals|junit.framework.Assert.assertEquals|junit.framework.TestCase.assertEquals|com.alibaba.json.bvt.issue_1600.Issue1679.test_for_issue|sun.reflect.NativeMethodAccessorImpl.invoke0|sun.reflect.NativeMethodAccessorImpl.invoke|sun.reflect.DelegatingMethodAccessorImpl.invoke|java.lang.reflect.Method.invoke|junit.framework.TestCase.runTest|junit.framework.TestCase.runBare|junit.framework.TestResult$1.protect|junit.framework.TestResult.runProtected	243
HO-05__r9	FT	1	com.alibaba.json.bvt.issue_1600.Issue1679#test_for_issue	FAIL	junit.framework.ComparisonFailure	expected:<"2018-01-10T08:30:00[+08:00]"> but was:<"2018-01-10T08:30:00[Z]">	junit.framework.Assert.assertEquals|junit.framework.Assert.assertEquals|junit.framework.TestCase.assertEquals|com.alibaba.json.bvt.issue_1600.Issue1679.test_for_issue|sun.reflect.NativeMethodAccessorImpl.invoke0|sun.reflect.NativeMethodAccessorImpl.invoke|sun.reflect.DelegatingMethodAccessorImpl.invoke|java.lang.reflect.Method.invoke|junit.framework.TestCase.runTest|junit.framework.TestCase.runBare|junit.framework.TestResult$1.protect|junit.framework.TestResult.runProtected	252
HO-06__r0	FT	1	com.alibaba.json.bvt.issue_1700.Issue1769#test_for_issue	FAIL	junit.framework.ComparisonFailure	expected:<...eginTime":"152841225[11]1920"}> but was:<...eginTime":"152841225[03]1920"}>	junit.framework.Assert.assertEquals|junit.framework.Assert.assertEquals|junit.framework.TestCase.assertEquals|com.alibaba.json.bvt.issue_1700.Issue1769.test_for_issue|sun.reflect.NativeMethodAccessorImpl.invoke0|sun.reflect.NativeMethodAccessorImpl.invoke|sun.reflect.DelegatingMethodAccessorImpl.invoke|java.lang.reflect.Method.invoke|junit.framework.TestCase.runTest|junit.framework.TestCase.runBare|junit.framework.TestResult$1.protect|junit.framework.TestResult.runProtected	254
HO-06__r1	FT	1	com.alibaba.json.bvt.issue_1700.Issue1769#test_for_issue	FAIL	junit.framework.ComparisonFailure	expected:<...eginTime":"152841225[11]1920"}> but was:<...eginTime":"152841225[03]1920"}>	junit.framework.Assert.assertEquals|junit.framework.Assert.assertEquals|junit.framework.TestCase.assertEquals|com.alibaba.json.bvt.issue_1700.Issue1769.test_for_issue|sun.reflect.NativeMethodAccessorImpl.invoke0|sun.reflect.NativeMethodAccessorImpl.invoke|sun.reflect.DelegatingMethodAccessorImpl.invoke|java.lang.reflect.Method.invoke|junit.framework.TestCase.runTest|junit.framework.TestCase.runBare|junit.framework.TestResult$1.protect|junit.framework.TestResult.runProtected	292
HO-06__r2	FT	1	com.alibaba.json.bvt.issue_1700.Issue1769#test_for_issue	FAIL	junit.framework.ComparisonFailure	expected:<...eginTime":"152841225[11]1920"}> but was:<...eginTime":"152841225[03]1920"}>	junit.framework.Assert.assertEquals|junit.framework.Assert.assertEquals|junit.framework.TestCase.assertEquals|com.alibaba.json.bvt.issue_1700.Issue1769.test_for_issue|sun.reflect.NativeMethodAccessorImpl.invoke0|sun.reflect.NativeMethodAccessorImpl.invoke|sun.reflect.DelegatingMethodAccessorImpl.invoke|java.lang.reflect.Method.invoke|junit.framework.TestCase.runTest|junit.framework.TestCase.runBare|junit.framework.TestResult$1.protect|junit.framework.TestResult.runProtected	258
HO-06__r3	FT	1	com.alibaba.json.bvt.issue_1700.Issue1769#test_for_issue	FAIL	junit.framework.ComparisonFailure	expected:<...eginTime":"152841225[11]1920"}> but was:<...eginTime":"152841225[03]1920"}>	junit.framework.Assert.assertEquals|junit.framework.Assert.assertEquals|junit.framework.TestCase.assertEquals|com.alibaba.json.bvt.issue_1700.Issue1769.test_for_issue|sun.reflect.NativeMethodAccessorImpl.invoke0|sun.reflect.NativeMethodAccessorImpl.invoke|sun.reflect.DelegatingMethodAccessorImpl.invoke|java.lang.reflect.Method.invoke|junit.framework.TestCase.runTest|junit.framework.TestCase.runBare|junit.framework.TestResult$1.protect|junit.framework.TestResult.runProtected	295
HO-06__r4	FT	1	com.alibaba.json.bvt.issue_1700.Issue1769#test_for_issue	FAIL	junit.framework.ComparisonFailure	expected:<...eginTime":"152841225[11]1920"}> but was:<...eginTime":"152841225[03]1920"}>	junit.framework.Assert.assertEquals|junit.framework.Assert.assertEquals|junit.framework.TestCase.assertEquals|com.alibaba.json.bvt.issue_1700.Issue1769.test_for_issue|sun.reflect.NativeMethodAccessorImpl.invoke0|sun.reflect.NativeMethodAccessorImpl.invoke|sun.reflect.DelegatingMethodAccessorImpl.invoke|java.lang.reflect.Method.invoke|junit.framework.TestCase.runTest|junit.framework.TestCase.runBare|junit.framework.TestResult$1.protect|junit.framework.TestResult.runProtected	308
HO-06__r5	FT	1	com.alibaba.json.bvt.issue_1700.Issue1769#test_for_issue	FAIL	junit.framework.ComparisonFailure	expected:<...eginTime":"152841225[11]1920"}> but was:<...eginTime":"152841225[03]1920"}>	junit.framework.Assert.assertEquals|junit.framework.Assert.assertEquals|junit.framework.TestCase.assertEquals|com.alibaba.json.bvt.issue_1700.Issue1769.test_for_issue|sun.reflect.NativeMethodAccessorImpl.invoke0|sun.reflect.NativeMethodAccessorImpl.invoke|sun.reflect.DelegatingMethodAccessorImpl.invoke|java.lang.reflect.Method.invoke|junit.framework.TestCase.runTest|junit.framework.TestCase.runBare|junit.framework.TestResult$1.protect|junit.framework.TestResult.runProtected	276
HO-06__r6	FT	1	com.alibaba.json.bvt.issue_1700.Issue1769#test_for_issue	FAIL	junit.framework.ComparisonFailure	expected:<...eginTime":"152841225[11]1920"}> but was:<...eginTime":"152841225[03]1920"}>	junit.framework.Assert.assertEquals|junit.framework.Assert.assertEquals|junit.framework.TestCase.assertEquals|com.alibaba.json.bvt.issue_1700.Issue1769.test_for_issue|sun.reflect.NativeMethodAccessorImpl.invoke0|sun.reflect.NativeMethodAccessorImpl.invoke|sun.reflect.DelegatingMethodAccessorImpl.invoke|java.lang.reflect.Method.invoke|junit.framework.TestCase.runTest|junit.framework.TestCase.runBare|junit.framework.TestResult$1.protect|junit.framework.TestResult.runProtected	264
HO-06__r7	FT	1	com.alibaba.json.bvt.issue_1700.Issue1769#test_for_issue	FAIL	junit.framework.ComparisonFailure	expected:<...eginTime":"152841225[11]1920"}> but was:<...eginTime":"152841225[03]1920"}>	junit.framework.Assert.assertEquals|junit.framework.Assert.assertEquals|junit.framework.TestCase.assertEquals|com.alibaba.json.bvt.issue_1700.Issue1769.test_for_issue|sun.reflect.NativeMethodAccessorImpl.invoke0|sun.reflect.NativeMethodAccessorImpl.invoke|sun.reflect.DelegatingMethodAccessorImpl.invoke|java.lang.reflect.Method.invoke|junit.framework.TestCase.runTest|junit.framework.TestCase.runBare|junit.framework.TestResult$1.protect|junit.framework.TestResult.runProtected	259
HO-06__r8	FT	1	com.alibaba.json.bvt.issue_1700.Issue1769#test_for_issue	FAIL	junit.framework.ComparisonFailure	expected:<...eginTime":"152841225[11]1920"}> but was:<...eginTime":"152841225[03]1920"}>	junit.framework.Assert.assertEquals|junit.framework.Assert.assertEquals|junit.framework.TestCase.assertEquals|com.alibaba.json.bvt.issue_1700.Issue1769.test_for_issue|sun.reflect.NativeMethodAccessorImpl.invoke0|sun.reflect.NativeMethodAccessorImpl.invoke|sun.reflect.DelegatingMethodAccessorImpl.invoke|java.lang.reflect.Method.invoke|junit.framework.TestCase.runTest|junit.framework.TestCase.runBare|junit.framework.TestResult$1.protect|junit.framework.TestResult.runProtected	272
HO-06__r9	FT	1	com.alibaba.json.bvt.issue_1700.Issue1769#test_for_issue	FAIL	junit.framework.ComparisonFailure	expected:<...eginTime":"152841225[11]1920"}> but was:<...eginTime":"152841225[03]1920"}>	junit.framework.Assert.assertEquals|junit.framework.Assert.assertEquals|junit.framework.TestCase.assertEquals|com.alibaba.json.bvt.issue_1700.Issue1769.test_for_issue|sun.reflect.NativeMethodAccessorImpl.invoke0|sun.reflect.NativeMethodAccessorImpl.invoke|sun.reflect.DelegatingMethodAccessorImpl.invoke|java.lang.reflect.Method.invoke|junit.framework.TestCase.runTest|junit.framework.TestCase.runBare|junit.framework.TestResult$1.protect|junit.framework.TestResult.runProtected	260
HO-07__r0	FT	1	com.alibaba.json.bvt.issue_1900.Issue1977#test_for_issue	FAIL	junit.framework.ComparisonFailure	expected:<"2018-08-03T[10:58:39.604+08:00]"> but was:<"2018-08-03T[02:58:39.604Z]">	junit.framework.Assert.assertEquals|junit.framework.Assert.assertEquals|junit.framework.TestCase.assertEquals|com.alibaba.json.bvt.issue_1900.Issue1977.test_for_issue|sun.reflect.NativeMethodAccessorImpl.invoke0|sun.reflect.NativeMethodAccessorImpl.invoke|sun.reflect.DelegatingMethodAccessorImpl.invoke|java.lang.reflect.Method.invoke|junit.framework.TestCase.runTest|junit.framework.TestCase.runBare|junit.framework.TestResult$1.protect|junit.framework.TestResult.runProtected	206
HO-07__r1	FT	1	com.alibaba.json.bvt.issue_1900.Issue1977#test_for_issue	FAIL	junit.framework.ComparisonFailure	expected:<"2018-08-03T[10:58:39.604+08:00]"> but was:<"2018-08-03T[02:58:39.604Z]">	junit.framework.Assert.assertEquals|junit.framework.Assert.assertEquals|junit.framework.TestCase.assertEquals|com.alibaba.json.bvt.issue_1900.Issue1977.test_for_issue|sun.reflect.NativeMethodAccessorImpl.invoke0|sun.reflect.NativeMethodAccessorImpl.invoke|sun.reflect.DelegatingMethodAccessorImpl.invoke|java.lang.reflect.Method.invoke|junit.framework.TestCase.runTest|junit.framework.TestCase.runBare|junit.framework.TestResult$1.protect|junit.framework.TestResult.runProtected	211
HO-07__r2	FT	1	com.alibaba.json.bvt.issue_1900.Issue1977#test_for_issue	FAIL	junit.framework.ComparisonFailure	expected:<"2018-08-03T[10:58:39.604+08:00]"> but was:<"2018-08-03T[02:58:39.604Z]">	junit.framework.Assert.assertEquals|junit.framework.Assert.assertEquals|junit.framework.TestCase.assertEquals|com.alibaba.json.bvt.issue_1900.Issue1977.test_for_issue|sun.reflect.NativeMethodAccessorImpl.invoke0|sun.reflect.NativeMethodAccessorImpl.invoke|sun.reflect.DelegatingMethodAccessorImpl.invoke|java.lang.reflect.Method.invoke|junit.framework.TestCase.runTest|junit.framework.TestCase.runBare|junit.framework.TestResult$1.protect|junit.framework.TestResult.runProtected	197
HO-07__r3	FT	1	com.alibaba.json.bvt.issue_1900.Issue1977#test_for_issue	FAIL	junit.framework.ComparisonFailure	expected:<"2018-08-03T[10:58:39.604+08:00]"> but was:<"2018-08-03T[02:58:39.604Z]">	junit.framework.Assert.assertEquals|junit.framework.Assert.assertEquals|junit.framework.TestCase.assertEquals|com.alibaba.json.bvt.issue_1900.Issue1977.test_for_issue|sun.reflect.NativeMethodAccessorImpl.invoke0|sun.reflect.NativeMethodAccessorImpl.invoke|sun.reflect.DelegatingMethodAccessorImpl.invoke|java.lang.reflect.Method.invoke|junit.framework.TestCase.runTest|junit.framework.TestCase.runBare|junit.framework.TestResult$1.protect|junit.framework.TestResult.runProtected	201
HO-07__r4	FT	1	com.alibaba.json.bvt.issue_1900.Issue1977#test_for_issue	FAIL	junit.framework.ComparisonFailure	expected:<"2018-08-03T[10:58:39.604+08:00]"> but was:<"2018-08-03T[02:58:39.604Z]">	junit.framework.Assert.assertEquals|junit.framework.Assert.assertEquals|junit.framework.TestCase.assertEquals|com.alibaba.json.bvt.issue_1900.Issue1977.test_for_issue|sun.reflect.NativeMethodAccessorImpl.invoke0|sun.reflect.NativeMethodAccessorImpl.invoke|sun.reflect.DelegatingMethodAccessorImpl.invoke|java.lang.reflect.Method.invoke|junit.framework.TestCase.runTest|junit.framework.TestCase.runBare|junit.framework.TestResult$1.protect|junit.framework.TestResult.runProtected	211
HO-07__r5	FT	1	com.alibaba.json.bvt.issue_1900.Issue1977#test_for_issue	FAIL	junit.framework.ComparisonFailure	expected:<"2018-08-03T[10:58:39.604+08:00]"> but was:<"2018-08-03T[02:58:39.604Z]">	junit.framework.Assert.assertEquals|junit.framework.Assert.assertEquals|junit.framework.TestCase.assertEquals|com.alibaba.json.bvt.issue_1900.Issue1977.test_for_issue|sun.reflect.NativeMethodAccessorImpl.invoke0|sun.reflect.NativeMethodAccessorImpl.invoke|sun.reflect.DelegatingMethodAccessorImpl.invoke|java.lang.reflect.Method.invoke|junit.framework.TestCase.runTest|junit.framework.TestCase.runBare|junit.framework.TestResult$1.protect|junit.framework.TestResult.runProtected	192
HO-07__r6	FT	1	com.alibaba.json.bvt.issue_1900.Issue1977#test_for_issue	FAIL	junit.framework.ComparisonFailure	expected:<"2018-08-03T[10:58:39.604+08:00]"> but was:<"2018-08-03T[02:58:39.604Z]">	junit.framework.Assert.assertEquals|junit.framework.Assert.assertEquals|junit.framework.TestCase.assertEquals|com.alibaba.json.bvt.issue_1900.Issue1977.test_for_issue|sun.reflect.NativeMethodAccessorImpl.invoke0|sun.reflect.NativeMethodAccessorImpl.invoke|sun.reflect.DelegatingMethodAccessorImpl.invoke|java.lang.reflect.Method.invoke|junit.framework.TestCase.runTest|junit.framework.TestCase.runBare|junit.framework.TestResult$1.protect|junit.framework.TestResult.runProtected	193
HO-07__r7	FT	1	com.alibaba.json.bvt.issue_1900.Issue1977#test_for_issue	FAIL	junit.framework.ComparisonFailure	expected:<"2018-08-03T[10:58:39.604+08:00]"> but was:<"2018-08-03T[02:58:39.604Z]">	junit.framework.Assert.assertEquals|junit.framework.Assert.assertEquals|junit.framework.TestCase.assertEquals|com.alibaba.json.bvt.issue_1900.Issue1977.test_for_issue|sun.reflect.NativeMethodAccessorImpl.invoke0|sun.reflect.NativeMethodAccessorImpl.invoke|sun.reflect.DelegatingMethodAccessorImpl.invoke|java.lang.reflect.Method.invoke|junit.framework.TestCase.runTest|junit.framework.TestCase.runBare|junit.framework.TestResult$1.protect|junit.framework.TestResult.runProtected	185
HO-07__r8	FT	1	com.alibaba.json.bvt.issue_1900.Issue1977#test_for_issue	FAIL	junit.framework.ComparisonFailure	expected:<"2018-08-03T[10:58:39.604+08:00]"> but was:<"2018-08-03T[02:58:39.604Z]">	junit.framework.Assert.assertEquals|junit.framework.Assert.assertEquals|junit.framework.TestCase.assertEquals|com.alibaba.json.bvt.issue_1900.Issue1977.test_for_issue|sun.reflect.NativeMethodAccessorImpl.invoke0|sun.reflect.NativeMethodAccessorImpl.invoke|sun.reflect.DelegatingMethodAccessorImpl.invoke|java.lang.reflect.Method.invoke|junit.framework.TestCase.runTest|junit.framework.TestCase.runBare|junit.framework.TestResult$1.protect|junit.framework.TestResult.runProtected	214
HO-07__r9	FT	1	com.alibaba.json.bvt.issue_1900.Issue1977#test_for_issue	FAIL	junit.framework.ComparisonFailure	expected:<"2018-08-03T[10:58:39.604+08:00]"> but was:<"2018-08-03T[02:58:39.604Z]">	junit.framework.Assert.assertEquals|junit.framework.Assert.assertEquals|junit.framework.TestCase.assertEquals|com.alibaba.json.bvt.issue_1900.Issue1977.test_for_issue|sun.reflect.NativeMethodAccessorImpl.invoke0|sun.reflect.NativeMethodAccessorImpl.invoke|sun.reflect.DelegatingMethodAccessorImpl.invoke|java.lang.reflect.Method.invoke|junit.framework.TestCase.runTest|junit.framework.TestCase.runBare|junit.framework.TestResult$1.protect|junit.framework.TestResult.runProtected	197
HO-08__r0	FT	1	com.alibaba.json.bvt.parser.DefaultExtJSONParser_parseArray#test_8	FAIL	java.lang.AssertionError	expected:<Sun Jan 09 05:49:53 UTC 2011> but was:<Sun Jan 09 13:49:53 UTC 2011>	org.junit.Assert.fail|org.junit.Assert.failNotEquals|org.junit.Assert.assertEquals|org.junit.Assert.assertEquals|com.alibaba.json.bvt.parser.DefaultExtJSONParser_parseArray.test_8|sun.reflect.NativeMethodAccessorImpl.invoke0|sun.reflect.NativeMethodAccessorImpl.invoke|sun.reflect.DelegatingMethodAccessorImpl.invoke|java.lang.reflect.Method.invoke|junit.framework.TestCase.runTest|junit.framework.TestCase.runBare|junit.framework.TestResult$1.protect	232
HO-08__r1	FT	1	com.alibaba.json.bvt.parser.DefaultExtJSONParser_parseArray#test_8	FAIL	java.lang.AssertionError	expected:<Sun Jan 09 05:49:53 UTC 2011> but was:<Sun Jan 09 13:49:53 UTC 2011>	org.junit.Assert.fail|org.junit.Assert.failNotEquals|org.junit.Assert.assertEquals|org.junit.Assert.assertEquals|com.alibaba.json.bvt.parser.DefaultExtJSONParser_parseArray.test_8|sun.reflect.NativeMethodAccessorImpl.invoke0|sun.reflect.NativeMethodAccessorImpl.invoke|sun.reflect.DelegatingMethodAccessorImpl.invoke|java.lang.reflect.Method.invoke|junit.framework.TestCase.runTest|junit.framework.TestCase.runBare|junit.framework.TestResult$1.protect	216
HO-08__r2	FT	1	com.alibaba.json.bvt.parser.DefaultExtJSONParser_parseArray#test_8	FAIL	java.lang.AssertionError	expected:<Sun Jan 09 05:49:53 UTC 2011> but was:<Sun Jan 09 13:49:53 UTC 2011>	org.junit.Assert.fail|org.junit.Assert.failNotEquals|org.junit.Assert.assertEquals|org.junit.Assert.assertEquals|com.alibaba.json.bvt.parser.DefaultExtJSONParser_parseArray.test_8|sun.reflect.NativeMethodAccessorImpl.invoke0|sun.reflect.NativeMethodAccessorImpl.invoke|sun.reflect.DelegatingMethodAccessorImpl.invoke|java.lang.reflect.Method.invoke|junit.framework.TestCase.runTest|junit.framework.TestCase.runBare|junit.framework.TestResult$1.protect	232
HO-08__r3	FT	1	com.alibaba.json.bvt.parser.DefaultExtJSONParser_parseArray#test_8	FAIL	java.lang.AssertionError	expected:<Sun Jan 09 05:49:53 UTC 2011> but was:<Sun Jan 09 13:49:53 UTC 2011>	org.junit.Assert.fail|org.junit.Assert.failNotEquals|org.junit.Assert.assertEquals|org.junit.Assert.assertEquals|com.alibaba.json.bvt.parser.DefaultExtJSONParser_parseArray.test_8|sun.reflect.NativeMethodAccessorImpl.invoke0|sun.reflect.NativeMethodAccessorImpl.invoke|sun.reflect.DelegatingMethodAccessorImpl.invoke|java.lang.reflect.Method.invoke|junit.framework.TestCase.runTest|junit.framework.TestCase.runBare|junit.framework.TestResult$1.protect	225
HO-08__r4	FT	1	com.alibaba.json.bvt.parser.DefaultExtJSONParser_parseArray#test_8	FAIL	java.lang.AssertionError	expected:<Sun Jan 09 05:49:53 UTC 2011> but was:<Sun Jan 09 13:49:53 UTC 2011>	org.junit.Assert.fail|org.junit.Assert.failNotEquals|org.junit.Assert.assertEquals|org.junit.Assert.assertEquals|com.alibaba.json.bvt.parser.DefaultExtJSONParser_parseArray.test_8|sun.reflect.NativeMethodAccessorImpl.invoke0|sun.reflect.NativeMethodAccessorImpl.invoke|sun.reflect.DelegatingMethodAccessorImpl.invoke|java.lang.reflect.Method.invoke|junit.framework.TestCase.runTest|junit.framework.TestCase.runBare|junit.framework.TestResult$1.protect	229
HO-08__r5	FT	1	com.alibaba.json.bvt.parser.DefaultExtJSONParser_parseArray#test_8	FAIL	java.lang.AssertionError	expected:<Sun Jan 09 05:49:53 UTC 2011> but was:<Sun Jan 09 13:49:53 UTC 2011>	org.junit.Assert.fail|org.junit.Assert.failNotEquals|org.junit.Assert.assertEquals|org.junit.Assert.assertEquals|com.alibaba.json.bvt.parser.DefaultExtJSONParser_parseArray.test_8|sun.reflect.NativeMethodAccessorImpl.invoke0|sun.reflect.NativeMethodAccessorImpl.invoke|sun.reflect.DelegatingMethodAccessorImpl.invoke|java.lang.reflect.Method.invoke|junit.framework.TestCase.runTest|junit.framework.TestCase.runBare|junit.framework.TestResult$1.protect	222
HO-08__r6	FT	1	com.alibaba.json.bvt.parser.DefaultExtJSONParser_parseArray#test_8	FAIL	java.lang.AssertionError	expected:<Sun Jan 09 05:49:53 UTC 2011> but was:<Sun Jan 09 13:49:53 UTC 2011>	org.junit.Assert.fail|org.junit.Assert.failNotEquals|org.junit.Assert.assertEquals|org.junit.Assert.assertEquals|com.alibaba.json.bvt.parser.DefaultExtJSONParser_parseArray.test_8|sun.reflect.NativeMethodAccessorImpl.invoke0|sun.reflect.NativeMethodAccessorImpl.invoke|sun.reflect.DelegatingMethodAccessorImpl.invoke|java.lang.reflect.Method.invoke|junit.framework.TestCase.runTest|junit.framework.TestCase.runBare|junit.framework.TestResult$1.protect	262
HO-08__r7	FT	1	com.alibaba.json.bvt.parser.DefaultExtJSONParser_parseArray#test_8	FAIL	java.lang.AssertionError	expected:<Sun Jan 09 05:49:53 UTC 2011> but was:<Sun Jan 09 13:49:53 UTC 2011>	org.junit.Assert.fail|org.junit.Assert.failNotEquals|org.junit.Assert.assertEquals|org.junit.Assert.assertEquals|com.alibaba.json.bvt.parser.DefaultExtJSONParser_parseArray.test_8|sun.reflect.NativeMethodAccessorImpl.invoke0|sun.reflect.NativeMethodAccessorImpl.invoke|sun.reflect.DelegatingMethodAccessorImpl.invoke|java.lang.reflect.Method.invoke|junit.framework.TestCase.runTest|junit.framework.TestCase.runBare|junit.framework.TestResult$1.protect	253
HO-08__r8	FT	1	com.alibaba.json.bvt.parser.DefaultExtJSONParser_parseArray#test_8	FAIL	java.lang.AssertionError	expected:<Sun Jan 09 05:49:53 UTC 2011> but was:<Sun Jan 09 13:49:53 UTC 2011>	org.junit.Assert.fail|org.junit.Assert.failNotEquals|org.junit.Assert.assertEquals|org.junit.Assert.assertEquals|com.alibaba.json.bvt.parser.DefaultExtJSONParser_parseArray.test_8|sun.reflect.NativeMethodAccessorImpl.invoke0|sun.reflect.NativeMethodAccessorImpl.invoke|sun.reflect.DelegatingMethodAccessorImpl.invoke|java.lang.reflect.Method.invoke|junit.framework.TestCase.runTest|junit.framework.TestCase.runBare|junit.framework.TestResult$1.protect	265
HO-08__r9	FT	1	com.alibaba.json.bvt.parser.DefaultExtJSONParser_parseArray#test_8	FAIL	java.lang.AssertionError	expected:<Sun Jan 09 05:49:53 UTC 2011> but was:<Sun Jan 09 13:49:53 UTC 2011>	org.junit.Assert.fail|org.junit.Assert.failNotEquals|org.junit.Assert.assertEquals|org.junit.Assert.assertEquals|com.alibaba.json.bvt.parser.DefaultExtJSONParser_parseArray.test_8|sun.reflect.NativeMethodAccessorImpl.invoke0|sun.reflect.NativeMethodAccessorImpl.invoke|sun.reflect.DelegatingMethodAccessorImpl.invoke|java.lang.reflect.Method.invoke|junit.framework.TestCase.runTest|junit.framework.TestCase.runBare|junit.framework.TestResult$1.protect	259
HO-09__r0	FT	1	com.alibaba.json.bvt.serializer.JSONFieldTest5#test_jsonField	PASS				287
HO-09__r1	FT	1	com.alibaba.json.bvt.serializer.JSONFieldTest5#test_jsonField	PASS				270
HO-09__r2	FT	1	com.alibaba.json.bvt.serializer.JSONFieldTest5#test_jsonField	PASS				289
HO-09__r3	FT	1	com.alibaba.json.bvt.serializer.JSONFieldTest5#test_jsonField	PASS				271
HO-09__r4	FT	1	com.alibaba.json.bvt.serializer.JSONFieldTest5#test_jsonField	PASS				-857
HO-09__r5	FT	1	com.alibaba.json.bvt.serializer.JSONFieldTest5#test_jsonField	PASS				304
HO-09__r6	FT	1	com.alibaba.json.bvt.serializer.JSONFieldTest5#test_jsonField	PASS				297
HO-09__r7	FT	1	com.alibaba.json.bvt.serializer.JSONFieldTest5#test_jsonField	PASS				267
HO-09__r8	FT	1	com.alibaba.json.bvt.serializer.JSONFieldTest5#test_jsonField	PASS				298
HO-09__r9	FT	1	com.alibaba.json.bvt.serializer.JSONFieldTest5#test_jsonField	PASS				285
HO-10__r0	FT	1	com.alibaba.json.bvt.serializer.date.DateTest4_indian#test_date	FAIL	junit.framework.AssertionFailedError	expected:<17100000> but was:<45900000>	junit.framework.Assert.fail|junit.framework.Assert.failNotEquals|junit.framework.Assert.assertEquals|junit.framework.Assert.assertEquals|junit.framework.Assert.assertEquals|junit.framework.TestCase.assertEquals|com.alibaba.json.bvt.serializer.date.DateTest4_indian.test_date|sun.reflect.NativeMethodAccessorImpl.invoke0|sun.reflect.NativeMethodAccessorImpl.invoke|sun.reflect.DelegatingMethodAccessorImpl.invoke|java.lang.reflect.Method.invoke|junit.framework.TestCase.runTest	301
HO-10__r1	FT	1	com.alibaba.json.bvt.serializer.date.DateTest4_indian#test_date	FAIL	junit.framework.AssertionFailedError	expected:<17100000> but was:<45900000>	junit.framework.Assert.fail|junit.framework.Assert.failNotEquals|junit.framework.Assert.assertEquals|junit.framework.Assert.assertEquals|junit.framework.Assert.assertEquals|junit.framework.TestCase.assertEquals|com.alibaba.json.bvt.serializer.date.DateTest4_indian.test_date|sun.reflect.NativeMethodAccessorImpl.invoke0|sun.reflect.NativeMethodAccessorImpl.invoke|sun.reflect.DelegatingMethodAccessorImpl.invoke|java.lang.reflect.Method.invoke|junit.framework.TestCase.runTest	309
HO-10__r2	FT	1	com.alibaba.json.bvt.serializer.date.DateTest4_indian#test_date	FAIL	junit.framework.AssertionFailedError	expected:<17100000> but was:<45900000>	junit.framework.Assert.fail|junit.framework.Assert.failNotEquals|junit.framework.Assert.assertEquals|junit.framework.Assert.assertEquals|junit.framework.Assert.assertEquals|junit.framework.TestCase.assertEquals|com.alibaba.json.bvt.serializer.date.DateTest4_indian.test_date|sun.reflect.NativeMethodAccessorImpl.invoke0|sun.reflect.NativeMethodAccessorImpl.invoke|sun.reflect.DelegatingMethodAccessorImpl.invoke|java.lang.reflect.Method.invoke|junit.framework.TestCase.runTest	295
HO-10__r3	FT	1	com.alibaba.json.bvt.serializer.date.DateTest4_indian#test_date	FAIL	junit.framework.AssertionFailedError	expected:<17100000> but was:<45900000>	junit.framework.Assert.fail|junit.framework.Assert.failNotEquals|junit.framework.Assert.assertEquals|junit.framework.Assert.assertEquals|junit.framework.Assert.assertEquals|junit.framework.TestCase.assertEquals|com.alibaba.json.bvt.serializer.date.DateTest4_indian.test_date|sun.reflect.NativeMethodAccessorImpl.invoke0|sun.reflect.NativeMethodAccessorImpl.invoke|sun.reflect.DelegatingMethodAccessorImpl.invoke|java.lang.reflect.Method.invoke|junit.framework.TestCase.runTest	307
HO-10__r4	FT	1	com.alibaba.json.bvt.serializer.date.DateTest4_indian#test_date	FAIL	junit.framework.AssertionFailedError	expected:<17100000> but was:<45900000>	junit.framework.Assert.fail|junit.framework.Assert.failNotEquals|junit.framework.Assert.assertEquals|junit.framework.Assert.assertEquals|junit.framework.Assert.assertEquals|junit.framework.TestCase.assertEquals|com.alibaba.json.bvt.serializer.date.DateTest4_indian.test_date|sun.reflect.NativeMethodAccessorImpl.invoke0|sun.reflect.NativeMethodAccessorImpl.invoke|sun.reflect.DelegatingMethodAccessorImpl.invoke|java.lang.reflect.Method.invoke|junit.framework.TestCase.runTest	294
HO-10__r5	FT	1	com.alibaba.json.bvt.serializer.date.DateTest4_indian#test_date	FAIL	junit.framework.AssertionFailedError	expected:<17100000> but was:<45900000>	junit.framework.Assert.fail|junit.framework.Assert.failNotEquals|junit.framework.Assert.assertEquals|junit.framework.Assert.assertEquals|junit.framework.Assert.assertEquals|junit.framework.TestCase.assertEquals|com.alibaba.json.bvt.serializer.date.DateTest4_indian.test_date|sun.reflect.NativeMethodAccessorImpl.invoke0|sun.reflect.NativeMethodAccessorImpl.invoke|sun.reflect.DelegatingMethodAccessorImpl.invoke|java.lang.reflect.Method.invoke|junit.framework.TestCase.runTest	313
HO-10__r6	FT	1	com.alibaba.json.bvt.serializer.date.DateTest4_indian#test_date	FAIL	junit.framework.AssertionFailedError	expected:<17100000> but was:<45900000>	junit.framework.Assert.fail|junit.framework.Assert.failNotEquals|junit.framework.Assert.assertEquals|junit.framework.Assert.assertEquals|junit.framework.Assert.assertEquals|junit.framework.TestCase.assertEquals|com.alibaba.json.bvt.serializer.date.DateTest4_indian.test_date|sun.reflect.NativeMethodAccessorImpl.invoke0|sun.reflect.NativeMethodAccessorImpl.invoke|sun.reflect.DelegatingMethodAccessorImpl.invoke|java.lang.reflect.Method.invoke|junit.framework.TestCase.runTest	299
HO-10__r7	FT	1	com.alibaba.json.bvt.serializer.date.DateTest4_indian#test_date	FAIL	junit.framework.AssertionFailedError	expected:<17100000> but was:<45900000>	junit.framework.Assert.fail|junit.framework.Assert.failNotEquals|junit.framework.Assert.assertEquals|junit.framework.Assert.assertEquals|junit.framework.Assert.assertEquals|junit.framework.TestCase.assertEquals|com.alibaba.json.bvt.serializer.date.DateTest4_indian.test_date|sun.reflect.NativeMethodAccessorImpl.invoke0|sun.reflect.NativeMethodAccessorImpl.invoke|sun.reflect.DelegatingMethodAccessorImpl.invoke|java.lang.reflect.Method.invoke|junit.framework.TestCase.runTest	284
HO-10__r8	FT	1	com.alibaba.json.bvt.serializer.date.DateTest4_indian#test_date	FAIL	junit.framework.AssertionFailedError	expected:<17100000> but was:<45900000>	junit.framework.Assert.fail|junit.framework.Assert.failNotEquals|junit.framework.Assert.assertEquals|junit.framework.Assert.assertEquals|junit.framework.Assert.assertEquals|junit.framework.TestCase.assertEquals|com.alibaba.json.bvt.serializer.date.DateTest4_indian.test_date|sun.reflect.NativeMethodAccessorImpl.invoke0|sun.reflect.NativeMethodAccessorImpl.invoke|sun.reflect.DelegatingMethodAccessorImpl.invoke|java.lang.reflect.Method.invoke|junit.framework.TestCase.runTest	298
HO-10__r9	FT	1	com.alibaba.json.bvt.serializer.date.DateTest4_indian#test_date	FAIL	junit.framework.AssertionFailedError	expected:<17100000> but was:<45900000>	junit.framework.Assert.fail|junit.framework.Assert.failNotEquals|junit.framework.Assert.assertEquals|junit.framework.Assert.assertEquals|junit.framework.Assert.assertEquals|junit.framework.TestCase.assertEquals|com.alibaba.json.bvt.serializer.date.DateTest4_indian.test_date|sun.reflect.NativeMethodAccessorImpl.invoke0|sun.reflect.NativeMethodAccessorImpl.invoke|sun.reflect.DelegatingMethodAccessorImpl.invoke|java.lang.reflect.Method.invoke|junit.framework.TestCase.runTest	294
HO-11__r0	FT	1	com.alibaba.json.bvt.serializer.date.DateTest5_iso8601#test_date	FAIL	junit.framework.AssertionFailedError	expected:<83419000> but was:<54619000>	junit.framework.Assert.fail|junit.framework.Assert.failNotEquals|junit.framework.Assert.assertEquals|junit.framework.Assert.assertEquals|junit.framework.Assert.assertEquals|junit.framework.TestCase.assertEquals|com.alibaba.json.bvt.serializer.date.DateTest5_iso8601.test_date|sun.reflect.NativeMethodAccessorImpl.invoke0|sun.reflect.NativeMethodAccessorImpl.invoke|sun.reflect.DelegatingMethodAccessorImpl.invoke|java.lang.reflect.Method.invoke|junit.framework.TestCase.runTest	307
HO-11__r1	FT	1	com.alibaba.json.bvt.serializer.date.DateTest5_iso8601#test_date	FAIL	junit.framework.AssertionFailedError	expected:<83419000> but was:<54619000>	junit.framework.Assert.fail|junit.framework.Assert.failNotEquals|junit.framework.Assert.assertEquals|junit.framework.Assert.assertEquals|junit.framework.Assert.assertEquals|junit.framework.TestCase.assertEquals|com.alibaba.json.bvt.serializer.date.DateTest5_iso8601.test_date|sun.reflect.NativeMethodAccessorImpl.invoke0|sun.reflect.NativeMethodAccessorImpl.invoke|sun.reflect.DelegatingMethodAccessorImpl.invoke|java.lang.reflect.Method.invoke|junit.framework.TestCase.runTest	320
HO-11__r2	FT	1	com.alibaba.json.bvt.serializer.date.DateTest5_iso8601#test_date	FAIL	junit.framework.AssertionFailedError	expected:<83419000> but was:<54619000>	junit.framework.Assert.fail|junit.framework.Assert.failNotEquals|junit.framework.Assert.assertEquals|junit.framework.Assert.assertEquals|junit.framework.Assert.assertEquals|junit.framework.TestCase.assertEquals|com.alibaba.json.bvt.serializer.date.DateTest5_iso8601.test_date|sun.reflect.NativeMethodAccessorImpl.invoke0|sun.reflect.NativeMethodAccessorImpl.invoke|sun.reflect.DelegatingMethodAccessorImpl.invoke|java.lang.reflect.Method.invoke|junit.framework.TestCase.runTest	268
HO-11__r3	FT	1	com.alibaba.json.bvt.serializer.date.DateTest5_iso8601#test_date	FAIL	junit.framework.AssertionFailedError	expected:<83419000> but was:<54619000>	junit.framework.Assert.fail|junit.framework.Assert.failNotEquals|junit.framework.Assert.assertEquals|junit.framework.Assert.assertEquals|junit.framework.Assert.assertEquals|junit.framework.TestCase.assertEquals|com.alibaba.json.bvt.serializer.date.DateTest5_iso8601.test_date|sun.reflect.NativeMethodAccessorImpl.invoke0|sun.reflect.NativeMethodAccessorImpl.invoke|sun.reflect.DelegatingMethodAccessorImpl.invoke|java.lang.reflect.Method.invoke|junit.framework.TestCase.runTest	271
HO-11__r4	FT	1	com.alibaba.json.bvt.serializer.date.DateTest5_iso8601#test_date	FAIL	junit.framework.AssertionFailedError	expected:<83419000> but was:<54619000>	junit.framework.Assert.fail|junit.framework.Assert.failNotEquals|junit.framework.Assert.assertEquals|junit.framework.Assert.assertEquals|junit.framework.Assert.assertEquals|junit.framework.TestCase.assertEquals|com.alibaba.json.bvt.serializer.date.DateTest5_iso8601.test_date|sun.reflect.NativeMethodAccessorImpl.invoke0|sun.reflect.NativeMethodAccessorImpl.invoke|sun.reflect.DelegatingMethodAccessorImpl.invoke|java.lang.reflect.Method.invoke|junit.framework.TestCase.runTest	260
HO-11__r5	FT	1	com.alibaba.json.bvt.serializer.date.DateTest5_iso8601#test_date	FAIL	junit.framework.AssertionFailedError	expected:<83419000> but was:<54619000>	junit.framework.Assert.fail|junit.framework.Assert.failNotEquals|junit.framework.Assert.assertEquals|junit.framework.Assert.assertEquals|junit.framework.Assert.assertEquals|junit.framework.TestCase.assertEquals|com.alibaba.json.bvt.serializer.date.DateTest5_iso8601.test_date|sun.reflect.NativeMethodAccessorImpl.invoke0|sun.reflect.NativeMethodAccessorImpl.invoke|sun.reflect.DelegatingMethodAccessorImpl.invoke|java.lang.reflect.Method.invoke|junit.framework.TestCase.runTest	266
HO-11__r6	FT	1	com.alibaba.json.bvt.serializer.date.DateTest5_iso8601#test_date	FAIL	junit.framework.AssertionFailedError	expected:<83419000> but was:<54619000>	junit.framework.Assert.fail|junit.framework.Assert.failNotEquals|junit.framework.Assert.assertEquals|junit.framework.Assert.assertEquals|junit.framework.Assert.assertEquals|junit.framework.TestCase.assertEquals|com.alibaba.json.bvt.serializer.date.DateTest5_iso8601.test_date|sun.reflect.NativeMethodAccessorImpl.invoke0|sun.reflect.NativeMethodAccessorImpl.invoke|sun.reflect.DelegatingMethodAccessorImpl.invoke|java.lang.reflect.Method.invoke|junit.framework.TestCase.runTest	263
HO-11__r7	FT	1	com.alibaba.json.bvt.serializer.date.DateTest5_iso8601#test_date	FAIL	junit.framework.AssertionFailedError	expected:<83419000> but was:<54619000>	junit.framework.Assert.fail|junit.framework.Assert.failNotEquals|junit.framework.Assert.assertEquals|junit.framework.Assert.assertEquals|junit.framework.Assert.assertEquals|junit.framework.TestCase.assertEquals|com.alibaba.json.bvt.serializer.date.DateTest5_iso8601.test_date|sun.reflect.NativeMethodAccessorImpl.invoke0|sun.reflect.NativeMethodAccessorImpl.invoke|sun.reflect.DelegatingMethodAccessorImpl.invoke|java.lang.reflect.Method.invoke|junit.framework.TestCase.runTest	263
HO-11__r8	FT	1	com.alibaba.json.bvt.serializer.date.DateTest5_iso8601#test_date	FAIL	junit.framework.AssertionFailedError	expected:<83419000> but was:<54619000>	junit.framework.Assert.fail|junit.framework.Assert.failNotEquals|junit.framework.Assert.assertEquals|junit.framework.Assert.assertEquals|junit.framework.Assert.assertEquals|junit.framework.TestCase.assertEquals|com.alibaba.json.bvt.serializer.date.DateTest5_iso8601.test_date|sun.reflect.NativeMethodAccessorImpl.invoke0|sun.reflect.NativeMethodAccessorImpl.invoke|sun.reflect.DelegatingMethodAccessorImpl.invoke|java.lang.reflect.Method.invoke|junit.framework.TestCase.runTest	266
HO-11__r9	FT	1	com.alibaba.json.bvt.serializer.date.DateTest5_iso8601#test_date	FAIL	junit.framework.AssertionFailedError	expected:<83419000> but was:<54619000>	junit.framework.Assert.fail|junit.framework.Assert.failNotEquals|junit.framework.Assert.assertEquals|junit.framework.Assert.assertEquals|junit.framework.Assert.assertEquals|junit.framework.TestCase.assertEquals|com.alibaba.json.bvt.serializer.date.DateTest5_iso8601.test_date|sun.reflect.NativeMethodAccessorImpl.invoke0|sun.reflect.NativeMethodAccessorImpl.invoke|sun.reflect.DelegatingMethodAccessorImpl.invoke|java.lang.reflect.Method.invoke|junit.framework.TestCase.runTest	247
