JI-04__rp0	FTSETUP	com.jsoniter.suite.StreamingTests.setup	OK
JI-04__rp0	FT	1	com.jsoniter.extra.TestNamingStrategy#test	PASS				48
JI-04__rp0	FT	2	com.jsoniter.output.TestObject#test_transient_field_getter	FAIL	junit.framework.ComparisonFailure	expected:<{[]}> but was:<{["hello":0]}>	junit.framework.Assert.assertEquals|junit.framework.Assert.assertEquals|junit.framework.TestCase.assertEquals|com.jsoniter.output.TestObject.test_transient_field_getter|sun.reflect.NativeMethodAccessorImpl.invoke0|sun.reflect.NativeMethodAccessorImpl.invoke|sun.reflect.DelegatingMethodAccessorImpl.invoke|java.lang.reflect.Method.invoke|junit.framework.TestCase.runTest|junit.framework.TestCase.runBare|junit.framework.TestResult$1.protect|junit.framework.TestResult.runProtected	6
JI-04__rp1	FTSETUP	com.jsoniter.suite.StreamingTests.setup	OK
JI-04__rp1	FT	1	com.jsoniter.extra.TestNamingStrategy#test	PASS				44
JI-04__rp1	FT	2	com.jsoniter.output.TestObject#test_transient_field_getter	FAIL	junit.framework.ComparisonFailure	expected:<{[]}> but was:<{["hello":0]}>	junit.framework.Assert.assertEquals|junit.framework.Assert.assertEquals|junit.framework.TestCase.assertEquals|com.jsoniter.output.TestObject.test_transient_field_getter|sun.reflect.NativeMethodAccessorImpl.invoke0|sun.reflect.NativeMethodAccessorImpl.invoke|sun.reflect.DelegatingMethodAccessorImpl.invoke|java.lang.reflect.Method.invoke|junit.framework.TestCase.runTest|junit.framework.TestCase.runBare|junit.framework.TestResult$1.protect|junit.framework.TestResult.runProtected	6
JI-04__rp2	FTSETUP	com.jsoniter.suite.StreamingTests.setup	OK
JI-04__rp2	FT	1	com.jsoniter.extra.TestNamingStrategy#test	PASS				48
JI-04__rp2	FT	2	com.jsoniter.output.TestObject#test_transient_field_getter	FAIL	junit.framework.ComparisonFailure	expected:<{[]}> but was:<{["hello":0]}>	junit.framework.Assert.assertEquals|junit.framework.Assert.assertEquals|junit.framework.TestCase.assertEquals|com.jsoniter.output.TestObject.test_transient_field_getter|sun.reflect.NativeMethodAccessorImpl.invoke0|sun.reflect.NativeMethodAccessorImpl.invoke|sun.reflect.DelegatingMethodAccessorImpl.invoke|java.lang.reflect.Method.invoke|junit.framework.TestCase.runTest|junit.framework.TestCase.runBare|junit.framework.TestResult$1.protect|junit.framework.TestResult.runProtected	5
JI-04__rp3	FTSETUP	com.jsoniter.suite.StreamingTests.setup	OK
JI-04__rp3	FT	1	com.jsoniter.extra.TestNamingStrategy#test	PASS				46
JI-04__rp3	FT	2	com.jsoniter.output.TestObject#test_transient_field_getter	FAIL	junit.framework.ComparisonFailure	expected:<{[]}> but was:<{["hello":0]}>	junit.framework.Assert.assertEquals|junit.framework.Assert.assertEquals|junit.framework.TestCase.assertEquals|com.jsoniter.output.TestObject.test_transient_field_getter|sun.reflect.NativeMethodAccessorImpl.invoke0|sun.reflect.NativeMethodAccessorImpl.invoke|sun.reflect.DelegatingMethodAccessorImpl.invoke|java.lang.reflect.Method.invoke|junit.framework.TestCase.runTest|junit.framework.TestCase.runBare|junit.framework.TestResult$1.protect|junit.framework.TestResult.runProtected	7
JI-04__rp4	FTSETUP	com.jsoniter.suite.StreamingTests.setup	OK
JI-04__rp4	FT	1	com.jsoniter.extra.TestNamingStrategy#test	PASS				50
JI-04__rp4	FT	2	com.jsoniter.output.TestObject#test_transient_field_getter	FAIL	junit.framework.ComparisonFailure	expected:<{[]}> but was:<{["hello":0]}>	junit.framework.Assert.assertEquals|junit.framework.Assert.assertEquals|junit.framework.TestCase.assertEquals|com.jsoniter.output.TestObject.test_transient_field_getter|sun.reflect.NativeMethodAccessorImpl.invoke0|sun.reflect.NativeMethodAccessorImpl.invoke|sun.reflect.DelegatingMethodAccessorImpl.invoke|java.lang.reflect.Method.invoke|junit.framework.TestCase.runTest|junit.framework.TestCase.runBare|junit.framework.TestResult$1.protect|junit.framework.TestResult.runProtected	6
JI-04__rp5	FTSETUP	com.jsoniter.suite.StreamingTests.setup	OK
JI-04__rp5	FT	1	com.jsoniter.extra.TestNamingStrategy#test	PASS				48
JI-04__rp5	FT	2	com.jsoniter.output.TestObject#test_transient_field_getter	FAIL	junit.framework.ComparisonFailure	expected:<{[]}> but was:<{["hello":0]}>	junit.framework.Assert.assertEquals|junit.framework.Assert.assertEquals|junit.framework.TestCase.assertEquals|com.jsoniter.output.TestObject.test_transient_field_getter|sun.reflect.NativeMethodAccessorImpl.invoke0|sun.reflect.NativeMethodAccessorImpl.invoke|sun.reflect.DelegatingMethodAccessorImpl.invoke|java.lang.reflect.Method.invoke|junit.framework.TestCase.runTest|junit.framework.TestCase.runBare|junit.framework.TestResult$1.protect|junit.framework.TestResult.runProtected	6
JI-04__rp6	FTSETUP	com.jsoniter.suite.StreamingTests.setup	OK
JI-04__rp6	FT	1	com.jsoniter.extra.TestNamingStrategy#test	PASS				43
JI-04__rp6	FT	2	com.jsoniter.output.TestObject#test_transient_field_getter	FAIL	junit.framework.ComparisonFailure	expected:<{[]}> but was:<{["hello":0]}>	junit.framework.Assert.assertEquals|junit.framework.Assert.assertEquals|junit.framework.TestCase.assertEquals|com.jsoniter.output.TestObject.test_transient_field_getter|sun.reflect.NativeMethodAccessorImpl.invoke0|sun.reflect.NativeMethodAccessorImpl.invoke|sun.reflect.DelegatingMethodAccessorImpl.invoke|java.lang.reflect.Method.invoke|junit.framework.TestCase.runTest|junit.framework.TestCase.runBare|junit.framework.TestResult$1.protect|junit.framework.TestResult.runProtected	5
JI-04__rp7	FTSETUP	com.jsoniter.suite.StreamingTests.setup	OK
JI-04__rp7	FT	1	com.jsoniter.extra.TestNamingStrategy#test	PASS				45
JI-04__rp7	FT	2	com.jsoniter.output.TestObject#test_transient_field_getter	FAIL	junit.framework.ComparisonFailure	expected:<{[]}> but was:<{["hello":0]}>	junit.framework.Assert.assertEquals|junit.framework.Assert.assertEquals|junit.framework.TestCase.assertEquals|com.jsoniter.output.TestObject.test_transient_field_getter|sun.reflect.NativeMethodAccessorImpl.invoke0|sun.reflect.NativeMethodAccessorImpl.invoke|sun.reflect.DelegatingMethodAccessorImpl.invoke|java.lang.reflect.Method.invoke|junit.framework.TestCase.runTest|junit.framework.TestCase.runBare|junit.framework.TestResult$1.protect|junit.framework.TestResult.runProtected	5
JI-04__rp8	FTSETUP	com.jsoniter.suite.StreamingTests.setup	OK
JI-04__rp8	FT	1	com.jsoniter.extra.TestNamingStrategy#test	PASS				43
JI-04__rp8	FT	2	com.jsoniter.output.TestObject#test_transient_field_getter	FAIL	junit.framework.ComparisonFailure	expected:<{[]}> but was:<{["hello":0]}>	junit.framework.Assert.assertEquals|junit.framework.Assert.assertEquals|junit.framework.TestCase.assertEquals|com.jsoniter.output.TestObject.test_transient_field_getter|sun.reflect.NativeMethodAccessorImpl.invoke0|sun.reflect.NativeMethodAccessorImpl.invoke|sun.reflect.DelegatingMethodAccessorImpl.invoke|java.lang.reflect.Method.invoke|junit.framework.TestCase.runTest|junit.framework.TestCase.runBare|junit.framework.TestResult$1.protect|junit.framework.TestResult.runProtected	6
JI-04__rp9	FTSETUP	com.jsoniter.suite.StreamingTests.setup	OK
JI-04__rp9	FT	1	com.jsoniter.extra.TestNamingStrategy#test	PASS				52
JI-04__rp9	FT	2	com.jsoniter.output.TestObject#test_transient_field_getter	FAIL	junit.framework.ComparisonFailure	expected:<{[]}> but was:<{["hello":0]}>	junit.framework.Assert.assertEquals|junit.framework.Assert.assertEquals|junit.framework.TestCase.assertEquals|com.jsoniter.output.TestObject.test_transient_field_getter|sun.reflect.NativeMethodAccessorImpl.invoke0|sun.reflect.NativeMethodAccessorImpl.invoke|sun.reflect.DelegatingMethodAccessorImpl.invoke|java.lang.reflect.Method.invoke|junit.framework.TestCase.runTest|junit.framework.TestCase.runBare|junit.framework.TestResult$1.protect|junit.framework.TestResult.runProtected	5
