HO-11__rp0	FT	1	com.alibaba.json.bvt.serializer.date.DateTest#test_0	PASS				218
HO-11__rp0	FT	2	com.alibaba.json.bvt.serializer.date.DateTest5_iso8601#test_date	PASS				104
HO-11__rp1	FT	1	com.alibaba.json.bvt.serializer.date.DateTest#test_0	PASS				225
HO-11__rp1	FT	2	com.alibaba.json.bvt.serializer.date.DateTest5_iso8601#test_date	PASS				112
HO-11__rp2	FT	1	com.alibaba.json.bvt.serializer.date.DateTest#test_0	PASS				224
HO-11__rp2	FT	2	com.alibaba.json.bvt.serializer.date.DateTest5_iso8601#test_date	PASS				98
HO-11__rp3	FT	1	com.alibaba.json.bvt.serializer.date.DateTest#test_0	PASS				218
HO-11__rp3	FT	2	com.alibaba.json.bvt.serializer.date.DateTest5_iso8601#test_date	PASS				112
HO-11__rp4	FT	1	com.alibaba.json.bvt.serializer.date.DateTest#test_0	PASS				221
HO-11__rp4	FT	2	com.alibaba.json.bvt.serializer.date.DateTest5_iso8601#test_date	PASS				107
HO-11__rp5	FT	1	com.alibaba.json.bvt.serializer.date.DateTest#test_0	PASS				241
HO-11__rp5	FT	2	com.alibaba.json.bvt.serializer.date.DateTest5_iso8601#test_date	PASS				106
HO-11__rp6	FT	1	com.alibaba.json.bvt.serializer.date.DateTest#test_0	PASS				218
HO-11__rp6	FT	2	com.alibaba.json.bvt.serializer.date.DateTest5_iso8601#test_date	PASS				110
HO-11__rp7	FT	1	com.alibaba.json.bvt.serializer.date.DateTest#test_0	PASS				219
HO-11__rp7	FT	2	com.alibaba.json.bvt.serializer.date.DateTest5_iso8601#test_date	PASS				118
HO-11__rp8	FT	1	com.alibaba.json.bvt.serializer.date.DateTest#test_0	PASS				241
HO-11__rp8	FT	2	com.alibaba.json.bvt.serializer.date.DateTest5_iso8601#test_date	PASS				108
HO-11__rp9	FT	1	com.alibaba.json.bvt.serializer.date.DateTest#test_0	PASS				214
HO-11__rp9	FT	2	com.alibaba.json.bvt.serializer.date.DateTest5_iso8601#test_date	PASS				100
