OR-02__rp0	FT	1	com.j256.ormlite.logger.LoggerFactoryTest#testSetLogFactory	PASS				140
OR-02__rp0	FT	2	com.j256.ormlite.misc.TransactionManagerTest#testConnectionLeakCreateList	FAIL	java.lang.AssertionError	\n  Unexpected method call LogBackend.isLevelEnabled(DEBUG):	org.easymock.internal.MockInvocationHandler.invoke|org.easymock.internal.ObjectMethodsFilter.invoke|com.sun.proxy.$Proxy4.isLevelEnabled|com.j256.ormlite.logger.Logger.logIfEnabled|com.j256.ormlite.logger.Logger.debug|com.j256.ormlite.dao.DaoManager.createDao|com.j256.ormlite.BaseCoreTest.createDao|com.j256.ormlite.misc.TransactionManagerTest.testConnectionLeakCreateList|sun.reflect.NativeMethodAccessorImpl.invoke0|sun.reflect.NativeMethodAccessorImpl.invoke|sun.reflect.DelegatingMethodAccessorImpl.invoke|java.lang.reflect.Method.invoke	77
OR-02__rp1	FT	1	com.j256.ormlite.logger.LoggerFactoryTest#testSetLogFactory	PASS				138
OR-02__rp1	FT	2	com.j256.ormlite.misc.TransactionManagerTest#testConnectionLeakCreateList	FAIL	java.lang.AssertionError	\n  Unexpected method call LogBackend.isLevelEnabled(DEBUG):	org.easymock.internal.MockInvocationHandler.invoke|org.easymock.internal.ObjectMethodsFilter.invoke|com.sun.proxy.$Proxy4.isLevelEnabled|com.j256.ormlite.logger.Logger.logIfEnabled|com.j256.ormlite.logger.Logger.debug|com.j256.ormlite.dao.DaoManager.createDao|com.j256.ormlite.BaseCoreTest.createDao|com.j256.ormlite.misc.TransactionManagerTest.testConnectionLeakCreateList|sun.reflect.NativeMethodAccessorImpl.invoke0|sun.reflect.NativeMethodAccessorImpl.invoke|sun.reflect.DelegatingMethodAccessorImpl.invoke|java.lang.reflect.Method.invoke	81
OR-02__rp2	FT	1	com.j256.ormlite.logger.LoggerFactoryTest#testSetLogFactory	PASS				128
OR-02__rp2	FT	2	com.j256.ormlite.misc.TransactionManagerTest#testConnectionLeakCreateList	FAIL	java.lang.AssertionError	\n  Unexpected method call LogBackend.isLevelEnabled(DEBUG):	org.easymock.internal.MockInvocationHandler.invoke|org.easymock.internal.ObjectMethodsFilter.invoke|com.sun.proxy.$Proxy4.isLevelEnabled|com.j256.ormlite.logger.Logger.logIfEnabled|com.j256.ormlite.logger.Logger.debug|com.j256.ormlite.dao.DaoManager.createDao|com.j256.ormlite.BaseCoreTest.createDao|com.j256.ormlite.misc.TransactionManagerTest.testConnectionLeakCreateList|sun.reflect.NativeMethodAccessorImpl.invoke0|sun.reflect.NativeMethodAccessorImpl.invoke|sun.reflect.DelegatingMethodAccessorImpl.invoke|java.lang.reflect.Method.invoke	84
OR-02__rp3	FT	1	com.j256.ormlite.logger.LoggerFactoryTest#testSetLogFactory	PASS				131
OR-02__rp3	FT	2	com.j256.ormlite.misc.TransactionManagerTest#testConnectionLeakCreateList	FAIL	java.lang.AssertionError	\n  Unexpected method call LogBackend.isLevelEnabled(DEBUG):	org.easymock.internal.MockInvocationHandler.invoke|org.easymock.internal.ObjectMethodsFilter.invoke|com.sun.proxy.$Proxy4.isLevelEnabled|com.j256.ormlite.logger.Logger.logIfEnabled|com.j256.ormlite.logger.Logger.debug|com.j256.ormlite.dao.DaoManager.createDao|com.j256.ormlite.BaseCoreTest.createDao|com.j256.ormlite.misc.TransactionManagerTest.testConnectionLeakCreateList|sun.reflect.NativeMethodAccessorImpl.invoke0|sun.reflect.NativeMethodAccessorImpl.invoke|sun.reflect.DelegatingMethodAccessorImpl.invoke|java.lang.reflect.Method.invoke	81
OR-02__rp4	FT	1	com.j256.ormlite.logger.LoggerFactoryTest#testSetLogFactory	PASS				129
OR-02__rp4	FT	2	com.j256.ormlite.misc.TransactionManagerTest#testConnectionLeakCreateList	FAIL	java.lang.AssertionError	\n  Unexpected method call LogBackend.isLevelEnabled(DEBUG):	org.easymock.internal.MockInvocationHandler.invoke|org.easymock.internal.ObjectMethodsFilter.invoke|com.sun.proxy.$Proxy4.isLevelEnabled|com.j256.ormlite.logger.Logger.logIfEnabled|com.j256.ormlite.logger.Logger.debug|com.j256.ormlite.dao.DaoManager.createDao|com.j256.ormlite.BaseCoreTest.createDao|com.j256.ormlite.misc.TransactionManagerTest.testConnectionLeakCreateList|sun.reflect.NativeMethodAccessorImpl.invoke0|sun.reflect.NativeMethodAccessorImpl.invoke|sun.reflect.DelegatingMethodAccessorImpl.invoke|java.lang.reflect.Method.invoke	81
OR-02__rp5	FT	1	com.j256.ormlite.logger.LoggerFactoryTest#testSetLogFactory	PASS				145
OR-02__rp5	FT	2	com.j256.ormlite.misc.TransactionManagerTest#testConnectionLeakCreateList	FAIL	java.lang.AssertionError	\n  Unexpected method call LogBackend.isLevelEnabled(DEBUG):	org.easymock.internal.MockInvocationHandler.invoke|org.easymock.internal.ObjectMethodsFilter.invoke|com.sun.proxy.$Proxy4.isLevelEnabled|com.j256.ormlite.logger.Logger.logIfEnabled|com.j256.ormlite.logger.Logger.debug|com.j256.ormlite.dao.DaoManager.createDao|com.j256.ormlite.BaseCoreTest.createDao|com.j256.ormlite.misc.TransactionManagerTest.testConnectionLeakCreateList|sun.reflect.NativeMethodAccessorImpl.invoke0|sun.reflect.NativeMethodAccessorImpl.invoke|sun.reflect.DelegatingMethodAccessorImpl.invoke|java.lang.reflect.Method.invoke	79
OR-02__rp6	FT	1	com.j256.ormlite.logger.LoggerFactoryTest#testSetLogFactory	PASS				139
OR-02__rp6	FT	2	com.j256.ormlite.misc.TransactionManagerTest#testConnectionLeakCreateList	FAIL	java.lang.AssertionError	\n  Unexpected method call LogBackend.isLevelEnabled(DEBUG):	org.easymock.internal.MockInvocationHandler.invoke|org.easymock.internal.ObjectMethodsFilter.invoke|com.sun.proxy.$Proxy4.isLevelEnabled|com.j256.ormlite.logger.Logger.logIfEnabled|com.j256.ormlite.logger.Logger.debug|com.j256.ormlite.dao.DaoManager.createDao|com.j256.ormlite.BaseCoreTest.createDao|com.j256.ormlite.misc.TransactionManagerTest.testConnectionLeakCreateList|sun.reflect.NativeMethodAccessorImpl.invoke0|sun.reflect.NativeMethodAccessorImpl.invoke|sun.reflect.DelegatingMethodAccessorImpl.invoke|java.lang.reflect.Method.invoke	81
OR-02__rp7	FT	1	com.j256.ormlite.logger.LoggerFactoryTest#testSetLogFactory	PASS				131
OR-02__rp7	FT	2	com.j256.ormlite.misc.TransactionManagerTest#testConnectionLeakCreateList	FAIL	java.lang.AssertionError	\n  Unexpected method call LogBackend.isLevelEnabled(DEBUG):	org.easymock.internal.MockInvocationHandler.invoke|org.easymock.internal.ObjectMethodsFilter.invoke|com.sun.proxy.$Proxy4.isLevelEnabled|com.j256.ormlite.logger.Logger.logIfEnabled|com.j256.ormlite.logger.Logger.debug|com.j256.ormlite.dao.DaoManager.createDao|com.j256.ormlite.BaseCoreTest.createDao|com.j256.ormlite.misc.TransactionManagerTest.testConnectionLeakCreateList|sun.reflect.NativeMethodAccessorImpl.invoke0|sun.reflect.NativeMethodAccessorImpl.invoke|sun.reflect.DelegatingMethodAccessorImpl.invoke|java.lang.reflect.Method.invoke	79
OR-02__rp8	FT	1	com.j256.ormlite.logger.LoggerFactoryTest#testSetLogFactory	PASS				137
OR-02__rp8	FT	2	com.j256.ormlite.misc.TransactionManagerTest#testConnectionLeakCreateList	FAIL	java.lang.AssertionError	\n  Unexpected method call LogBackend.isLevelEnabled(DEBUG):	org.easymock.internal.MockInvocationHandler.invoke|org.easymock.internal.ObjectMethodsFilter.invoke|com.sun.proxy.$Proxy4.isLevelEnabled|com.j256.ormlite.logger.Logger.logIfEnabled|com.j256.ormlite.logger.Logger.debug|com.j256.ormlite.dao.DaoManager.createDao|com.j256.ormlite.BaseCoreTest.createDao|com.j256.ormlite.misc.TransactionManagerTest.testConnectionLeakCreateList|sun.reflect.NativeMethodAccessorImpl.invoke0|sun.reflect.NativeMethodAccessorImpl.invoke|sun.reflect.DelegatingMethodAccessorImpl.invoke|java.lang.reflect.Method.invoke	86
OR-02__rp9	FT	1	com.j256.ormlite.logger.LoggerFactoryTest#testSetLogFactory	PASS				129
OR-02__rp9	FT	2	com.j256.ormlite.misc.TransactionManagerTest#testConnectionLeakCreateList	FAIL	java.lang.AssertionError	\n  Unexpected method call LogBackend.isLevelEnabled(DEBUG):	org.easymock.internal.MockInvocationHandler.invoke|org.easymock.internal.ObjectMethodsFilter.invoke|com.sun.proxy.$Proxy4.isLevelEnabled|com.j256.ormlite.logger.Logger.logIfEnabled|com.j256.ormlite.logger.Logger.debug|com.j256.ormlite.dao.DaoManager.createDao|com.j256.ormlite.BaseCoreTest.createDao|com.j256.ormlite.misc.TransactionManagerTest.testConnectionLeakCreateList|sun.reflect.NativeMethodAccessorImpl.invoke0|sun.reflect.NativeMethodAccessorImpl.invoke|sun.reflect.DelegatingMethodAccessorImpl.invoke|java.lang.reflect.Method.invoke	84
