FJ-04__rp0	FT	1	com.alibaba.json.bvt.serializer.JSONSerializerTest2#test_1	PASS				306
FJ-04__rp0	FT	2	com.alibaba.json.bvt.serializer.JSONSerializerTest2#test_0	FAIL	java.lang.AssertionError	null	org.junit.Assert.fail|org.junit.Assert.assertTrue|org.junit.Assert.assertTrue|com.alibaba.json.bvt.serializer.JSONSerializerTest2.test_0|sun.reflect.NativeMethodAccessorImpl.invoke0|sun.reflect.NativeMethodAccessorImpl.invoke|sun.reflect.DelegatingMethodAccessorImpl.invoke|java.lang.reflect.Method.invoke|junit.framework.TestCase.runTest|junit.framework.TestCase.runBare|junit.framework.TestResult$1.protect|junit.framework.TestResult.runProtected	7
FJ-04__rp1	FT	1	com.alibaba.json.bvt.serializer.JSONSerializerTest2#test_1	PASS				328
FJ-04__rp1	FT	2	com.alibaba.json.bvt.serializer.JSONSerializerTest2#test_0	FAIL	java.lang.AssertionError	null	org.junit.Assert.fail|org.junit.Assert.assertTrue|org.junit.Assert.assertTrue|com.alibaba.json.bvt.serializer.JSONSerializerTest2.test_0|sun.reflect.NativeMethodAccessorImpl.invoke0|sun.reflect.NativeMethodAccessorImpl.invoke|sun.reflect.DelegatingMethodAccessorImpl.invoke|java.lang.reflect.Method.invoke|junit.framework.TestCase.runTest|junit.framework.TestCase.runBare|junit.framework.TestResult$1.protect|junit.framework.TestResult.runProtected	5
FJ-04__rp2	FT	1	com.alibaba.json.bvt.serializer.JSONSerializerTest2#test_1	PASS				312
FJ-04__rp2	FT	2	com.alibaba.json.bvt.serializer.JSONSerializerTest2#test_0	FAIL	java.lang.AssertionError	null	org.junit.Assert.fail|org.junit.Assert.assertTrue|org.junit.Assert.assertTrue|com.alibaba.json.bvt.serializer.JSONSerializerTest2.test_0|sun.reflect.NativeMethodAccessorImpl.invoke0|sun.reflect.NativeMethodAccessorImpl.invoke|sun.reflect.DelegatingMethodAccessorImpl.invoke|java.lang.reflect.Method.invoke|junit.framework.TestCase.runTest|junit.framework.TestCase.runBare|junit.framework.TestResult$1.protect|junit.framework.TestResult.runProtected	5
FJ-04__rp3	FT	1	com.alibaba.json.bvt.serializer.JSONSerializerTest2#test_1	PASS				323
FJ-04__rp3	FT	2	com.alibaba.json.bvt.serializer.JSONSerializerTest2#test_0	FAIL	java.lang.AssertionError	null	org.junit.Assert.fail|org.junit.Assert.assertTrue|org.junit.Assert.assertTrue|com.alibaba.json.bvt.serializer.JSONSerializerTest2.test_0|sun.reflect.NativeMethodAccessorImpl.invoke0|sun.reflect.NativeMethodAccessorImpl.invoke|sun.reflect.DelegatingMethodAccessorImpl.invoke|java.lang.reflect.Method.invoke|junit.framework.TestCase.runTest|junit.framework.TestCase.runBare|junit.framework.TestResult$1.protect|junit.framework.TestResult.runProtected	5
FJ-04__rp4	FT	1	com.alibaba.json.bvt.serializer.JSONSerializerTest2#test_1	PASS				325
FJ-04__rp4	FT	2	com.alibaba.json.bvt.serializer.JSONSerializerTest2#test_0	FAIL	java.lang.AssertionError	null	org.junit.Assert.fail|org.junit.Assert.assertTrue|org.junit.Assert.assertTrue|com.alibaba.json.bvt.serializer.JSONSerializerTest2.test_0|sun.reflect.NativeMethodAccessorImpl.invoke0|sun.reflect.NativeMethodAccessorImpl.invoke|sun.reflect.DelegatingMethodAccessorImpl.invoke|java.lang.reflect.Method.invoke|junit.framework.TestCase.runTest|junit.framework.TestCase.runBare|junit.framework.TestResult$1.protect|junit.framework.TestResult.runProtected	5
FJ-04__rp5	FT	1	com.alibaba.json.bvt.serializer.JSONSerializerTest2#test_1	PASS				271
FJ-04__rp5	FT	2	com.alibaba.json.bvt.serializer.JSONSerializerTest2#test_0	FAIL	java.lang.AssertionError	null	org.junit.Assert.fail|org.junit.Assert.assertTrue|org.junit.Assert.assertTrue|com.alibaba.json.bvt.serializer.JSONSerializerTest2.test_0|sun.reflect.NativeMethodAccessorImpl.invoke0|sun.reflect.NativeMethodAccessorImpl.invoke|sun.reflect.DelegatingMethodAccessorImpl.invoke|java.lang.reflect.Method.invoke|junit.framework.TestCase.runTest|junit.framework.TestCase.runBare|junit.framework.TestResult$1.protect|junit.framework.TestResult.runProtected	7
FJ-04__rp6	FT	1	com.alibaba.json.bvt.serializer.JSONSerializerTest2#test_1	PASS				302
FJ-04__rp6	FT	2	com.alibaba.json.bvt.serializer.JSONSerializerTest2#test_0	FAIL	java.lang.AssertionError	null	org.junit.Assert.fail|org.junit.Assert.assertTrue|org.junit.Assert.assertTrue|com.alibaba.json.bvt.serializer.JSONSerializerTest2.test_0|sun.reflect.NativeMethodAccessorImpl.invoke0|sun.reflect.NativeMethodAccessorImpl.invoke|sun.reflect.DelegatingMethodAccessorImpl.invoke|java.lang.reflect.Method.invoke|junit.framework.TestCase.runTest|junit.framework.TestCase.runBare|junit.framework.TestResult$1.protect|junit.framework.TestResult.runProtected	5
FJ-04__rp7	FT	1	com.alibaba.json.bvt.serializer.JSONSerializerTest2#test_1	PASS				298
FJ-04__rp7	FT	2	com.alibaba.json.bvt.serializer.JSONSerializerTest2#test_0	FAIL	java.lang.AssertionError	null	org.junit.Assert.fail|org.junit.Assert.assertTrue|org.junit.Assert.assertTrue|com.alibaba.json.bvt.serializer.JSONSerializerTest2.test_0|sun.reflect.NativeMethodAccessorImpl.invoke0|sun.reflect.NativeMethodAccessorImpl.invoke|sun.reflect.DelegatingMethodAccessorImpl.invoke|java.lang.reflect.Method.invoke|junit.framework.TestCase.runTest|junit.framework.TestCase.runBare|junit.framework.TestResult$1.protect|junit.framework.TestResult.runProtected	4
FJ-04__rp8	FT	1	com.alibaba.json.bvt.serializer.JSONSerializerTest2#test_1	PASS				296
FJ-04__rp8	FT	2	com.alibaba.json.bvt.serializer.JSONSerializerTest2#test_0	FAIL	java.lang.AssertionError	null	org.junit.Assert.fail|org.junit.Assert.assertTrue|org.junit.Assert.assertTrue|com.alibaba.json.bvt.serializer.JSONSerializerTest2.test_0|sun.reflect.NativeMethodAccessorImpl.invoke0|sun.reflect.NativeMethodAccessorImpl.invoke|sun.reflect.DelegatingMethodAccessorImpl.invoke|java.lang.reflect.Method.invoke|junit.framework.TestCase.runTest|junit.framework.TestCase.runBare|junit.framework.TestResult$1.protect|junit.framework.TestResult.runProtected	6
FJ-04__rp9	FT	1	com.alibaba.json.bvt.serializer.JSONSerializerTest2#test_1	PASS				293
FJ-04__rp9	FT	2	com.alibaba.json.bvt.serializer.JSONSerializerTest2#test_0	FAIL	java.lang.AssertionError	null	org.junit.Assert.fail|org.junit.Assert.assertTrue|org.junit.Assert.assertTrue|com.alibaba.json.bvt.serializer.JSONSerializerTest2.test_0|sun.reflect.NativeMethodAccessorImpl.invoke0|sun.reflect.NativeMethodAccessorImpl.invoke|sun.reflect.DelegatingMethodAccessorImpl.invoke|java.lang.reflect.Method.invoke|junit.framework.TestCase.runTest|junit.framework.TestCase.runBare|junit.framework.TestResult$1.protect|junit.framework.TestResult.runProtected	6
