c0	FTSETUP	com.jsoniter.suite.StreamingTests.setup	OK
c0	FT	1	com.jsoniter.IterImplForStreamingTest#testLoadMore	PASS				92
c0	FT	2	com.jsoniter.TestBoolean#test_streaming	PASS				3
c1	FTSETUP	com.jsoniter.suite.StreamingTests.setup	OK
c1	FT	1	com.jsoniter.IterImplForStreamingTest#testReadMaxDouble	PASS				54
c1	FT	2	com.jsoniter.TestBoolean#test_streaming	PASS				5
c2	FTSETUP	com.jsoniter.suite.StreamingTests.setup	OK
c2	FT	1	com.jsoniter.TestAnnotation#test_inherited_setter_is_not_duplicate	PASS				115
c2	FT	2	com.jsoniter.TestBoolean#test_streaming	PASS				12
c3	FTSETUP	com.jsoniter.suite.StreamingTests.setup	OK
c3	FT	1	com.jsoniter.TestAnnotation#test_name_conflict	PASS				87
c3	FT	2	com.jsoniter.TestBoolean#test_streaming	PASS				12
c4	FTSETUP	com.jsoniter.suite.StreamingTests.setup	OK
c4	FT	1	com.jsoniter.TestAnnotation#test_single_param_setter	PASS				67
c4	FT	2	com.jsoniter.TestBoolean#test_streaming	PASS				5
c5	FTSETUP	com.jsoniter.suite.StreamingTests.setup	OK
c5	FT	1	com.jsoniter.TestAnnotation#test_static_factory	PASS				88
c5	FT	2	com.jsoniter.TestBoolean#test_streaming	PASS				4
c6	FTSETUP	com.jsoniter.suite.StreamingTests.setup	OK
c6	FT	1	com.jsoniter.TestAnnotationJsonCreator#test_ctor	PASS				110
c6	FT	2	com.jsoniter.TestBoolean#test_streaming	PASS				8
c7	FTSETUP	com.jsoniter.suite.StreamingTests.setup	OK
c7	FT	1	com.jsoniter.TestAnnotationJsonCreator#test_ctor_and_setter_binding	PASS				126
c7	FT	2	com.jsoniter.TestBoolean#test_streaming	PASS				10
c8	FTSETUP	com.jsoniter.suite.StreamingTests.setup	OK
c8	FT	1	com.jsoniter.TestAnnotationJsonIgnore#test_ignore	PASS				88
c8	FT	2	com.jsoniter.TestBoolean#test_streaming	PASS				4
c9	FTSETUP	com.jsoniter.suite.StreamingTests.setup	OK
c9	FT	1	com.jsoniter.TestAnnotationJsonIgnore#test_ignore_no_constructor_field	PASS				87
c9	FT	2	com.jsoniter.TestBoolean#test_streaming	PASS				4
c10	FTSETUP	com.jsoniter.suite.StreamingTests.setup	OK
c10	FT	1	com.jsoniter.TestAnnotationJsonIgnore#test_json_ignore_with_creator	PASS				79
c10	FT	2	com.jsoniter.TestBoolean#test_streaming	PASS				4
c11	FTSETUP	com.jsoniter.suite.StreamingTests.setup	OK
c11	FT	1	com.jsoniter.TestAnnotationJsonObject#test_extra_properties	PASS				107
c11	FT	2	com.jsoniter.TestBoolean#test_streaming	PASS				6
c12	FTSETUP	com.jsoniter.suite.StreamingTests.setup	OK
c12	FT	1	com.jsoniter.TestAnnotationJsonObject#test_no_unknown_properties	PASS				65
c12	FT	2	com.jsoniter.TestBoolean#test_streaming	PASS				6
c13	FTSETUP	com.jsoniter.suite.StreamingTests.setup	OK
c13	com.jsoniter.spi.JsonException: unknown property: field-1
c13	FT	1	com.jsoniter.TestAnnotationJsonObject#test_unknown_properties	PASS				91
c13	FT	2	com.jsoniter.TestBoolean#test_streaming	PASS				6
c14	FTSETUP	com.jsoniter.suite.StreamingTests.setup	OK
c14	com.jsoniter.spi.JsonException: found should not present property: field1
c14	FT	1	com.jsoniter.TestAnnotationJsonObject#test_unknown_properties_blacklist	PASS				75
c14	FT	2	com.jsoniter.TestBoolean#test_streaming	PASS				7
c15	FTSETUP	com.jsoniter.suite.StreamingTests.setup	OK
c15	FT	1	com.jsoniter.TestAnnotationJsonProperty#test_bind_from_multiple_names	PASS				108
c15	FT	2	com.jsoniter.TestBoolean#test_streaming	PASS				8
c16	FTSETUP	com.jsoniter.suite.StreamingTests.setup	OK
c16	FT	1	com.jsoniter.TestAnnotationJsonProperty#test_creator_with_json_property	PASS				113
c16	FT	2	com.jsoniter.TestBoolean#test_streaming	PASS				5
c17	FTSETUP	com.jsoniter.suite.StreamingTests.setup	OK
c17	FT	1	com.jsoniter.TestAnnotationJsonProperty#test_field_and_getter_setter	PASS				88
c17	FT	2	com.jsoniter.TestBoolean#test_streaming	PASS				7
c18	FTSETUP	com.jsoniter.suite.StreamingTests.setup	OK
c18	FT	1	com.jsoniter.TestAnnotationJsonProperty#test_getter_and_setter	PASS				72
c18	FT	2	com.jsoniter.TestBoolean#test_streaming	PASS				9
c19	FTSETUP	com.jsoniter.suite.StreamingTests.setup	OK
c19	FT	1	com.jsoniter.TestAnnotationJsonProperty#test_integer_property_decoder	PASS				77
c19	FT	2	com.jsoniter.TestBoolean#test_streaming	PASS				18
c20	FTSETUP	com.jsoniter.suite.StreamingTests.setup	OK
c20	FT	1	com.jsoniter.TestAnnotationJsonProperty#test_property_decoder	PASS				94
c20	FT	2	com.jsoniter.TestBoolean#test_streaming	PASS				7
c21	FTSETUP	com.jsoniter.suite.StreamingTests.setup	OK
c21	FT	1	com.jsoniter.TestAnnotationJsonProperty#test_rename	PASS				85
c21	FT	2	com.jsoniter.TestBoolean#test_streaming	PASS				4
c22	FTSETUP	com.jsoniter.suite.StreamingTests.setup	OK
c22	FT	1	com.jsoniter.TestAnnotationJsonProperty#test_required	PASS				143
c22	FT	2	com.jsoniter.TestBoolean#test_streaming	PASS				12
c23	FTSETUP	com.jsoniter.suite.StreamingTests.setup	OK
c23	FT	1	com.jsoniter.TestAnnotationJsonProperty#test_required_properties	PASS				58
c23	FT	2	com.jsoniter.TestBoolean#test_streaming	PASS				5
c24	FTSETUP	com.jsoniter.suite.StreamingTests.setup	OK
c24	FT	1	com.jsoniter.TestAnnotationJsonProperty#test_required_properties_not_missing	PASS				94
c24	FT	2	com.jsoniter.TestBoolean#test_streaming	PASS				6
c25	FTSETUP	com.jsoniter.suite.StreamingTests.setup	OK
c25	FT	1	com.jsoniter.TestAnnotationJsonProperty#test_specify_property	PASS				83
c25	FT	2	com.jsoniter.TestBoolean#test_streaming	PASS				6
c26	FTSETUP	com.jsoniter.suite.StreamingTests.setup	OK
c26	FT	1	com.jsoniter.TestAnnotationJsonWrapper#test_binding	PASS				70
c26	FT	2	com.jsoniter.TestBoolean#test_streaming	PASS				7
c27	FTSETUP	com.jsoniter.suite.StreamingTests.setup	OK
c27	FT	1	com.jsoniter.TestAnnotationJsonWrapper#test_issue_104	PASS				119
c27	FT	2	com.jsoniter.TestBoolean#test_streaming	PASS				8
c28	FTSETUP	com.jsoniter.suite.StreamingTests.setup	OK
c28	FT	1	com.jsoniter.TestAnnotationJsonWrapper#test_key_value	PASS				117
c28	FT	2	com.jsoniter.TestBoolean#test_streaming	PASS				6
c29	FTSETUP	com.jsoniter.suite.StreamingTests.setup	OK
c29	FT	1	com.jsoniter.TestArray#test_array_lazy_any_to_string	PASS				70
c29	FT	2	com.jsoniter.TestBoolean#test_streaming	PASS				6
c30	FTSETUP	com.jsoniter.suite.StreamingTests.setup	OK
c30	FT	1	com.jsoniter.TestArray#test_boolean_array	PASS				89
c30	FT	2	com.jsoniter.TestBoolean#test_streaming	PASS				9
c31	FTSETUP	com.jsoniter.suite.StreamingTests.setup	OK
c31	FT	1	com.jsoniter.TestArray#test_empty_array	PASS				95
c31	FT	2	com.jsoniter.TestBoolean#test_streaming	PASS				7
c32	FTSETUP	com.jsoniter.suite.StreamingTests.setup	OK
c32	FT	1	com.jsoniter.TestArray#test_five_elements	PASS				83
c32	FT	2	com.jsoniter.TestBoolean#test_streaming	PASS				8
c33	FTSETUP	com.jsoniter.suite.StreamingTests.setup	OK
c33	FT	1	com.jsoniter.TestArray#test_four_elements	PASS				78
c33	FT	2	com.jsoniter.TestBoolean#test_streaming	PASS				4
c34	FTSETUP	com.jsoniter.suite.StreamingTests.setup	OK
c34	FT	1	com.jsoniter.TestArray#test_iterator	PASS				68
c34	FT	2	com.jsoniter.TestBoolean#test_streaming	PASS				8
c35	FTSETUP	com.jsoniter.suite.StreamingTests.setup	OK
c35	FT	1	com.jsoniter.TestArray#test_null	PASS				85
c35	FT	2	com.jsoniter.TestBoolean#test_streaming	PASS				10
c36	FTSETUP	com.jsoniter.suite.StreamingTests.setup	OK
c36	FT	1	com.jsoniter.TestArray#test_one_element	PASS				86
c36	FT	2	com.jsoniter.TestBoolean#test_streaming	PASS				6
c37	FTSETUP	com.jsoniter.suite.StreamingTests.setup	OK
c37	FT	1	com.jsoniter.TestArray#test_three_elements	PASS				141
c37	FT	2	com.jsoniter.TestBoolean#test_streaming	PASS				8
c38	FTSETUP	com.jsoniter.suite.StreamingTests.setup	OK
c38	FT	1	com.jsoniter.TestArray#test_two_elements	PASS				61
c38	FT	2	com.jsoniter.TestBoolean#test_streaming	PASS				5
c39	FTSETUP	com.jsoniter.suite.StreamingTests.setup	OK
c39	FT	1	com.jsoniter.TestBoolean#test_non_streaming	PASS				55
c39	FT	2	com.jsoniter.TestBoolean#test_streaming	PASS				1
c40	FTSETUP	com.jsoniter.suite.StreamingTests.setup	OK
c40	FT	1	com.jsoniter.TestCustomizeType#test_customize_impl	PASS				96
c40	FT	2	com.jsoniter.TestBoolean#test_streaming	PASS				11
c41	FTSETUP	com.jsoniter.suite.StreamingTests.setup	OK
c41	FT	1	com.jsoniter.TestCustomizeType#test_customize_through_extension	PASS				124
c41	FT	2	com.jsoniter.TestBoolean#test_streaming	PASS				9
c42	FTSETUP	com.jsoniter.suite.StreamingTests.setup	OK
c42	FT	1	com.jsoniter.TestDemo#test_abc	PASS				119
c42	FT	2	com.jsoniter.TestBoolean#test_streaming	PASS				9
c43	FTSETUP	com.jsoniter.suite.StreamingTests.setup	OK
c43	3
c43	FT	1	com.jsoniter.TestDemo#test_any_api	PASS				100
c43	FT	2	com.jsoniter.TestBoolean#test_streaming	PASS				9
c44	FTSETUP	com.jsoniter.suite.StreamingTests.setup	OK
c44	score
c44	100
c44	score
c44	102
c44	FT	1	com.jsoniter.TestDemo#test_any_is_fun	PASS				127
c44	FT	2	com.jsoniter.TestBoolean#test_streaming	PASS				8
c45	FTSETUP	com.jsoniter.suite.StreamingTests.setup	OK
c45	3
c45	FT	1	com.jsoniter.TestDemo#test_bind_api	PASS				72
c45	FT	2	com.jsoniter.TestBoolean#test_streaming	PASS				6
c46	FTSETUP	com.jsoniter.suite.StreamingTests.setup	OK
c46	FT	1	com.jsoniter.TestDemo#test_deserialize	PASS				86
c46	FT	2	com.jsoniter.TestBoolean#test_streaming	PASS				7
c47	FTSETUP	com.jsoniter.suite.StreamingTests.setup	OK
c47	FT	1	com.jsoniter.TestDemo#test_empty_array_as_null	PASS				59
c47	FT	2	com.jsoniter.TestBoolean#test_streaming	PASS				5
c48	FTSETUP	com.jsoniter.suite.StreamingTests.setup	OK
c48	FT	1	com.jsoniter.TestDemo#test_generics	PASS				68
c48	FT	2	com.jsoniter.TestBoolean#test_streaming	PASS				5
c49	FTSETUP	com.jsoniter.suite.StreamingTests.setup	OK
c49	FT	1	com.jsoniter.TestDemo#test_iterator	PASS				54
c49	FT	2	com.jsoniter.TestBoolean#test_streaming	PASS				9
c50	FTSETUP	com.jsoniter.suite.StreamingTests.setup	OK
c50	6
c50	FT	1	com.jsoniter.TestDemo#test_iterator_api	PASS				59
c50	FT	2	com.jsoniter.TestBoolean#test_streaming	PASS				8
c51	FTSETUP	com.jsoniter.suite.StreamingTests.setup	OK
c51	com.jsoniter.User@17d10166
c51	FT	1	com.jsoniter.TestDemo#test_iterator_api_and_bind	PASS				69
c51	FT	2	com.jsoniter.TestBoolean#test_streaming	PASS				8
c52	FTSETUP	com.jsoniter.suite.StreamingTests.setup	OK
c52	FT	1	com.jsoniter.TestDemo#test_utf8	PASS				117
c52	FT	2	com.jsoniter.TestBoolean#test_streaming	PASS				9
c53	FTSETUP	com.jsoniter.suite.StreamingTests.setup	OK
c53	FT	1	com.jsoniter.TestExisting#test_direct_reuse	PASS				67
c53	FT	2	com.jsoniter.TestBoolean#test_streaming	PASS				7
c54	FTSETUP	com.jsoniter.suite.StreamingTests.setup	OK
c54	FT	1	com.jsoniter.TestExisting#test_indirect_reuse	PASS				96
c54	FT	2	com.jsoniter.TestBoolean#test_streaming	PASS				9
c55	FTSETUP	com.jsoniter.suite.StreamingTests.setup	OK
c55	FT	1	com.jsoniter.TestExisting#test_reuse_linked_list	PASS				101
c55	FT	2	com.jsoniter.TestBoolean#test_streaming	PASS				11
c56	FTSETUP	com.jsoniter.suite.StreamingTests.setup	OK
c56	FT	1	com.jsoniter.TestExisting#test_reuse_list	PASS				80
c56	FT	2	com.jsoniter.TestBoolean#test_streaming	PASS				8
c57	FTSETUP	com.jsoniter.suite.StreamingTests.setup	OK
c57	FT	1	com.jsoniter.TestExisting#test_reuse_map	PASS				73
c57	FT	2	com.jsoniter.TestBoolean#test_streaming	PASS				6
c58	FTSETUP	com.jsoniter.suite.StreamingTests.setup	OK
c58	FT	1	com.jsoniter.TestFloat#testBigDecimal	PASS				63
c58	FT	2	com.jsoniter.TestBoolean#test_streaming	PASS				3
c59	FTSETUP	com.jsoniter.suite.StreamingTests.setup	OK
c59	FT	1	com.jsoniter.TestFloat#testChooseDouble	PASS				117
c59	FT	2	com.jsoniter.TestBoolean#test_streaming	PASS				4
c60	FTSETUP	com.jsoniter.suite.StreamingTests.setup	OK
c60	FT	1	com.jsoniter.TestFloat#testInfinity	PASS				57
c60	FT	2	com.jsoniter.TestBoolean#test_streaming	PASS				3
c61	FTSETUP	com.jsoniter.suite.StreamingTests.setup	OK
c61	FT	1	com.jsoniter.TestFloat#test_combination_of_dot_and_exponent	PASS				47
c61	FT	2	com.jsoniter.TestBoolean#test_streaming	PASS				4
c62	FTSETUP	com.jsoniter.suite.StreamingTests.setup	OK
c62	FT	1	com.jsoniter.TestFloat#test_decimal_places	PASS				69
c62	FT	2	com.jsoniter.TestBoolean#test_streaming	PASS				3
c63	FTSETUP	com.jsoniter.suite.StreamingTests.setup	OK
c63	FT	1	com.jsoniter.TestFloat#test_ieee_754	PASS				65
c63	FT	2	com.jsoniter.TestBoolean#test_streaming	PASS				4
c64	FTSETUP	com.jsoniter.suite.StreamingTests.setup	OK
c64	FT	1	com.jsoniter.TestFloat#test_long_double	PASS				79
c64	FT	2	com.jsoniter.TestBoolean#test_streaming	PASS				5
c65	FTSETUP	com.jsoniter.suite.StreamingTests.setup	OK
c65	FT	1	com.jsoniter.TestFloat#test_positive_negative	PASS				71
c65	FT	2	com.jsoniter.TestBoolean#test_streaming	PASS				8
c66	FTSETUP	com.jsoniter.suite.StreamingTests.setup	OK
c66	FT	1	com.jsoniter.TestFloat#test_streaming	PASS				64
c66	FT	2	com.jsoniter.TestBoolean#test_streaming	PASS				4
c67	FTSETUP	com.jsoniter.suite.StreamingTests.setup	OK
c67	FT	1	com.jsoniter.TestGenerics#test_complex_object	PASS				77
c67	FT	2	com.jsoniter.TestBoolean#test_streaming	PASS				8
c68	FTSETUP	com.jsoniter.suite.StreamingTests.setup	OK
c68	FT	1	com.jsoniter.TestGenerics#test_generic_super_class	PASS				61
c68	FT	2	com.jsoniter.TestBoolean#test_streaming	PASS				5
c69	FTSETUP	com.jsoniter.suite.StreamingTests.setup	OK
c69	FT	1	com.jsoniter.TestGenerics#test_int_list	PASS				69
c69	FT	2	com.jsoniter.TestBoolean#test_streaming	PASS				8
c70	FTSETUP	com.jsoniter.suite.StreamingTests.setup	OK
c70	FT	1	com.jsoniter.TestGenerics#test_integer_map	PASS				92
c70	FT	2	com.jsoniter.TestBoolean#test_streaming	PASS				6
c71	FTSETUP	com.jsoniter.suite.StreamingTests.setup	OK
c71	FT	1	com.jsoniter.TestGenerics#test_issue_103	PASS				80
c71	FT	2	com.jsoniter.TestBoolean#test_streaming	PASS				8
c72	FTSETUP	com.jsoniter.suite.StreamingTests.setup	OK
c72	FT	1	com.jsoniter.TestGenerics#test_linked_list	PASS				64
c72	FT	2	com.jsoniter.TestBoolean#test_streaming	PASS				12
c73	FTSETUP	com.jsoniter.suite.StreamingTests.setup	OK
c73	FT	1	com.jsoniter.TestGenerics#test_list_of_list	PASS				96
c73	FT	2	com.jsoniter.TestBoolean#test_streaming	PASS				5
c74	FTSETUP	com.jsoniter.suite.StreamingTests.setup	OK
c74	FT	1	com.jsoniter.TestGenerics#test_string_list	PASS				64
c74	FT	2	com.jsoniter.TestBoolean#test_streaming	PASS				6
c75	FTSETUP	com.jsoniter.suite.StreamingTests.setup	OK
c75	FT	1	com.jsoniter.TestGenerics#test_string_map	PASS				71
c75	FT	2	com.jsoniter.TestBoolean#test_streaming	PASS				6
c76	FTSETUP	com.jsoniter.suite.StreamingTests.setup	OK
c76	FT	1	com.jsoniter.TestGenerics#test_string_set	PASS				121
c76	FT	2	com.jsoniter.TestBoolean#test_streaming	PASS				11
c77	FTSETUP	com.jsoniter.suite.StreamingTests.setup	OK
c77	FT	1	com.jsoniter.TestGenerics#test_wildcard	PASS				125
c77	FT	2	com.jsoniter.TestBoolean#test_streaming	PASS				6
c78	FTSETUP	com.jsoniter.suite.StreamingTests.setup	OK
c78	FT	1	com.jsoniter.TestGson#test_Expose	PASS				246
c78	FT	2	com.jsoniter.TestBoolean#test_streaming	PASS				9
c79	FTSETUP	com.jsoniter.suite.StreamingTests.setup	OK
c79	FT	1	com.jsoniter.TestGson#test_SerializedName	PASS				143
c79	FT	2	com.jsoniter.TestBoolean#test_streaming	PASS				7
c80	FTSETUP	com.jsoniter.suite.StreamingTests.setup	OK
c80	FT	1	com.jsoniter.TestGson#test_addDeserializationExclusionStrategy	PASS				123
c80	FT	2	com.jsoniter.TestBoolean#test_streaming	PASS				6
c81	FTSETUP	com.jsoniter.suite.StreamingTests.setup	OK
c81	FT	1	com.jsoniter.TestGson#test_bool_as_string	PASS				157
c81	FT	2	com.jsoniter.TestBoolean#test_streaming	PASS				6
c82	FTSETUP	com.jsoniter.suite.StreamingTests.setup	OK
c82	FT	1	com.jsoniter.TestGson#test_int_as_string	PASS				156
c82	FT	2	com.jsoniter.TestBoolean#test_streaming	PASS				13
c83	FTSETUP	com.jsoniter.suite.StreamingTests.setup	OK
c83	FT	1	com.jsoniter.TestGson#test_null_as_boolean	PASS				157
c83	FT	2	com.jsoniter.TestBoolean#test_streaming	PASS				8
c84	FTSETUP	com.jsoniter.suite.StreamingTests.setup	OK
c84	FT	1	com.jsoniter.TestGson#test_null_as_double	PASS				118
c84	FT	2	com.jsoniter.TestBoolean#test_streaming	PASS				7
c85	FTSETUP	com.jsoniter.suite.StreamingTests.setup	OK
c85	FT	1	com.jsoniter.TestGson#test_null_as_float	PASS				171
c85	FT	2	com.jsoniter.TestBoolean#test_streaming	PASS				6
c86	FTSETUP	com.jsoniter.suite.StreamingTests.setup	OK
c86	FT	1	com.jsoniter.TestGson#test_null_as_int	PASS				222
c86	FT	2	com.jsoniter.TestBoolean#test_streaming	PASS				12
c87	FTSETUP	com.jsoniter.suite.StreamingTests.setup	OK
c87	FT	1	com.jsoniter.TestGson#test_null_as_long	PASS				197
c87	FT	2	com.jsoniter.TestBoolean#test_streaming	PASS				8
c88	FTSETUP	com.jsoniter.suite.StreamingTests.setup	OK
c88	FT	1	com.jsoniter.TestGson#test_setDateFormat_format	PASS				152
c88	FT	2	com.jsoniter.TestBoolean#test_streaming	PASS				14
c89	FTSETUP	com.jsoniter.suite.StreamingTests.setup	OK
c89	FT	1	com.jsoniter.TestGson#test_setFieldNamingPolicy	PASS				159
c89	FT	2	com.jsoniter.TestBoolean#test_streaming	PASS				8
c90	FTSETUP	com.jsoniter.suite.StreamingTests.setup	OK
c90	FT	1	com.jsoniter.TestGson#test_setFieldNamingStrategy	PASS				195
c90	FT	2	com.jsoniter.TestBoolean#test_streaming	PASS				4
c91	FTSETUP	com.jsoniter.suite.StreamingTests.setup	OK
c91	FT	1	com.jsoniter.TestGson#test_setVersion	PASS				117
c91	FT	2	com.jsoniter.TestBoolean#test_streaming	PASS				5
c92	FTSETUP	com.jsoniter.suite.StreamingTests.setup	OK
c92	FT	1	com.jsoniter.TestIO#test_read_byte	PASS				84
c92	FT	2	com.jsoniter.TestBoolean#test_streaming	PASS				4
c93	FTSETUP	com.jsoniter.suite.StreamingTests.setup	OK
c93	FT	1	com.jsoniter.TestIO#test_read_bytes	PASS				70
c93	FT	2	com.jsoniter.TestBoolean#test_streaming	PASS				4
c94	FTSETUP	com.jsoniter.suite.StreamingTests.setup	OK
c94	FT	1	com.jsoniter.TestIO#test_unread_byte	PASS				59
c94	FT	2	com.jsoniter.TestBoolean#test_streaming	PASS				4
c95	FTSETUP	com.jsoniter.suite.StreamingTests.setup	OK
c95	FT	1	com.jsoniter.TestInteger#testBigInteger	PASS				77
c95	FT	2	com.jsoniter.TestBoolean#test_streaming	PASS				3
c96	FTSETUP	com.jsoniter.suite.StreamingTests.setup	OK
c96	FT	1	com.jsoniter.TestInteger#testChooseInteger	PASS				78
c96	FT	2	com.jsoniter.TestBoolean#test_streaming	PASS				3
c97	FTSETUP	com.jsoniter.suite.StreamingTests.setup	OK
c97	FT	1	com.jsoniter.TestInteger#testChooseLong	PASS				74
c97	FT	2	com.jsoniter.TestBoolean#test_streaming	PASS				3
c98	FTSETUP	com.jsoniter.suite.StreamingTests.setup	OK
c98	FT	1	com.jsoniter.TestInteger#test_byte	PASS				55
c98	FT	2	com.jsoniter.TestBoolean#test_streaming	PASS				2
c99	FTSETUP	com.jsoniter.suite.StreamingTests.setup	OK
c99	FT	1	com.jsoniter.TestInteger#test_char	PASS				72
c99	FT	2	com.jsoniter.TestBoolean#test_streaming	PASS				5
c100	FTSETUP	com.jsoniter.suite.StreamingTests.setup	OK
c100	FT	1	com.jsoniter.TestInteger#test_large_number	PASS				132
c100	FT	2	com.jsoniter.TestBoolean#test_streaming	PASS				3
c101	FTSETUP	com.jsoniter.suite.StreamingTests.setup	OK
c101	FT	1	com.jsoniter.TestInteger#test_leading_zero	PASS				106
c101	FT	2	com.jsoniter.TestBoolean#test_streaming	PASS				6
c102	FTSETUP	com.jsoniter.suite.StreamingTests.setup	OK
c102	FT	1	com.jsoniter.TestInteger#test_max_int	PASS				72
c102	FT	2	com.jsoniter.TestBoolean#test_streaming	PASS				4
c103	FTSETUP	com.jsoniter.suite.StreamingTests.setup	OK
c103	FT	1	com.jsoniter.TestInteger#test_max_min_int	PASS				56
c103	FT	2	com.jsoniter.TestBoolean#test_streaming	PASS				5
c104	FTSETUP	com.jsoniter.suite.StreamingTests.setup	OK
c104	FT	1	com.jsoniter.TestInteger#test_max_min_long	PASS				45
c104	FT	2	com.jsoniter.TestBoolean#test_streaming	PASS				3
c105	FTSETUP	com.jsoniter.suite.StreamingTests.setup	OK
c105	FT	1	com.jsoniter.TestInteger#test_positive_negative_int	PASS				71
c105	FT	2	com.jsoniter.TestBoolean#test_streaming	PASS				4
c106	FTSETUP	com.jsoniter.suite.StreamingTests.setup	OK
c106	FT	1	com.jsoniter.TestInteger#test_positive_negative_long	PASS				59
c106	FT	2	com.jsoniter.TestBoolean#test_streaming	PASS				3
c107	FTSETUP	com.jsoniter.suite.StreamingTests.setup	OK
c107	FT	1	com.jsoniter.TestInteger#test_streaming	PASS				79
c107	FT	2	com.jsoniter.TestBoolean#test_streaming	PASS				3
c108	FTSETUP	com.jsoniter.suite.StreamingTests.setup	OK
c108	FT	1	com.jsoniter.TestJackson#test_JsonAnySetter	PASS				423
c108	FT	2	com.jsoniter.TestBoolean#test_streaming	PASS				9
c109	FTSETUP	com.jsoniter.suite.StreamingTests.setup	OK
c109	FT	1	com.jsoniter.TestJackson#test_JsonIgnore	PASS				493
c109	FT	2	com.jsoniter.TestBoolean#test_streaming	PASS				12
c110	FTSETUP	com.jsoniter.suite.StreamingTests.setup	OK
c110	FT	1	com.jsoniter.TestJackson#test_JsonProperty	PASS				292
c110	FT	2	com.jsoniter.TestBoolean#test_streaming	PASS				6
c111	FTSETUP	com.jsoniter.suite.StreamingTests.setup	OK
c111	FT	1	com.jsoniter.TestMap#test_MapKeyCodec	PASS				105
c111	FT	2	com.jsoniter.TestBoolean#test_streaming	PASS				5
c112	FTSETUP	com.jsoniter.suite.StreamingTests.setup	OK
c112	FT	1	com.jsoniter.TestMap#test_enum_key	PASS				90
c112	FT	2	com.jsoniter.TestBoolean#test_streaming	PASS				6
c113	FTSETUP	com.jsoniter.suite.StreamingTests.setup	OK
c113	FT	1	com.jsoniter.TestMap#test_integer_key	PASS				64
c113	FT	2	com.jsoniter.TestBoolean#test_streaming	PASS				6
c114	FTSETUP	com.jsoniter.suite.StreamingTests.setup	OK
c114	FT	1	com.jsoniter.TestMap#test_object_key	PASS				84
c114	FT	2	com.jsoniter.TestBoolean#test_streaming	PASS				8
c115	FTSETUP	com.jsoniter.suite.StreamingTests.setup	OK
c115	FT	1	com.jsoniter.TestMap#test_string_key	PASS				83
c115	FT	2	com.jsoniter.TestBoolean#test_streaming	PASS				4
c116	FTSETUP	com.jsoniter.suite.StreamingTests.setup	OK
c116	FT	1	com.jsoniter.TestNested#test_array_of_objects	PASS				150
c116	FT	2	com.jsoniter.TestBoolean#test_streaming	PASS				10
c117	FTSETUP	com.jsoniter.suite.StreamingTests.setup	OK
c117	FT	1	com.jsoniter.TestNested#test_get_all_array_elements_via_any	PASS				107
c117	FT	2	com.jsoniter.TestBoolean#test_streaming	PASS				8
c118	FTSETUP	com.jsoniter.suite.StreamingTests.setup	OK
c118	FT	1	com.jsoniter.TestNested#test_get_all_with_some_invalid_path	PASS				103
c118	FT	2	com.jsoniter.TestBoolean#test_streaming	PASS				8
c119	FTSETUP	com.jsoniter.suite.StreamingTests.setup	OK
c119	FT	1	com.jsoniter.TestNested#test_recursive_class	PASS				87
c119	FT	2	com.jsoniter.TestBoolean#test_streaming	PASS				9
c120	FTSETUP	com.jsoniter.suite.StreamingTests.setup	OK
c120	FT	1	com.jsoniter.TestNull#test_null_as_Any	PASS				133
c120	FT	2	com.jsoniter.TestBoolean#test_streaming	PASS				11
c121	FTSETUP	com.jsoniter.suite.StreamingTests.setup	OK
c121	FT	1	com.jsoniter.TestNull#test_null_as_BigDecimal	PASS				81
c121	FT	2	com.jsoniter.TestBoolean#test_streaming	PASS				4
c122	FTSETUP	com.jsoniter.suite.StreamingTests.setup	OK
c122	FT	1	com.jsoniter.TestNull#test_null_as_BigInteger	PASS				78
c122	FT	2	com.jsoniter.TestBoolean#test_streaming	PASS				8
c123	FTSETUP	com.jsoniter.suite.StreamingTests.setup	OK
c123	FT	1	com.jsoniter.TestNull#test_null_as_Boolean	PASS				93
c123	FT	2	com.jsoniter.TestBoolean#test_streaming	PASS				9
c124	FTSETUP	com.jsoniter.suite.StreamingTests.setup	OK
c124	FT	1	com.jsoniter.TestNull#test_null_as_Byte	PASS				87
c124	FT	2	com.jsoniter.TestBoolean#test_streaming	PASS				6
c125	FTSETUP	com.jsoniter.suite.StreamingTests.setup	OK
c125	FT	1	com.jsoniter.TestNull#test_null_as_Character	PASS				80
c125	FT	2	com.jsoniter.TestBoolean#test_streaming	PASS				8
c126	FTSETUP	com.jsoniter.suite.StreamingTests.setup	OK
c126	FT	1	com.jsoniter.TestNull#test_null_as_Double	PASS				95
c126	FT	2	com.jsoniter.TestBoolean#test_streaming	PASS				6
c127	FTSETUP	com.jsoniter.suite.StreamingTests.setup	OK
c127	FT	1	com.jsoniter.TestNull#test_null_as_Float	PASS				59
c127	FT	2	com.jsoniter.TestBoolean#test_streaming	PASS				8
c128	FTSETUP	com.jsoniter.suite.StreamingTests.setup	OK
c128	FT	1	com.jsoniter.TestNull#test_null_as_Integer	PASS				48
c128	FT	2	com.jsoniter.TestBoolean#test_streaming	PASS				5
c129	FTSETUP	com.jsoniter.suite.StreamingTests.setup	OK
c129	FT	1	com.jsoniter.TestNull#test_null_as_Long	PASS				85
c129	FT	2	com.jsoniter.TestBoolean#test_streaming	PASS				9
c130	FTSETUP	com.jsoniter.suite.StreamingTests.setup	OK
c130	FT	1	com.jsoniter.TestNull#test_null_as_Short	PASS				111
c130	FT	2	com.jsoniter.TestBoolean#test_streaming	PASS				10
c131	FTSETUP	com.jsoniter.suite.StreamingTests.setup	OK
c131	FT	1	com.jsoniter.TestObject#test_empty_class	PASS				57
c131	FT	2	com.jsoniter.TestBoolean#test_streaming	PASS				5
c132	FTSETUP	com.jsoniter.suite.StreamingTests.setup	OK
c132	FT	1	com.jsoniter.TestObject#test_empty_object	PASS				109
c132	FT	2	com.jsoniter.TestBoolean#test_streaming	PASS				10
c133	FTSETUP	com.jsoniter.suite.StreamingTests.setup	OK
c133	FT	1	com.jsoniter.TestObject#test_enum	PASS				115
c133	FT	2	com.jsoniter.TestBoolean#test_streaming	PASS				7
c134	FTSETUP	com.jsoniter.suite.StreamingTests.setup	OK
c134	FT	1	com.jsoniter.TestObject#test_incomplete_field_name	PASS				91
c134	FT	2	com.jsoniter.TestBoolean#test_streaming	PASS				8
c135	FTSETUP	com.jsoniter.suite.StreamingTests.setup	OK
c135	FT	1	com.jsoniter.TestObject#test_inheritance	PASS				84
c135	FT	2	com.jsoniter.TestBoolean#test_streaming	PASS				11
c136	FTSETUP	com.jsoniter.suite.StreamingTests.setup	OK
c136	FT	1	com.jsoniter.TestObject#test_iterator	PASS				109
c136	FT	2	com.jsoniter.TestBoolean#test_streaming	PASS				8
c137	FTSETUP	com.jsoniter.suite.StreamingTests.setup	OK
c137	FT	1	com.jsoniter.TestObject#test_maybe_empty_array_field	PASS				62
c137	FT	2	com.jsoniter.TestBoolean#test_streaming	PASS				4
c138	FTSETUP	com.jsoniter.suite.StreamingTests.setup	OK
c138	FT	1	com.jsoniter.TestObject#test_native_field	PASS				69
c138	FT	2	com.jsoniter.TestBoolean#test_streaming	PASS				5
c139	FTSETUP	com.jsoniter.suite.StreamingTests.setup	OK
c139	FT	1	com.jsoniter.TestObject#test_non_ascii_field	PASS				69
c139	FT	2	com.jsoniter.TestBoolean#test_streaming	PASS				6
c140	FTSETUP	com.jsoniter.suite.StreamingTests.setup	OK
c140	FT	1	com.jsoniter.TestObject#test_object_creation	PASS				76
c140	FT	2	com.jsoniter.TestBoolean#test_streaming	PASS				4
c141	FTSETUP	com.jsoniter.suite.StreamingTests.setup	OK
c141	FT	1	com.jsoniter.TestObject#test_one_field	PASS				113
c141	FT	2	com.jsoniter.TestBoolean#test_streaming	PASS				8
c142	FTSETUP	com.jsoniter.suite.StreamingTests.setup	OK
c142	FT	1	com.jsoniter.TestObject#test_private_ref	PASS				99
c142	FT	2	com.jsoniter.TestBoolean#test_streaming	PASS				10
c143	FTSETUP	com.jsoniter.suite.StreamingTests.setup	OK
c143	FT	1	com.jsoniter.TestObject#test_read_null	PASS				76
c143	FT	2	com.jsoniter.TestBoolean#test_streaming	PASS				6
c144	FTSETUP	com.jsoniter.suite.StreamingTests.setup	OK
c144	FT	1	com.jsoniter.TestObject#test_setter_is_preferred	PASS				105
c144	FT	2	com.jsoniter.TestBoolean#test_streaming	PASS				9
c145	FTSETUP	com.jsoniter.suite.StreamingTests.setup	OK
c145	FT	1	com.jsoniter.TestObject#test_two_fields	PASS				115
c145	FT	2	com.jsoniter.TestBoolean#test_streaming	PASS				8
c146	FTSETUP	com.jsoniter.suite.StreamingTests.setup	OK
c146	FT	1	com.jsoniter.TestOmitValue#test_shouldOmitInputNotNullOutputFalse	PASS				40
c146	FT	2	com.jsoniter.TestBoolean#test_streaming	PASS				5
c147	FTSETUP	com.jsoniter.suite.StreamingTests.setup	OK
c147	FT	1	com.jsoniter.TestOmitValue#test_shouldOmitInputPositiveOutputFalse	PASS				49
c147	FT	2	com.jsoniter.TestBoolean#test_streaming	PASS				8
c148	FTSETUP	com.jsoniter.suite.StreamingTests.setup	OK
c148	FT	1	com.jsoniter.TestOmitValue#test_shouldOmitInputPositiveOutputFalse2	PASS				43
c148	FT	2	com.jsoniter.TestBoolean#test_streaming	PASS				8
c149	FTSETUP	com.jsoniter.suite.StreamingTests.setup	OK
c149	FT	1	com.jsoniter.TestOmitValue#test_shouldOmitInputPositiveOutputFalse3	PASS				48
c149	FT	2	com.jsoniter.TestBoolean#test_streaming	PASS				7
c150	FTSETUP	com.jsoniter.suite.StreamingTests.setup	OK
c150	FT	1	com.jsoniter.TestOmitValue#test_shouldOmitInputPositiveOutputFalse4	PASS				57
c150	FT	2	com.jsoniter.TestBoolean#test_streaming	PASS				7
c151	FTSETUP	com.jsoniter.suite.StreamingTests.setup	OK
c151	FT	1	com.jsoniter.TestOmitValue#test_shouldOmitInputPositiveOutputFalse5	PASS				72
c151	FT	2	com.jsoniter.TestBoolean#test_streaming	PASS				11
c152	FTSETUP	com.jsoniter.suite.StreamingTests.setup	OK
c152	FT	1	com.jsoniter.TestOmitValue#test_shouldOmitInputPositiveOutputFalse6	PASS				38
c152	FT	2	com.jsoniter.TestBoolean#test_streaming	PASS				10
c153	FTSETUP	com.jsoniter.suite.StreamingTests.setup	OK
c153	FT	1	com.jsoniter.TestOmitValue#test_shouldOmitInputTrueOutputFalse	PASS				44
c153	FT	2	com.jsoniter.TestBoolean#test_streaming	PASS				8
c154	FTSETUP	com.jsoniter.suite.StreamingTests.setup	OK
c154	FT	1	com.jsoniter.TestOmitValue#test_shouldOmitInputZeroOutputTrue	PASS				49
c154	FT	2	com.jsoniter.TestBoolean#test_streaming	PASS				10
c155	FTSETUP	com.jsoniter.suite.StreamingTests.setup	OK
c155	FT	1	com.jsoniter.TestOmitValue#test_shouldOmitInputZeroOutputTrue2	PASS				72
c155	FT	2	com.jsoniter.TestBoolean#test_streaming	PASS				10
c156	FTSETUP	com.jsoniter.suite.StreamingTests.setup	OK
c156	100
c156	FT	1	com.jsoniter.TestReadAny#test_bind_to_any	PASS				88
c156	FT	2	com.jsoniter.TestBoolean#test_streaming	PASS				4
c157	FTSETUP	com.jsoniter.suite.StreamingTests.setup	OK
c157	FT	1	com.jsoniter.TestReadAny#test_get	PASS				97
c157	FT	2	com.jsoniter.TestBoolean#test_streaming	PASS				6
c158	FTSETUP	com.jsoniter.suite.StreamingTests.setup	OK
c158	FT	1	com.jsoniter.TestReadAny#test_keys	PASS				110
c158	FT	2	com.jsoniter.TestBoolean#test_streaming	PASS				5
c159	FTSETUP	com.jsoniter.suite.StreamingTests.setup	OK
c159	FT	1	com.jsoniter.TestReadAny#test_read_any	PASS				63
c159	FT	2	com.jsoniter.TestBoolean#test_streaming	PASS				3
c160	FTSETUP	com.jsoniter.suite.StreamingTests.setup	OK
c160	FT	1	com.jsoniter.TestReadAny#test_read_any_from_string	PASS				105
c160	FT	2	com.jsoniter.TestBoolean#test_streaming	PASS				4
c161	FTSETUP	com.jsoniter.suite.StreamingTests.setup	OK
c161	FT	1	com.jsoniter.TestReadAny#test_read_any_in_streaming	PASS				96
c161	FT	2	com.jsoniter.TestBoolean#test_streaming	PASS				2
c162	FTSETUP	com.jsoniter.suite.StreamingTests.setup	OK
c162	FT	1	com.jsoniter.TestReadAny#test_read_boolean	PASS				104
c162	FT	2	com.jsoniter.TestBoolean#test_streaming	PASS				2
c163	FTSETUP	com.jsoniter.suite.StreamingTests.setup	OK
c163	FT	1	com.jsoniter.TestReadAny#test_read_class	PASS				114
c163	FT	2	com.jsoniter.TestBoolean#test_streaming	PASS				4
c164	FTSETUP	com.jsoniter.suite.StreamingTests.setup	OK
c164	FT	1	com.jsoniter.TestReadAny#test_read_double	PASS				71
c164	FT	2	com.jsoniter.TestBoolean#test_streaming	PASS				3
c165	FTSETUP	com.jsoniter.suite.StreamingTests.setup	OK
c165	FT	1	com.jsoniter.TestReadAny#test_read_float	PASS				116
c165	FT	2	com.jsoniter.TestBoolean#test_streaming	PASS				3
c166	FTSETUP	com.jsoniter.suite.StreamingTests.setup	OK
c166	FT	1	com.jsoniter.TestReadAny#test_read_float_as_int	PASS				79
c166	FT	2	com.jsoniter.TestBoolean#test_streaming	PASS				3
c167	FTSETUP	com.jsoniter.suite.StreamingTests.setup	OK
c167	FT	1	com.jsoniter.TestReadAny#test_read_int	PASS				52
c167	FT	2	com.jsoniter.TestBoolean#test_streaming	PASS				2
c168	FTSETUP	com.jsoniter.suite.StreamingTests.setup	OK
c168	FT	1	com.jsoniter.TestReadAny#test_read_int_array	PASS				96
c168	FT	2	com.jsoniter.TestBoolean#test_streaming	PASS				4
c169	FTSETUP	com.jsoniter.suite.StreamingTests.setup	OK
c169	FT	1	com.jsoniter.TestReadAny#test_read_int_as_string	PASS				83
c169	FT	2	com.jsoniter.TestBoolean#test_streaming	PASS				2
c170	FTSETUP	com.jsoniter.suite.StreamingTests.setup	OK
c170	FT	1	com.jsoniter.TestReadAny#test_read_int_object	PASS				64
c170	FT	2	com.jsoniter.TestBoolean#test_streaming	PASS				2
c171	FTSETUP	com.jsoniter.suite.StreamingTests.setup	OK
c171	FT	1	com.jsoniter.TestReadAny#test_read_long	PASS				85
c171	FT	2	com.jsoniter.TestBoolean#test_streaming	PASS				3
c172	FTSETUP	com.jsoniter.suite.StreamingTests.setup	OK
c172	FT	1	com.jsoniter.TestReadAny#test_read_multiple_field	PASS				91
c172	FT	2	com.jsoniter.TestBoolean#test_streaming	PASS				4
c173	FTSETUP	com.jsoniter.suite.StreamingTests.setup	OK
c173	FT	1	com.jsoniter.TestReadAny#test_read_string	PASS				108
c173	FT	2	com.jsoniter.TestBoolean#test_streaming	PASS				13
c174	FTSETUP	com.jsoniter.suite.StreamingTests.setup	OK
c174	com.jsoniter.spi.JsonException: Value not found: failed to get index 0 from []
c174	com.jsoniter.spi.JsonException: Value not found: failed to get index 0 from []
c174	com.jsoniter.spi.JsonException: Value not found: failed to get key hello from {}
c174	com.jsoniter.spi.JsonException: Value not found: failed to get key hello from {}
c174	FT	1	com.jsoniter.TestReadAny#test_require_path	PASS				87
c174	FT	2	com.jsoniter.TestBoolean#test_streaming	PASS				2
c175	FTSETUP	com.jsoniter.suite.StreamingTests.setup	OK
c175	FT	1	com.jsoniter.TestReadAny#test_size	PASS				100
c175	FT	2	com.jsoniter.TestBoolean#test_streaming	PASS				6
c176	FTSETUP	com.jsoniter.suite.StreamingTests.setup	OK
c176	FT	1	com.jsoniter.TestSkip#test_skip_array	PASS				49
c176	FT	2	com.jsoniter.TestBoolean#test_streaming	PASS				2
c177	FTSETUP	com.jsoniter.suite.StreamingTests.setup	OK
c177	FT	1	com.jsoniter.TestSkip#test_skip_nested	PASS				75
c177	FT	2	com.jsoniter.TestBoolean#test_streaming	PASS				3
c178	FTSETUP	com.jsoniter.suite.StreamingTests.setup	OK
c178	FT	1	com.jsoniter.TestSkip#test_skip_number	PASS				49
c178	FT	2	com.jsoniter.TestBoolean#test_streaming	PASS				2
c179	FTSETUP	com.jsoniter.suite.StreamingTests.setup	OK
c179	FT	1	com.jsoniter.TestSkip#test_skip_object	PASS				47
c179	FT	2	com.jsoniter.TestBoolean#test_streaming	PASS				2
c180	FTSETUP	com.jsoniter.suite.StreamingTests.setup	OK
c180	FT	1	com.jsoniter.TestSkip#test_skip_string	PASS				67
c180	FT	2	com.jsoniter.TestBoolean#test_streaming	PASS				3
c181	FTSETUP	com.jsoniter.suite.StreamingTests.setup	OK
c181	FT	1	com.jsoniter.TestSkip#test_skip_string_streaming	PASS				61
c181	FT	2	com.jsoniter.TestBoolean#test_streaming	PASS				5
c182	FTSETUP	com.jsoniter.suite.StreamingTests.setup	OK
c182	FT	1	com.jsoniter.TestSlice#test_equals	PASS				79
c182	FT	2	com.jsoniter.TestBoolean#test_streaming	PASS				12
c183	FTSETUP	com.jsoniter.suite.StreamingTests.setup	OK
c183	FT	1	com.jsoniter.TestSlice#test_equalsInputNotNullOutputFalse	PASS				42
c183	FT	2	com.jsoniter.TestBoolean#test_streaming	PASS				8
c184	FTSETUP	com.jsoniter.suite.StreamingTests.setup	OK
c184	FT	1	com.jsoniter.TestSlice#test_equalsInputNotNullOutputFalse2	PASS				66
c184	FT	2	com.jsoniter.TestBoolean#test_streaming	PASS				7
c185	FTSETUP	com.jsoniter.suite.StreamingTests.setup	OK
c185	FT	1	com.jsoniter.TestSlice#test_hashcode	PASS				45
c185	FT	2	com.jsoniter.TestBoolean#test_streaming	PASS				7
c186	FTSETUP	com.jsoniter.suite.StreamingTests.setup	OK
c186	FT	1	com.jsoniter.TestSpiPropertyDecoder#test_PropertyDecoder	PASS				98
c186	FT	2	com.jsoniter.TestBoolean#test_streaming	PASS				5
c187	FTSETUP	com.jsoniter.suite.StreamingTests.setup	OK
c187	FT	1	com.jsoniter.TestSpiPropertyDecoder#test_PropertyDecoder_for_type_literal	PASS				80
c187	FT	2	com.jsoniter.TestBoolean#test_streaming	PASS				5
c188	FTSETUP	com.jsoniter.suite.StreamingTests.setup	OK
c188	FT	1	com.jsoniter.TestSpiTypeDecoder#test_TypeDecoder	PASS				66
c188	FT	2	com.jsoniter.TestBoolean#test_streaming	PASS				10
c189	FTSETUP	com.jsoniter.suite.StreamingTests.setup	OK
c189	FT	1	com.jsoniter.TestSpiTypeDecoder#test_TypeDecoder_for_generics	PASS				68
c189	FT	2	com.jsoniter.TestBoolean#test_streaming	PASS				6
c190	FTSETUP	com.jsoniter.suite.StreamingTests.setup	OK
c190	FT	1	com.jsoniter.TestSpiTypeDecoder#test_as_array_element	PASS				68
c190	FT	2	com.jsoniter.TestBoolean#test_streaming	PASS				7
c191	FTSETUP	com.jsoniter.suite.StreamingTests.setup	OK
c191	FT	1	com.jsoniter.TestSpiTypeDecoder#test_as_field_type	PASS				70
c191	FT	2	com.jsoniter.TestBoolean#test_streaming	PASS				5
c192	FTSETUP	com.jsoniter.suite.StreamingTests.setup	OK
c192	FT	1	com.jsoniter.TestSpiTypeDecoder#test_direct	PASS				70
c192	FT	2	com.jsoniter.TestBoolean#test_streaming	PASS				8
c193	FTSETUP	com.jsoniter.suite.StreamingTests.setup	OK
c193	FT	1	com.jsoniter.TestSpiTypeDecoder#test_list_or_single_element	PASS				65
c193	FT	2	com.jsoniter.TestBoolean#test_streaming	PASS				5
c194	FTSETUP	com.jsoniter.suite.StreamingTests.setup	OK
c194	FT	1	com.jsoniter.TestString#test_ascii_string	PASS				43
c194	FT	2	com.jsoniter.TestBoolean#test_streaming	PASS				2
c195	FTSETUP	com.jsoniter.suite.StreamingTests.setup	OK
c195	FT	1	com.jsoniter.TestString#test_ascii_string_with_escape	PASS				66
c195	FT	2	com.jsoniter.TestBoolean#test_streaming	PASS				3
c196	FTSETUP	com.jsoniter.suite.StreamingTests.setup	OK
c196	FT	1	com.jsoniter.TestString#test_incomplete_escape	PASS				56
c196	FT	2	com.jsoniter.TestBoolean#test_streaming	PASS				2
c197	FTSETUP	com.jsoniter.suite.StreamingTests.setup	OK
c197	FT	1	com.jsoniter.TestString#test_incomplete_string	PASS				68
c197	FT	2	com.jsoniter.TestBoolean#test_streaming	PASS				6
c198	FTSETUP	com.jsoniter.suite.StreamingTests.setup	OK
c198	FT	1	com.jsoniter.TestString#test_invalid_string	PASS				60
c198	FT	2	com.jsoniter.TestBoolean#test_streaming	PASS				3
c199	FTSETUP	com.jsoniter.suite.StreamingTests.setup	OK
c199	FT	1	com.jsoniter.TestString#test_larger_than_buffer	PASS				87
c199	FT	2	com.jsoniter.TestBoolean#test_streaming	PASS				2
c200	FTSETUP	com.jsoniter.suite.StreamingTests.setup	OK
c200	FT	1	com.jsoniter.TestString#test_long_string	PASS				63
c200	FT	2	com.jsoniter.TestBoolean#test_streaming	PASS				5
c201	FTSETUP	com.jsoniter.suite.StreamingTests.setup	OK
c201	FT	1	com.jsoniter.TestString#test_long_string_in_streaming	PASS				76
c201	FT	2	com.jsoniter.TestBoolean#test_streaming	PASS				4
c202	FTSETUP	com.jsoniter.suite.StreamingTests.setup	OK
c202	FT	1	com.jsoniter.TestString#test_normal_escape	PASS				64
c202	FT	2	com.jsoniter.TestBoolean#test_streaming	PASS				5
c203	FTSETUP	com.jsoniter.suite.StreamingTests.setup	OK
c203	FT	1	com.jsoniter.TestString#test_null_string	PASS				59
c203	FT	2	com.jsoniter.TestBoolean#test_streaming	PASS				2
c204	FTSETUP	com.jsoniter.suite.StreamingTests.setup	OK
c204	FT	1	com.jsoniter.TestString#test_string_across_buffer	PASS				70
c204	FT	2	com.jsoniter.TestBoolean#test_streaming	PASS				4
c205	FTSETUP	com.jsoniter.suite.StreamingTests.setup	OK
c205	FT	1	com.jsoniter.TestString#test_surrogate	PASS				68
c205	FT	2	com.jsoniter.TestBoolean#test_streaming	PASS				2
c206	FTSETUP	com.jsoniter.suite.StreamingTests.setup	OK
c206	FT	1	com.jsoniter.TestString#test_unicode_escape	PASS				53
c206	FT	2	com.jsoniter.TestBoolean#test_streaming	PASS				2
c207	FTSETUP	com.jsoniter.suite.StreamingTests.setup	OK
c207	FT	1	com.jsoniter.TestString#test_utf8	PASS				43
c207	FT	2	com.jsoniter.TestBoolean#test_streaming	PASS				2
c208	FTSETUP	com.jsoniter.suite.StreamingTests.setup	OK
c208	FT	1	com.jsoniter.TestString#test_utf8_string	PASS				46
c208	FT	2	com.jsoniter.TestBoolean#test_streaming	PASS				4
c209	FTSETUP	com.jsoniter.suite.StreamingTests.setup	OK
c209	FT	1	com.jsoniter.TestWhatIsNext#test	PASS				58
c209	FT	2	com.jsoniter.TestBoolean#test_streaming	PASS				8
