c0	FT	1	com.alibaba.json.bvt.issue_1200.Issue1202#test_for_issue	PASS				463
c0	FT	2	com.alibaba.json.bvt.issue_1200.Issue1298#test_for_issue_1	PASS				29
c1	FT	1	com.alibaba.json.bvt.issue_1200.Issue1203#test_for_issue	PASS				419
c1	FT	2	com.alibaba.json.bvt.issue_1200.Issue1298#test_for_issue_1	FAIL	junit.framework.ComparisonFailure	expected:<"2017-08-15T20:00:00[+08:00]"> but was:<"2017-08-15T20:00:00[Z]">	junit.framework.Assert.assertEquals|junit.framework.Assert.assertEquals|junit.framework.TestCase.assertEquals|com.alibaba.json.bvt.issue_1200.Issue1298.test_for_issue_1|sun.reflect.NativeMethodAccessorImpl.invoke0|sun.reflect.NativeMethodAccessorImpl.invoke|sun.reflect.DelegatingMethodAccessorImpl.invoke|java.lang.reflect.Method.invoke|junit.framework.TestCase.runTest|junit.framework.TestCase.runBare|junit.framework.TestResult$1.protect|junit.framework.TestResult.runProtected	95
c2	FT	1	com.alibaba.json.bvt.issue_1200.Issue1205#test_for_issue	PASS				412
c2	FT	2	com.alibaba.json.bvt.issue_1200.Issue1298#test_for_issue_1	FAIL	junit.framework.ComparisonFailure	expected:<"2017-08-15T20:00:00[+08:00]"> but was:<"2017-08-15T20:00:00[Z]">	junit.framework.Assert.assertEquals|junit.framework.Assert.assertEquals|junit.framework.TestCase.assertEquals|com.alibaba.json.bvt.issue_1200.Issue1298.test_for_issue_1|sun.reflect.NativeMethodAccessorImpl.invoke0|sun.reflect.NativeMethodAccessorImpl.invoke|sun.reflect.DelegatingMethodAccessorImpl.invoke|java.lang.reflect.Method.invoke|junit.framework.TestCase.runTest|junit.framework.TestCase.runBare|junit.framework.TestResult$1.protect|junit.framework.TestResult.runProtected	44
c3	FT	1	com.alibaba.json.bvt.issue_1200.Issue1222#test_for_issue	PASS				415
c3	FT	2	com.alibaba.json.bvt.issue_1200.Issue1298#test_for_issue_1	FAIL	junit.framework.ComparisonFailure	expected:<"2017-08-15T20:00:00[+08:00]"> but was:<"2017-08-15T20:00:00[Z]">	junit.framework.Assert.assertEquals|junit.framework.Assert.assertEquals|junit.framework.TestCase.assertEquals|com.alibaba.json.bvt.issue_1200.Issue1298.test_for_issue_1|sun.reflect.NativeMethodAccessorImpl.invoke0|sun.reflect.NativeMethodAccessorImpl.invoke|sun.reflect.DelegatingMethodAccessorImpl.invoke|java.lang.reflect.Method.invoke|junit.framework.TestCase.runTest|junit.framework.TestCase.runBare|junit.framework.TestResult$1.protect|junit.framework.TestResult.runProtected	35
c4	FT	1	com.alibaba.json.bvt.issue_1200.Issue1222_1#test_for_issue	PASS				419
c4	FT	2	com.alibaba.json.bvt.issue_1200.Issue1298#test_for_issue_1	FAIL	junit.framework.ComparisonFailure	expected:<"2017-08-15T20:00:00[+08:00]"> but was:<"2017-08-15T20:00:00[Z]">	junit.framework.Assert.assertEquals|junit.framework.Assert.assertEquals|junit.framework.TestCase.assertEquals|com.alibaba.json.bvt.issue_1200.Issue1298.test_for_issue_1|sun.reflect.NativeMethodAccessorImpl.invoke0|sun.reflect.NativeMethodAccessorImpl.invoke|sun.reflect.DelegatingMethodAccessorImpl.invoke|java.lang.reflect.Method.invoke|junit.framework.TestCase.runTest|junit.framework.TestCase.runBare|junit.framework.TestResult$1.protect|junit.framework.TestResult.runProtected	31
c5	FT	1	com.alibaba.json.bvt.issue_1200.Issue1225#test_parseObject_2	PASS				402
c5	FT	2	com.alibaba.json.bvt.issue_1200.Issue1298#test_for_issue_1	FAIL	junit.framework.ComparisonFailure	expected:<"2017-08-15T20:00:00[+08:00]"> but was:<"2017-08-15T20:00:00[Z]">	junit.framework.Assert.assertEquals|junit.framework.Assert.assertEquals|junit.framework.TestCase.assertEquals|com.alibaba.json.bvt.issue_1200.Issue1298.test_for_issue_1|sun.reflect.NativeMethodAccessorImpl.invoke0|sun.reflect.NativeMethodAccessorImpl.invoke|sun.reflect.DelegatingMethodAccessorImpl.invoke|java.lang.reflect.Method.invoke|junit.framework.TestCase.runTest|junit.framework.TestCase.runBare|junit.framework.TestResult$1.protect|junit.framework.TestResult.runProtected	32
c6	FT	1	com.alibaba.json.bvt.issue_1200.Issue1226#test_for_issue	PASS				477
c6	FT	2	com.alibaba.json.bvt.issue_1200.Issue1298#test_for_issue_1	FAIL	junit.framework.ComparisonFailure	expected:<"2017-08-15T20:00:00[+08:00]"> but was:<"2017-08-15T20:00:00[Z]">	junit.framework.Assert.assertEquals|junit.framework.Assert.assertEquals|junit.framework.TestCase.assertEquals|com.alibaba.json.bvt.issue_1200.Issue1298.test_for_issue_1|sun.reflect.NativeMethodAccessorImpl.invoke0|sun.reflect.NativeMethodAccessorImpl.invoke|sun.reflect.DelegatingMethodAccessorImpl.invoke|java.lang.reflect.Method.invoke|junit.framework.TestCase.runTest|junit.framework.TestCase.runBare|junit.framework.TestResult$1.protect|junit.framework.TestResult.runProtected	-622
c7	FT	1	com.alibaba.json.bvt.issue_1200.Issue1227#test_for_issue	PASS				-605
c7	FT	2	com.alibaba.json.bvt.issue_1200.Issue1298#test_for_issue_1	FAIL	junit.framework.ComparisonFailure	expected:<"2017-08-15T20:00:00[+08:00]"> but was:<"2017-08-15T20:00:00[Z]">	junit.framework.Assert.assertEquals|junit.framework.Assert.assertEquals|junit.framework.TestCase.assertEquals|com.alibaba.json.bvt.issue_1200.Issue1298.test_for_issue_1|sun.reflect.NativeMethodAccessorImpl.invoke0|sun.reflect.NativeMethodAccessorImpl.invoke|sun.reflect.DelegatingMethodAccessorImpl.invoke|java.lang.reflect.Method.invoke|junit.framework.TestCase.runTest|junit.framework.TestCase.runBare|junit.framework.TestResult$1.protect|junit.framework.TestResult.runProtected	18
c8	FT	1	com.alibaba.json.bvt.issue_1200.Issue1229#test_for_issue	PASS				412
c8	FT	2	com.alibaba.json.bvt.issue_1200.Issue1298#test_for_issue_1	FAIL	junit.framework.ComparisonFailure	expected:<"2017-08-15T20:00:00[+08:00]"> but was:<"2017-08-15T20:00:00[Z]">	junit.framework.Assert.assertEquals|junit.framework.Assert.assertEquals|junit.framework.TestCase.assertEquals|com.alibaba.json.bvt.issue_1200.Issue1298.test_for_issue_1|sun.reflect.NativeMethodAccessorImpl.invoke0|sun.reflect.NativeMethodAccessorImpl.invoke|sun.reflect.DelegatingMethodAccessorImpl.invoke|java.lang.reflect.Method.invoke|junit.framework.TestCase.runTest|junit.framework.TestCase.runBare|junit.framework.TestResult$1.protect|junit.framework.TestResult.runProtected	35
c9	FT	1	com.alibaba.json.bvt.issue_1200.Issue1231#test_for_issue	PASS				433
c9	FT	2	com.alibaba.json.bvt.issue_1200.Issue1298#test_for_issue_1	FAIL	junit.framework.ComparisonFailure	expected:<"2017-08-15T20:00:00[+08:00]"> but was:<"2017-08-15T20:00:00[Z]">	junit.framework.Assert.assertEquals|junit.framework.Assert.assertEquals|junit.framework.TestCase.assertEquals|com.alibaba.json.bvt.issue_1200.Issue1298.test_for_issue_1|sun.reflect.NativeMethodAccessorImpl.invoke0|sun.reflect.NativeMethodAccessorImpl.invoke|sun.reflect.DelegatingMethodAccessorImpl.invoke|java.lang.reflect.Method.invoke|junit.framework.TestCase.runTest|junit.framework.TestCase.runBare|junit.framework.TestResult$1.protect|junit.framework.TestResult.runProtected	17
c10	FT	1	com.alibaba.json.bvt.issue_1200.Issue1233#test_for_issue	PASS				434
c10	FT	2	com.alibaba.json.bvt.issue_1200.Issue1298#test_for_issue_1	FAIL	junit.framework.ComparisonFailure	expected:<"2017-08-15T20:00:00[+08:00]"> but was:<"2017-08-15T20:00:00[Z]">	junit.framework.Assert.assertEquals|junit.framework.Assert.assertEquals|junit.framework.TestCase.assertEquals|com.alibaba.json.bvt.issue_1200.Issue1298.test_for_issue_1|sun.reflect.NativeMethodAccessorImpl.invoke0|sun.reflect.NativeMethodAccessorImpl.invoke|sun.reflect.DelegatingMethodAccessorImpl.invoke|java.lang.reflect.Method.invoke|junit.framework.TestCase.runTest|junit.framework.TestCase.runBare|junit.framework.TestResult$1.protect|junit.framework.TestResult.runProtected	17
c11	FT	1	com.alibaba.json.bvt.issue_1200.Issue1235#test_for_issue	PASS				445
c11	FT	2	com.alibaba.json.bvt.issue_1200.Issue1298#test_for_issue_1	FAIL	junit.framework.ComparisonFailure	expected:<"2017-08-15T20:00:00[+08:00]"> but was:<"2017-08-15T20:00:00[Z]">	junit.framework.Assert.assertEquals|junit.framework.Assert.assertEquals|junit.framework.TestCase.assertEquals|com.alibaba.json.bvt.issue_1200.Issue1298.test_for_issue_1|sun.reflect.NativeMethodAccessorImpl.invoke0|sun.reflect.NativeMethodAccessorImpl.invoke|sun.reflect.DelegatingMethodAccessorImpl.invoke|java.lang.reflect.Method.invoke|junit.framework.TestCase.runTest|junit.framework.TestCase.runBare|junit.framework.TestResult$1.protect|junit.framework.TestResult.runProtected	18
c12	FT	1	com.alibaba.json.bvt.issue_1200.Issue1235_noasm#test_for_issue	PASS				475
c12	FT	2	com.alibaba.json.bvt.issue_1200.Issue1298#test_for_issue_1	FAIL	junit.framework.ComparisonFailure	expected:<"2017-08-15T20:00:00[+08:00]"> but was:<"2017-08-15T20:00:00[Z]">	junit.framework.Assert.assertEquals|junit.framework.Assert.assertEquals|junit.framework.TestCase.assertEquals|com.alibaba.json.bvt.issue_1200.Issue1298.test_for_issue_1|sun.reflect.NativeMethodAccessorImpl.invoke0|sun.reflect.NativeMethodAccessorImpl.invoke|sun.reflect.DelegatingMethodAccessorImpl.invoke|java.lang.reflect.Method.invoke|junit.framework.TestCase.runTest|junit.framework.TestCase.runBare|junit.framework.TestResult$1.protect|junit.framework.TestResult.runProtected	22
c13	FT	1	com.alibaba.json.bvt.issue_1200.Issue1240#test_for_issue	PASS				413
c13	FT	2	com.alibaba.json.bvt.issue_1200.Issue1298#test_for_issue_1	FAIL	junit.framework.ComparisonFailure	expected:<"2017-08-15T20:00:00[+08:00]"> but was:<"2017-08-15T20:00:00[Z]">	junit.framework.Assert.assertEquals|junit.framework.Assert.assertEquals|junit.framework.TestCase.assertEquals|com.alibaba.json.bvt.issue_1200.Issue1298.test_for_issue_1|sun.reflect.NativeMethodAccessorImpl.invoke0|sun.reflect.NativeMethodAccessorImpl.invoke|sun.reflect.DelegatingMethodAccessorImpl.invoke|java.lang.reflect.Method.invoke|junit.framework.TestCase.runTest|junit.framework.TestCase.runBare|junit.framework.TestResult$1.protect|junit.framework.TestResult.runProtected	16
c14	{}
c14	{"ab":{}}
c14	{"ab":{}}
c14	FT	1	com.alibaba.json.bvt.issue_1200.Issue1246#test_for_issue	PASS				432
c14	FT	2	com.alibaba.json.bvt.issue_1200.Issue1298#test_for_issue_1	FAIL	junit.framework.ComparisonFailure	expected:<"2017-08-15T20:00:00[+08:00]"> but was:<"2017-08-15T20:00:00[Z]">	junit.framework.Assert.assertEquals|junit.framework.Assert.assertEquals|junit.framework.TestCase.assertEquals|com.alibaba.json.bvt.issue_1200.Issue1298.test_for_issue_1|sun.reflect.NativeMethodAccessorImpl.invoke0|sun.reflect.NativeMethodAccessorImpl.invoke|sun.reflect.DelegatingMethodAccessorImpl.invoke|java.lang.reflect.Method.invoke|junit.framework.TestCase.runTest|junit.framework.TestCase.runBare|junit.framework.TestResult$1.protect|junit.framework.TestResult.runProtected	21
c15	{"_parentId":"001"}
c15	{"_parentId":"001"}
c15	FT	1	com.alibaba.json.bvt.issue_1200.Issue1254#test_for_issue	PASS				335
c15	FT	2	com.alibaba.json.bvt.issue_1200.Issue1298#test_for_issue_1	FAIL	junit.framework.ComparisonFailure	expected:<"2017-08-15T20:00:00[+08:00]"> but was:<"2017-08-15T20:00:00[Z]">	junit.framework.Assert.assertEquals|junit.framework.Assert.assertEquals|junit.framework.TestCase.assertEquals|com.alibaba.json.bvt.issue_1200.Issue1298.test_for_issue_1|sun.reflect.NativeMethodAccessorImpl.invoke0|sun.reflect.NativeMethodAccessorImpl.invoke|sun.reflect.DelegatingMethodAccessorImpl.invoke|java.lang.reflect.Method.invoke|junit.framework.TestCase.runTest|junit.framework.TestCase.runBare|junit.framework.TestResult$1.protect|junit.framework.TestResult.runProtected	20
c16	FT	1	com.alibaba.json.bvt.issue_1200.Issue1256#test_for_issue	PASS				299
c16	FT	2	com.alibaba.json.bvt.issue_1200.Issue1298#test_for_issue_1	FAIL	junit.framework.ComparisonFailure	expected:<"2017-08-15T20:00:00[+08:00]"> but was:<"2017-08-15T20:00:00[Z]">	junit.framework.Assert.assertEquals|junit.framework.Assert.assertEquals|junit.framework.TestCase.assertEquals|com.alibaba.json.bvt.issue_1200.Issue1298.test_for_issue_1|sun.reflect.NativeMethodAccessorImpl.invoke0|sun.reflect.NativeMethodAccessorImpl.invoke|sun.reflect.DelegatingMethodAccessorImpl.invoke|java.lang.reflect.Method.invoke|junit.framework.TestCase.runTest|junit.framework.TestCase.runBare|junit.framework.TestResult$1.protect|junit.framework.TestResult.runProtected	20
c17	FT	1	com.alibaba.json.bvt.issue_1200.Issue1262#test_for_issue	PASS				312
c17	FT	2	com.alibaba.json.bvt.issue_1200.Issue1298#test_for_issue_1	FAIL	junit.framework.ComparisonFailure	expected:<"2017-08-15T20:00:00[+08:00]"> but was:<"2017-08-15T20:00:00[Z]">	junit.framework.Assert.assertEquals|junit.framework.Assert.assertEquals|junit.framework.TestCase.assertEquals|com.alibaba.json.bvt.issue_1200.Issue1298.test_for_issue_1|sun.reflect.NativeMethodAccessorImpl.invoke0|sun.reflect.NativeMethodAccessorImpl.invoke|sun.reflect.DelegatingMethodAccessorImpl.invoke|java.lang.reflect.Method.invoke|junit.framework.TestCase.runTest|junit.framework.TestCase.runBare|junit.framework.TestResult$1.protect|junit.framework.TestResult.runProtected	28
c18	FT	1	com.alibaba.json.bvt.issue_1200.Issue1265#test_0	PASS				320
c18	FT	2	com.alibaba.json.bvt.issue_1200.Issue1298#test_for_issue_1	FAIL	junit.framework.ComparisonFailure	expected:<"2017-08-15T20:00:00[+08:00]"> but was:<"2017-08-15T20:00:00[Z]">	junit.framework.Assert.assertEquals|junit.framework.Assert.assertEquals|junit.framework.TestCase.assertEquals|com.alibaba.json.bvt.issue_1200.Issue1298.test_for_issue_1|sun.reflect.NativeMethodAccessorImpl.invoke0|sun.reflect.NativeMethodAccessorImpl.invoke|sun.reflect.DelegatingMethodAccessorImpl.invoke|java.lang.reflect.Method.invoke|junit.framework.TestCase.runTest|junit.framework.TestCase.runBare|junit.framework.TestResult$1.protect|junit.framework.TestResult.runProtected	25
c19	FT	1	com.alibaba.json.bvt.issue_1200.Issue1267#test_for_issue	PASS				314
c19	FT	2	com.alibaba.json.bvt.issue_1200.Issue1298#test_for_issue_1	FAIL	junit.framework.ComparisonFailure	expected:<"2017-08-15T20:00:00[+08:00]"> but was:<"2017-08-15T20:00:00[Z]">	junit.framework.Assert.assertEquals|junit.framework.Assert.assertEquals|junit.framework.TestCase.assertEquals|com.alibaba.json.bvt.issue_1200.Issue1298.test_for_issue_1|sun.reflect.NativeMethodAccessorImpl.invoke0|sun.reflect.NativeMethodAccessorImpl.invoke|sun.reflect.DelegatingMethodAccessorImpl.invoke|java.lang.reflect.Method.invoke|junit.framework.TestCase.runTest|junit.framework.TestCase.runBare|junit.framework.TestResult$1.protect|junit.framework.TestResult.runProtected	13
c20	setter not found, class com.alibaba.json.bvt.issue_1200.Issue1271$A, property b
c20	setter not found, class com.alibaba.json.bvt.issue_1200.Issue1271$B, property b
c20	FT	1	com.alibaba.json.bvt.issue_1200.Issue1271#test_for_issue	PASS				316
c20	FT	2	com.alibaba.json.bvt.issue_1200.Issue1298#test_for_issue_1	FAIL	junit.framework.ComparisonFailure	expected:<"2017-08-15T20:00:00[+08:00]"> but was:<"2017-08-15T20:00:00[Z]">	junit.framework.Assert.assertEquals|junit.framework.Assert.assertEquals|junit.framework.TestCase.assertEquals|com.alibaba.json.bvt.issue_1200.Issue1298.test_for_issue_1|sun.reflect.NativeMethodAccessorImpl.invoke0|sun.reflect.NativeMethodAccessorImpl.invoke|sun.reflect.DelegatingMethodAccessorImpl.invoke|java.lang.reflect.Method.invoke|junit.framework.TestCase.runTest|junit.framework.TestCase.runBare|junit.framework.TestResult$1.protect|junit.framework.TestResult.runProtected	22
c21	FT	1	com.alibaba.json.bvt.issue_1200.Issue1272#test_for_issue	PASS				282
c21	FT	2	com.alibaba.json.bvt.issue_1200.Issue1298#test_for_issue_1	FAIL	junit.framework.ComparisonFailure	expected:<"2017-08-15T20:00:00[+08:00]"> but was:<"2017-08-15T20:00:00[Z]">	junit.framework.Assert.assertEquals|junit.framework.Assert.assertEquals|junit.framework.TestCase.assertEquals|com.alibaba.json.bvt.issue_1200.Issue1298.test_for_issue_1|sun.reflect.NativeMethodAccessorImpl.invoke0|sun.reflect.NativeMethodAccessorImpl.invoke|sun.reflect.DelegatingMethodAccessorImpl.invoke|java.lang.reflect.Method.invoke|junit.framework.TestCase.runTest|junit.framework.TestCase.runBare|junit.framework.TestResult$1.protect|junit.framework.TestResult.runProtected	19
c22	FT	1	com.alibaba.json.bvt.issue_1200.Issue1272_IgnoreError#test_for_issue	PASS				286
c22	FT	2	com.alibaba.json.bvt.issue_1200.Issue1298#test_for_issue_1	FAIL	junit.framework.ComparisonFailure	expected:<"2017-08-15T20:00:00[+08:00]"> but was:<"2017-08-15T20:00:00[Z]">	junit.framework.Assert.assertEquals|junit.framework.Assert.assertEquals|junit.framework.TestCase.assertEquals|com.alibaba.json.bvt.issue_1200.Issue1298.test_for_issue_1|sun.reflect.NativeMethodAccessorImpl.invoke0|sun.reflect.NativeMethodAccessorImpl.invoke|sun.reflect.DelegatingMethodAccessorImpl.invoke|java.lang.reflect.Method.invoke|junit.framework.TestCase.runTest|junit.framework.TestCase.runBare|junit.framework.TestResult$1.protect|junit.framework.TestResult.runProtected	23
c23	name=id,value=1
c23	name=name,value=name
c23	{"id":1,"nt":"name"}
c23	name=id,value=1
c23	name=name,value=name
c23	{"id":1,"nt":"name"}
c23	FT	1	com.alibaba.json.bvt.issue_1200.Issue1274#test_for_issue	PASS				310
c23	FT	2	com.alibaba.json.bvt.issue_1200.Issue1298#test_for_issue_1	FAIL	junit.framework.ComparisonFailure	expected:<"2017-08-15T20:00:00[+08:00]"> but was:<"2017-08-15T20:00:00[Z]">	junit.framework.Assert.assertEquals|junit.framework.Assert.assertEquals|junit.framework.TestCase.assertEquals|com.alibaba.json.bvt.issue_1200.Issue1298.test_for_issue_1|sun.reflect.NativeMethodAccessorImpl.invoke0|sun.reflect.NativeMethodAccessorImpl.invoke|sun.reflect.DelegatingMethodAccessorImpl.invoke|java.lang.reflect.Method.invoke|junit.framework.TestCase.runTest|junit.framework.TestCase.runBare|junit.framework.TestResult$1.protect|junit.framework.TestResult.runProtected	22
c24	{"@type":"com.alibaba.json.bvt.issue_1200.Issue1276$MyException","code":100,"localizedMessage":"error msg","message":"error msg","stackTrace":[{"className":"com.alibaba.json.bvt.issue_1200.Issue1276","fileName":"Issue1276.java","lineNumber":11,"methodName":"test_for_issue","nativeMethod":false},{"className":"sun.reflect.NativeMethodAccessorImpl","fileName":"NativeMethodAccessorImpl.java","lineNumber":-2,"methodName":"invoke0","nativeMethod":true},{"className":"sun.reflect.NativeMethodAccessorImpl","fileName":"NativeMethodAccessorImpl.java","lineNumber":62,"methodName":"invoke","nativeMethod":false},{"className":"sun.reflect.DelegatingMethodAccessorImpl","fileName":"DelegatingMethodAccessorImpl.java","lineNumber":43,"methodName":"invoke","nativeMethod":false},{"className":"java.lang.reflect.Method","fileName":"Method.java","lineNumber":498,"methodName":"invoke","nativeMethod":false},{"className":"junit.framework.TestCase","fileName":"TestCase.java","lineNumber":176,"methodName":"runTest","nativeMethod":false},{"className":"junit.framework.TestCase","fileName":"TestCase.java","lineNumber":141,"methodName":"runBare","nativeMethod":false},{"className":"junit.framework.TestResult$1","fileName":"TestResult.java","lineNumber":122,"methodName":"protect","nativeMethod":false},{"className":"junit.framework.TestResult","fileName":"TestResult.java","lineNumber":142,"methodName":"runProtected","nativeMethod":false},{"className":"junit.framework.TestResult","fileName":"TestResult.java","lineNumber":125,"methodName":"run","nativeMethod":false},{"className":"junit.framework.TestCase","fileName":"TestCase.java","lineNumber":129,"methodName":"run","nativeMethod":false},{"className":"junit.framework.TestSuite","fileName":"TestSuite.java","lineNumber":252,"methodName":"runTest","nativeMethod":false},{"className":"junit.framework.TestSuite","fileName":"TestSuite.java","lineNumber":247,"methodName":"run","nativeMethod":false},{"className":"org.junit.internal.runners.JUnit38ClassRunner","fileName":"JUnit38ClassRunner.java","lineNumber":86,"methodName":"run","nativeMethod":false},{"className":"org.junit.runner.JUnitCore","fileName":"JUnitCore.java","lineNumber":137,"methodName":"run","nativeMethod":false},{"className":"org.junit.runner.JUnitCore","fileName":"JUnitCore.java","lineNumber":115,"methodName":"run","nativeMethod":false},{"className":"FtRunner","fileName":"FtRunner.java","lineNumber":72,"methodName":"main","nativeMethod":false}]}
c24	FT	1	com.alibaba.json.bvt.issue_1200.Issue1276#test_for_issue	PASS				340
c24	FT	2	com.alibaba.json.bvt.issue_1200.Issue1298#test_for_issue_1	FAIL	junit.framework.ComparisonFailure	expected:<"2017-08-15T20:00:00[+08:00]"> but was:<"2017-08-15T20:00:00[Z]">	junit.framework.Assert.assertEquals|junit.framework.Assert.assertEquals|junit.framework.TestCase.assertEquals|com.alibaba.json.bvt.issue_1200.Issue1298.test_for_issue_1|sun.reflect.NativeMethodAccessorImpl.invoke0|sun.reflect.NativeMethodAccessorImpl.invoke|sun.reflect.DelegatingMethodAccessorImpl.invoke|java.lang.reflect.Method.invoke|junit.framework.TestCase.runTest|junit.framework.TestCase.runBare|junit.framework.TestResult$1.protect|junit.framework.TestResult.runProtected	12
c25	FT	1	com.alibaba.json.bvt.issue_1200.Issue1278#test_for_issue	PASS				296
c25	FT	2	com.alibaba.json.bvt.issue_1200.Issue1298#test_for_issue_1	FAIL	junit.framework.ComparisonFailure	expected:<"2017-08-15T20:00:00[+08:00]"> but was:<"2017-08-15T20:00:00[Z]">	junit.framework.Assert.assertEquals|junit.framework.Assert.assertEquals|junit.framework.TestCase.assertEquals|com.alibaba.json.bvt.issue_1200.Issue1298.test_for_issue_1|sun.reflect.NativeMethodAccessorImpl.invoke0|sun.reflect.NativeMethodAccessorImpl.invoke|sun.reflect.DelegatingMethodAccessorImpl.invoke|java.lang.reflect.Method.invoke|junit.framework.TestCase.runTest|junit.framework.TestCase.runBare|junit.framework.TestResult$1.protect|junit.framework.TestResult.runProtected	23
c26	FT	1	com.alibaba.json.bvt.issue_1200.Issue1281#test_for_issue	PASS				108
c26	FT	2	com.alibaba.json.bvt.issue_1200.Issue1298#test_for_issue_1	FAIL	junit.framework.ComparisonFailure	expected:<"2017-08-15T20:00:00[+08:00]"> but was:<"2017-08-15T20:00:00[Z]">	junit.framework.Assert.assertEquals|junit.framework.Assert.assertEquals|junit.framework.TestCase.assertEquals|com.alibaba.json.bvt.issue_1200.Issue1298.test_for_issue_1|sun.reflect.NativeMethodAccessorImpl.invoke0|sun.reflect.NativeMethodAccessorImpl.invoke|sun.reflect.DelegatingMethodAccessorImpl.invoke|java.lang.reflect.Method.invoke|junit.framework.TestCase.runTest|junit.framework.TestCase.runBare|junit.framework.TestResult$1.protect|junit.framework.TestResult.runProtected	178
c27	FT	1	com.alibaba.json.bvt.issue_1200.Issue1293#test_for_issue	PASS				287
c27	FT	2	com.alibaba.json.bvt.issue_1200.Issue1298#test_for_issue_1	FAIL	junit.framework.ComparisonFailure	expected:<"2017-08-15T20:00:00[+08:00]"> but was:<"2017-08-15T20:00:00[Z]">	junit.framework.Assert.assertEquals|junit.framework.Assert.assertEquals|junit.framework.TestCase.assertEquals|com.alibaba.json.bvt.issue_1200.Issue1298.test_for_issue_1|sun.reflect.NativeMethodAccessorImpl.invoke0|sun.reflect.NativeMethodAccessorImpl.invoke|sun.reflect.DelegatingMethodAccessorImpl.invoke|java.lang.reflect.Method.invoke|junit.framework.TestCase.runTest|junit.framework.TestCase.runBare|junit.framework.TestResult$1.protect|junit.framework.TestResult.runProtected	25
c28	FT	1	com.alibaba.json.bvt.issue_1200.Issue1298#test_for_issue	FAIL	junit.framework.ComparisonFailure	expected:<"2017-06-29T[10:36:30+08:00]"> but was:<"2017-06-29T[02:36:30Z]">	junit.framework.Assert.assertEquals|junit.framework.Assert.assertEquals|junit.framework.TestCase.assertEquals|com.alibaba.json.bvt.issue_1200.Issue1298.test_for_issue|sun.reflect.NativeMethodAccessorImpl.invoke0|sun.reflect.NativeMethodAccessorImpl.invoke|sun.reflect.DelegatingMethodAccessorImpl.invoke|java.lang.reflect.Method.invoke|junit.framework.TestCase.runTest|junit.framework.TestCase.runBare|junit.framework.TestResult$1.protect|junit.framework.TestResult.runProtected	316
c28	FT	2	com.alibaba.json.bvt.issue_1200.Issue1298#test_for_issue_1	FAIL	junit.framework.ComparisonFailure	expected:<"2017-08-15T20:00:00[+08:00]"> but was:<"2017-08-15T20:00:00[Z]">	junit.framework.Assert.assertEquals|junit.framework.Assert.assertEquals|junit.framework.TestCase.assertEquals|com.alibaba.json.bvt.issue_1200.Issue1298.test_for_issue_1|sun.reflect.NativeMethodAccessorImpl.invoke0|sun.reflect.NativeMethodAccessorImpl.invoke|sun.reflect.DelegatingMethodAccessorImpl.invoke|java.lang.reflect.Method.invoke|junit.framework.TestCase.runTest|junit.framework.TestCase.runBare|junit.framework.TestResult$1.protect|junit.framework.TestResult.runProtected	1
c29	class com.alibaba.json.bvt.issue_1200.Issue1299$UnitSave
c29	FT	1	com.alibaba.json.bvt.issue_1200.Issue1299#test_for_issue	PASS				313
c29	FT	2	com.alibaba.json.bvt.issue_1200.Issue1298#test_for_issue_1	FAIL	junit.framework.ComparisonFailure	expected:<"2017-08-15T20:00:00[+08:00]"> but was:<"2017-08-15T20:00:00[Z]">	junit.framework.Assert.assertEquals|junit.framework.Assert.assertEquals|junit.framework.TestCase.assertEquals|com.alibaba.json.bvt.issue_1200.Issue1298.test_for_issue_1|sun.reflect.NativeMethodAccessorImpl.invoke0|sun.reflect.NativeMethodAccessorImpl.invoke|sun.reflect.DelegatingMethodAccessorImpl.invoke|java.lang.reflect.Method.invoke|junit.framework.TestCase.runTest|junit.framework.TestCase.runBare|junit.framework.TestResult$1.protect|junit.framework.TestResult.runProtected	25
