w4400	com.alibaba.json.test.TestSysProperty#test_0 com.alibaba.json.bvt.bug.Issue_717#test_for_issue
w4401	com.alibaba.json.test.TestWriteSlashAsSpecial#test_writeSlashAsSpecial com.alibaba.json.bvt.bug.Issue_717#test_for_issue
w4402	com.alibaba.json.test.UTF8Test#test_encode com.alibaba.json.bvt.bug.Issue_717#test_for_issue
w4403	com.alibaba.json.test.UTF8Test_decode#test_encode com.alibaba.json.bvt.bug.Issue_717#test_for_issue
w4404	com.alibaba.json.test.UTF8Test_decode#test_encode_en com.alibaba.json.bvt.bug.Issue_717#test_for_issue
w4405	com.alibaba.json.test.a.A20170327_0#test_0 com.alibaba.json.bvt.bug.Issue_717#test_for_issue
w4406	com.alibaba.json.test.a.Alipay1206#test_for_alipay com.alibaba.json.bvt.bug.Issue_717#test_for_issue
w4407	com.alibaba.json.test.a.AlipayJSONPathReplace#test_jsonpath com.alibaba.json.bvt.bug.Issue_717#test_for_issue
w4408	com.alibaba.json.test.a.CompilerTest#test_for_compiler com.alibaba.json.bvt.bug.Issue_717#test_for_issue
w4409	com.alibaba.json.test.a.GsonTest#test_0 com.alibaba.json.bvt.bug.Issue_717#test_for_issue
w4410	com.alibaba.json.test.benchmark.BenchmarkTest#test_benchmark com.alibaba.json.bvt.bug.Issue_717#test_for_issue
w4411	com.alibaba.json.test.codegen.GenMediaTest#test_codegen com.alibaba.json.bvt.bug.Issue_717#test_for_issue
w4412	com.alibaba.json.test.codegen.GenTest#test_codegen com.alibaba.json.bvt.bug.Issue_717#test_for_issue
w4413	com.alibaba.json.test.codegen.MediaContentGenTest#test_codegen com.alibaba.json.bvt.bug.Issue_717#test_for_issue
w4414	com.alibaba.json.test.deny.NotExistsTest#test_0 com.alibaba.json.bvt.bug.Issue_717#test_for_issue
w4415	com.alibaba.json.test.epubview.TestKlutz#test_0 com.alibaba.json.bvt.bug.Issue_717#test_for_issue
w4416	com.alibaba.json.test.epubview.TestKlutz2#test_page com.alibaba.json.bvt.bug.Issue_717#test_for_issue
w4417	com.alibaba.json.test.epubview.TestKlutz3#test_0 com.alibaba.json.bvt.bug.Issue_717#test_for_issue
w4418	com.alibaba.json.test.generic.GenericTypeTest#testEmbeddedGenericType com.alibaba.json.bvt.bug.Issue_717#test_for_issue
w4419	com.alibaba.json.test.gson.TestChineseQuote#test_chinese_quote com.alibaba.json.bvt.bug.Issue_717#test_for_issue
w4420	com.alibaba.json.test.jackson.JacksonInnerClassTest#test_0 com.alibaba.json.bvt.bug.Issue_717#test_for_issue
w4421	com.alibaba.json.test.jackson.JacksonInnerClassTest#test_1 com.alibaba.json.bvt.bug.Issue_717#test_for_issue
w4422	com.alibaba.json.test.jackson.JacksonTest#test_0 com.alibaba.json.bvt.bug.Issue_717#test_for_issue
w4423	com.alibaba.json.test.jackson.JacksonTest#test_1 com.alibaba.json.bvt.bug.Issue_717#test_for_issue
w4424	com.alibaba.json.test.jackson.JacksonTypeInfoTest#test_typeinfo com.alibaba.json.bvt.bug.Issue_717#test_for_issue
w4425	com.alibaba.json.test.jackson.JacksonUnwrappedTest#test_for_unwrap com.alibaba.json.bvt.bug.Issue_717#test_for_issue
w4426	com.alibaba.json.test.knowissue.Bug_for_loveflying#test_for_loveflying com.alibaba.json.bvt.bug.Issue_717#test_for_issue
w4427	com.alibaba.json.test.performance.DecoderPerformanceTest#test_performance com.alibaba.json.bvt.bug.Issue_717#test_for_issue
w4428	com.alibaba.json.test.performance.IntArrayEncodePerformanceTest#test_0 com.alibaba.json.bvt.bug.Issue_717#test_for_issue
w4429	com.alibaba.json.test.performance.IntegerArrayEncodePerformanceTest#test_0 com.alibaba.json.bvt.bug.Issue_717#test_for_issue
w4430	com.alibaba.json.test.performance.IntegerListEncodePerformanceTest#test_0 com.alibaba.json.bvt.bug.Issue_717#test_for_issue
w4431	com.alibaba.json.test.performance.ObjectDecodePerformanceTest#test_decodeObject com.alibaba.json.bvt.bug.Issue_717#test_for_issue
w4432	com.alibaba.json.test.performance.ObjectEncodePerformanceTest#test_decodeObject com.alibaba.json.bvt.bug.Issue_717#test_for_issue
w4433	com.alibaba.json.test.performance.PageModelPerformanceTest#test_decodeObject com.alibaba.json.bvt.bug.Issue_717#test_for_issue
w4434	com.alibaba.json.test.performance.case1.GenerateTest#testGenInt com.alibaba.json.bvt.bug.Issue_717#test_for_issue
w4435	com.alibaba.json.test.performance.case1.IntDecoderPerformanceTest#test_performance com.alibaba.json.bvt.bug.Issue_717#test_for_issue
w4436	com.alibaba.json.test.performance.case1.IntObjectDecodePerformanceTest#test_decodeObject com.alibaba.json.bvt.bug.Issue_717#test_for_issue
w4437	com.alibaba.json.test.performance.case1.IntObjectEncodePerformanceTest#test_encodeObject com.alibaba.json.bvt.bug.Issue_717#test_for_issue
w4438	com.alibaba.json.test.ryu.RyuDoubleTest#test_0 com.alibaba.json.bvt.bug.Issue_717#test_for_issue
w4439	com.alibaba.json.test.ryu.RyuDoubleTest#test_for_ryu com.alibaba.json.bvt.bug.Issue_717#test_for_issue
w4440	com.alibaba.json.test.ryu.RyuFloatTest#test_0 com.alibaba.json.bvt.bug.Issue_717#test_for_issue
w4441	com.alibaba.json.test.ryu.RyuFloatTest#test_for_ryu com.alibaba.json.bvt.bug.Issue_717#test_for_issue
w4442	com.alibaba.json.test.tmall.TmallTest#test_for_tmall com.alibaba.json.bvt.bug.Issue_717#test_for_issue
w4443	com.derbysoft.spitfire.fastjson.ABCTest#test_abc com.alibaba.json.bvt.bug.Issue_717#test_for_issue
