c0	com.alibaba.json.bvt.issue_1600.Issue1603_field#test_emptyList com.alibaba.json.bvt.issue_1600.Issue1679#test_for_issue
c1	com.alibaba.json.bvt.issue_1600.Issue1603_field#test_emptySet com.alibaba.json.bvt.issue_1600.Issue1679#test_for_issue
c2	com.alibaba.json.bvt.issue_1600.Issue1603_field#test_unmodifier com.alibaba.json.bvt.issue_1600.Issue1679#test_for_issue
c3	com.alibaba.json.bvt.issue_1600.Issue1603_getter#test_emptyList com.alibaba.json.bvt.issue_1600.Issue1679#test_for_issue
c4	com.alibaba.json.bvt.issue_1600.Issue1603_getter#test_emptySet com.alibaba.json.bvt.issue_1600.Issue1679#test_for_issue
c5	com.alibaba.json.bvt.issue_1600.Issue1603_getter#test_unmodifier com.alibaba.json.bvt.issue_1600.Issue1679#test_for_issue
c6	com.alibaba.json.bvt.issue_1600.Issue1603_map#test_emptyMap com.alibaba.json.bvt.issue_1600.Issue1679#test_for_issue
c7	com.alibaba.json.bvt.issue_1600.Issue1603_map#test_unmodifiableMap com.alibaba.json.bvt.issue_1600.Issue1679#test_for_issue
c8	com.alibaba.json.bvt.issue_1600.Issue1603_map_getter#test_emptyMap com.alibaba.json.bvt.issue_1600.Issue1679#test_for_issue
c9	com.alibaba.json.bvt.issue_1600.Issue1603_map_getter#test_unmodifiableMap com.alibaba.json.bvt.issue_1600.Issue1679#test_for_issue
c10	com.alibaba.json.bvt.issue_1600.Issue1611#test_for_issue com.alibaba.json.bvt.issue_1600.Issue1679#test_for_issue
c11	com.alibaba.json.bvt.issue_1600.Issue1627#test_for_issue com.alibaba.json.bvt.issue_1600.Issue1679#test_for_issue
c12	com.alibaba.json.bvt.issue_1600.Issue1628#test_toJSONBytes com.alibaba.json.bvt.issue_1600.Issue1679#test_for_issue
c13	com.alibaba.json.bvt.issue_1600.Issue1628#test_toJSONBytes_1 com.alibaba.json.bvt.issue_1600.Issue1679#test_for_issue
c14	com.alibaba.json.bvt.issue_1600.Issue1628#test_toJSONBytes_2 com.alibaba.json.bvt.issue_1600.Issue1679#test_for_issue
c15	com.alibaba.json.bvt.issue_1600.Issue1633#test_for_issue_bool com.alibaba.json.bvt.issue_1600.Issue1679#test_for_issue
c16	com.alibaba.json.bvt.issue_1600.Issue1633#test_for_issue_int com.alibaba.json.bvt.issue_1600.Issue1679#test_for_issue
c17	com.alibaba.json.bvt.issue_1600.Issue1635#test_issue com.alibaba.json.bvt.issue_1600.Issue1679#test_for_issue
c18	com.alibaba.json.bvt.issue_1600.Issue1635#test_issue_1 com.alibaba.json.bvt.issue_1600.Issue1679#test_for_issue
c19	com.alibaba.json.bvt.issue_1600.Issue1636#test_for_issue_1 com.alibaba.json.bvt.issue_1600.Issue1679#test_for_issue
c20	com.alibaba.json.bvt.issue_1600.Issue1636#test_for_issue_2 com.alibaba.json.bvt.issue_1600.Issue1679#test_for_issue
c21	com.alibaba.json.bvt.issue_1600.Issue1644#test_for_issue com.alibaba.json.bvt.issue_1600.Issue1679#test_for_issue
c22	com.alibaba.json.bvt.issue_1600.Issue1645#test_for_issue com.alibaba.json.bvt.issue_1600.Issue1679#test_for_issue
c23	com.alibaba.json.bvt.issue_1600.Issue1647#test_for_issue com.alibaba.json.bvt.issue_1600.Issue1679#test_for_issue
c24	com.alibaba.json.bvt.issue_1600.Issue1649#test_for_issue com.alibaba.json.bvt.issue_1600.Issue1679#test_for_issue
c25	com.alibaba.json.bvt.issue_1600.Issue1649_private#test_for_issue com.alibaba.json.bvt.issue_1600.Issue1679#test_for_issue
c26	com.alibaba.json.bvt.issue_1600.Issue1653#test_for_issue com.alibaba.json.bvt.issue_1600.Issue1679#test_for_issue
c27	com.alibaba.json.bvt.issue_1600.Issue1657#test_for_issue com.alibaba.json.bvt.issue_1600.Issue1679#test_for_issue
c28	com.alibaba.json.bvt.issue_1600.Issue1660#test_for_issue com.alibaba.json.bvt.issue_1600.Issue1679#test_for_issue
c29	com.alibaba.json.bvt.issue_1600.Issue1662#test_for_issue com.alibaba.json.bvt.issue_1600.Issue1679#test_for_issue
c30	com.alibaba.json.bvt.issue_1600.Issue1662_1#test_for_issue com.alibaba.json.bvt.issue_1600.Issue1679#test_for_issue
c31	com.alibaba.json.bvt.issue_1600.Issue1665#test_for_issue com.alibaba.json.bvt.issue_1600.Issue1679#test_for_issue
c32	com.alibaba.json.bvt.issue_1600.Issue1683#test_for_issue com.alibaba.json.bvt.issue_1600.Issue1679#test_for_issue
c33	com.alibaba.json.bvt.issue_1600.Issue_for_gaorui#test_for_issue com.alibaba.json.bvt.issue_1600.Issue1679#test_for_issue
