FJ-01__r0	com.alibaba.json.bvt.date.DateTest#test_date
FJ-01__r1	com.alibaba.json.bvt.date.DateTest#test_date
FJ-01__r2	com.alibaba.json.bvt.date.DateTest#test_date
FJ-01__r3	com.alibaba.json.bvt.date.DateTest#test_date
FJ-01__r4	com.alibaba.json.bvt.date.DateTest#test_date
FJ-01__r5	com.alibaba.json.bvt.date.DateTest#test_date
FJ-01__r6	com.alibaba.json.bvt.date.DateTest#test_date
FJ-01__r7	com.alibaba.json.bvt.date.DateTest#test_date
FJ-01__r8	com.alibaba.json.bvt.date.DateTest#test_date
FJ-01__r9	com.alibaba.json.bvt.date.DateTest#test_date
FJ-02__r0	com.alibaba.json.bvt.parser.DefaultExtJSONParser_parseArray#test_7
FJ-02__r1	com.alibaba.json.bvt.parser.DefaultExtJSONParser_parseArray#test_7
FJ-02__r2	com.alibaba.json.bvt.parser.DefaultExtJSONParser_parseArray#test_7
FJ-02__r3	com.alibaba.json.bvt.parser.DefaultExtJSONParser_parseArray#test_7
FJ-02__r4	com.alibaba.json.bvt.parser.DefaultExtJSONParser_parseArray#test_7
FJ-02__r5	com.alibaba.json.bvt.parser.DefaultExtJSONParser_parseArray#test_7
FJ-02__r6	com.alibaba.json.bvt.parser.DefaultExtJSONParser_parseArray#test_7
FJ-02__r7	com.alibaba.json.bvt.parser.DefaultExtJSONParser_parseArray#test_7
FJ-02__r8	com.alibaba.json.bvt.parser.DefaultExtJSONParser_parseArray#test_7
FJ-02__r9	com.alibaba.json.bvt.parser.DefaultExtJSONParser_parseArray#test_7
FJ-03__r0	com.alibaba.json.bvt.serializer.MaxBufSizeTest#test_max_buf
FJ-03__r1	com.alibaba.json.bvt.serializer.MaxBufSizeTest#test_max_buf
FJ-03__r2	com.alibaba.json.bvt.serializer.MaxBufSizeTest#test_max_buf
FJ-03__r3	com.alibaba.json.bvt.serializer.MaxBufSizeTest#test_max_buf
FJ-03__r4	com.alibaba.json.bvt.serializer.MaxBufSizeTest#test_max_buf
FJ-03__r5	com.alibaba.json.bvt.serializer.MaxBufSizeTest#test_max_buf
FJ-03__r6	com.alibaba.json.bvt.serializer.MaxBufSizeTest#test_max_buf
FJ-03__r7	com.alibaba.json.bvt.serializer.MaxBufSizeTest#test_max_buf
FJ-03__r8	com.alibaba.json.bvt.serializer.MaxBufSizeTest#test_max_buf
FJ-03__r9	com.alibaba.json.bvt.serializer.MaxBufSizeTest#test_max_buf
FJ-04__r0	com.alibaba.json.bvt.serializer.JSONSerializerTest2#test_0
FJ-04__r1	com.alibaba.json.bvt.serializer.JSONSerializerTest2#test_0
FJ-04__r2	com.alibaba.json.bvt.serializer.JSONSerializerTest2#test_0
FJ-04__r3	com.alibaba.json.bvt.serializer.JSONSerializerTest2#test_0
FJ-04__r4	com.alibaba.json.bvt.serializer.JSONSerializerTest2#test_0
FJ-04__r5	com.alibaba.json.bvt.serializer.JSONSerializerTest2#test_0
FJ-04__r6	com.alibaba.json.bvt.serializer.JSONSerializerTest2#test_0
FJ-04__r7	com.alibaba.json.bvt.serializer.JSONSerializerTest2#test_0
FJ-04__r8	com.alibaba.json.bvt.serializer.JSONSerializerTest2#test_0
FJ-04__r9	com.alibaba.json.bvt.serializer.JSONSerializerTest2#test_0
HO-01__r0	com.alibaba.json.bvt.bug.Issue_717#test_for_issue
HO-01__r1	com.alibaba.json.bvt.bug.Issue_717#test_for_issue
HO-01__r2	com.alibaba.json.bvt.bug.Issue_717#test_for_issue
HO-01__r3	com.alibaba.json.bvt.bug.Issue_717#test_for_issue
HO-01__r4	com.alibaba.json.bvt.bug.Issue_717#test_for_issue
HO-01__r5	com.alibaba.json.bvt.bug.Issue_717#test_for_issue
HO-01__r6	com.alibaba.json.bvt.bug.Issue_717#test_for_issue
HO-01__r7	com.alibaba.json.bvt.bug.Issue_717#test_for_issue
HO-01__r8	com.alibaba.json.bvt.bug.Issue_717#test_for_issue
HO-01__r9	com.alibaba.json.bvt.bug.Issue_717#test_for_issue
HO-02__r0	com.alibaba.json.bvt.date.DateTest_tz#test_codec
HO-02__r1	com.alibaba.json.bvt.date.DateTest_tz#test_codec
HO-02__r2	com.alibaba.json.bvt.date.DateTest_tz#test_codec
HO-02__r3	com.alibaba.json.bvt.date.DateTest_tz#test_codec
HO-02__r4	com.alibaba.json.bvt.date.DateTest_tz#test_codec
HO-02__r5	com.alibaba.json.bvt.date.DateTest_tz#test_codec
HO-02__r6	com.alibaba.json.bvt.date.DateTest_tz#test_codec
HO-02__r7	com.alibaba.json.bvt.date.DateTest_tz#test_codec
HO-02__r8	com.alibaba.json.bvt.date.DateTest_tz#test_codec
HO-02__r9	com.alibaba.json.bvt.date.DateTest_tz#test_codec
HO-03__r0	com.alibaba.json.bvt.issue_1200.Issue1298#test_for_issue
HO-03__r1	com.alibaba.json.bvt.issue_1200.Issue1298#test_for_issue
HO-03__r2	com.alibaba.json.bvt.issue_1200.Issue1298#test_for_issue
HO-03__r3	com.alibaba.json.bvt.issue_1200.Issue1298#test_for_issue
HO-03__r4	com.alibaba.json.bvt.issue_1200.Issue1298#test_for_issue
HO-03__r5	com.alibaba.json.bvt.issue_1200.Issue1298#test_for_issue
HO-03__r6	com.alibaba.json.bvt.issue_1200.Issue1298#test_for_issue
HO-03__r7	com.alibaba.json.bvt.issue_1200.Issue1298#test_for_issue
HO-03__r8	com.alibaba.json.bvt.issue_1200.Issue1298#test_for_issue
HO-03__r9	com.alibaba.json.bvt.issue_1200.Issue1298#test_for_issue
HO-04__r0	com.alibaba.json.bvt.issue_1200.Issue1298#test_for_issue_1
HO-04__r1	com.alibaba.json.bvt.issue_1200.Issue1298#test_for_issue_1
HO-04__r2	com.alibaba.json.bvt.issue_1200.Issue1298#test_for_issue_1
HO-04__r3	com.alibaba.json.bvt.issue_1200.Issue1298#test_for_issue_1
HO-04__r4	com.alibaba.json.bvt.issue_1200.Issue1298#test_for_issue_1
HO-04__r5	com.alibaba.json.bvt.issue_1200.Issue1298#test_for_issue_1
HO-04__r6	com.alibaba.json.bvt.issue_1200.Issue1298#test_for_issue_1
HO-04__r7	com.alibaba.json.bvt.issue_1200.Issue1298#test_for_issue_1
HO-04__r8	com.alibaba.json.bvt.issue_1200.Issue1298#test_for_issue_1
HO-04__r9	com.alibaba.json.bvt.issue_1200.Issue1298#test_for_issue_1
HO-05__r0	com.alibaba.json.bvt.issue_1600.Issue1679#test_for_issue
HO-05__r1	com.alibaba.json.bvt.issue_1600.Issue1679#test_for_issue
HO-05__r2	com.alibaba.json.bvt.issue_1600.Issue1679#test_for_issue
HO-05__r3	com.alibaba.json.bvt.issue_1600.Issue1679#test_for_issue
HO-05__r4	com.alibaba.json.bvt.issue_1600.Issue1679#test_for_issue
HO-05__r5	com.alibaba.json.bvt.issue_1600.Issue1679#test_for_issue
HO-05__r6	com.alibaba.json.bvt.issue_1600.Issue1679#test_for_issue
HO-05__r7	com.alibaba.json.bvt.issue_1600.Issue1679#test_for_issue
HO-05__r8	com.alibaba.json.bvt.issue_1600.Issue1679#test_for_issue
HO-05__r9	com.alibaba.json.bvt.issue_1600.Issue1679#test_for_issue
HO-06__r0	com.alibaba.json.bvt.issue_1700.Issue1769#test_for_issue
HO-06__r1	com.alibaba.json.bvt.issue_1700.Issue1769#test_for_issue
HO-06__r2	com.alibaba.json.bvt.issue_1700.Issue1769#test_for_issue
HO-06__r3	com.alibaba.json.bvt.issue_1700.Issue1769#test_for_issue
HO-06__r4	com.alibaba.json.bvt.issue_1700.Issue1769#test_for_issue
HO-06__r5	com.alibaba.json.bvt.issue_1700.Issue1769#test_for_issue
HO-06__r6	com.alibaba.json.bvt.issue_1700.Issue1769#test_for_issue
HO-06__r7	com.alibaba.json.bvt.issue_1700.Issue1769#test_for_issue
HO-06__r8	com.alibaba.json.bvt.issue_1700.Issue1769#test_for_issue
HO-06__r9	com.alibaba.json.bvt.issue_1700.Issue1769#test_for_issue
HO-07__r0	com.alibaba.json.bvt.issue_1900.Issue1977#test_for_issue
HO-07__r1	com.alibaba.json.bvt.issue_1900.Issue1977#test_for_issue
HO-07__r2	com.alibaba.json.bvt.issue_1900.Issue1977#test_for_issue
HO-07__r3	com.alibaba.json.bvt.issue_1900.Issue1977#test_for_issue
HO-07__r4	com.alibaba.json.bvt.issue_1900.Issue1977#test_for_issue
HO-07__r5	com.alibaba.json.bvt.issue_1900.Issue1977#test_for_issue
HO-07__r6	com.alibaba.json.bvt.issue_1900.Issue1977#test_for_issue
HO-07__r7	com.alibaba.json.bvt.issue_1900.Issue1977#test_for_issue
HO-07__r8	com.alibaba.json.bvt.issue_1900.Issue1977#test_for_issue
HO-07__r9	com.alibaba.json.bvt.issue_1900.Issue1977#test_for_issue
HO-08__r0	com.alibaba.json.bvt.parser.DefaultExtJSONParser_parseArray#test_8
HO-08__r1	com.alibaba.json.bvt.parser.DefaultExtJSONParser_parseArray#test_8
HO-08__r2	com.alibaba.json.bvt.parser.DefaultExtJSONParser_parseArray#test_8
HO-08__r3	com.alibaba.json.bvt.parser.DefaultExtJSONParser_parseArray#test_8
HO-08__r4	com.alibaba.json.bvt.parser.DefaultExtJSONParser_parseArray#test_8
HO-08__r5	com.alibaba.json.bvt.parser.DefaultExtJSONParser_parseArray#test_8
HO-08__r6	com.alibaba.json.bvt.parser.DefaultExtJSONParser_parseArray#test_8
HO-08__r7	com.alibaba.json.bvt.parser.DefaultExtJSONParser_parseArray#test_8
HO-08__r8	com.alibaba.json.bvt.parser.DefaultExtJSONParser_parseArray#test_8
HO-08__r9	com.alibaba.json.bvt.parser.DefaultExtJSONParser_parseArray#test_8
HO-09__r0	com.alibaba.json.bvt.serializer.JSONFieldTest5#test_jsonField
HO-09__r1	com.alibaba.json.bvt.serializer.JSONFieldTest5#test_jsonField
HO-09__r2	com.alibaba.json.bvt.serializer.JSONFieldTest5#test_jsonField
HO-09__r3	com.alibaba.json.bvt.serializer.JSONFieldTest5#test_jsonField
HO-09__r4	com.alibaba.json.bvt.serializer.JSONFieldTest5#test_jsonField
HO-09__r5	com.alibaba.json.bvt.serializer.JSONFieldTest5#test_jsonField
HO-09__r6	com.alibaba.json.bvt.serializer.JSONFieldTest5#test_jsonField
HO-09__r7	com.alibaba.json.bvt.serializer.JSONFieldTest5#test_jsonField
HO-09__r8	com.alibaba.json.bvt.serializer.JSONFieldTest5#test_jsonField
HO-09__r9	com.alibaba.json.bvt.serializer.JSONFieldTest5#test_jsonField
HO-10__r0	com.alibaba.json.bvt.serializer.date.DateTest4_indian#test_date
HO-10__r1	com.alibaba.json.bvt.serializer.date.DateTest4_indian#test_date
HO-10__r2	com.alibaba.json.bvt.serializer.date.DateTest4_indian#test_date
HO-10__r3	com.alibaba.json.bvt.serializer.date.DateTest4_indian#test_date
HO-10__r4	com.alibaba.json.bvt.serializer.date.DateTest4_indian#test_date
HO-10__r5	com.alibaba.json.bvt.serializer.date.DateTest4_indian#test_date
HO-10__r6	com.alibaba.json.bvt.serializer.date.DateTest4_indian#test_date
HO-10__r7	com.alibaba.json.bvt.serializer.date.DateTest4_indian#test_date
HO-10__r8	com.alibaba.json.bvt.serializer.date.DateTest4_indian#test_date
HO-10__r9	com.alibaba.json.bvt.serializer.date.DateTest4_indian#test_date
HO-11__r0	com.alibaba.json.bvt.serializer.date.DateTest5_iso8601#test_date
HO-11__r1	com.alibaba.json.bvt.serializer.date.DateTest5_iso8601#test_date
HO-11__r2	com.alibaba.json.bvt.serializer.date.DateTest5_iso8601#test_date
HO-11__r3	com.alibaba.json.bvt.serializer.date.DateTest5_iso8601#test_date
HO-11__r4	com.alibaba.json.bvt.serializer.date.DateTest5_iso8601#test_date
HO-11__r5	com.alibaba.json.bvt.serializer.date.DateTest5_iso8601#test_date
HO-11__r6	com.alibaba.json.bvt.serializer.date.DateTest5_iso8601#test_date
HO-11__r7	com.alibaba.json.bvt.serializer.date.DateTest5_iso8601#test_date
HO-11__r8	com.alibaba.json.bvt.serializer.date.DateTest5_iso8601#test_date
HO-11__r9	com.alibaba.json.bvt.serializer.date.DateTest5_iso8601#test_date
