HO-02__rp0	com.alibaba.json.bvt.date.DateFieldFormatTest#test_format_ com.alibaba.json.bvt.date.DateTest_tz#test_codec
HO-02__rp1	com.alibaba.json.bvt.date.DateFieldFormatTest#test_format_ com.alibaba.json.bvt.date.DateTest_tz#test_codec
HO-02__rp2	com.alibaba.json.bvt.date.DateFieldFormatTest#test_format_ com.alibaba.json.bvt.date.DateTest_tz#test_codec
HO-02__rp3	com.alibaba.json.bvt.date.DateFieldFormatTest#test_format_ com.alibaba.json.bvt.date.DateTest_tz#test_codec
HO-02__rp4	com.alibaba.json.bvt.date.DateFieldFormatTest#test_format_ com.alibaba.json.bvt.date.DateTest_tz#test_codec
HO-02__rp5	com.alibaba.json.bvt.date.DateFieldFormatTest#test_format_ com.alibaba.json.bvt.date.DateTest_tz#test_codec
HO-02__rp6	com.alibaba.json.bvt.date.DateFieldFormatTest#test_format_ com.alibaba.json.bvt.date.DateTest_tz#test_codec
HO-02__rp7	com.alibaba.json.bvt.date.DateFieldFormatTest#test_format_ com.alibaba.json.bvt.date.DateTest_tz#test_codec
HO-02__rp8	com.alibaba.json.bvt.date.DateFieldFormatTest#test_format_ com.alibaba.json.bvt.date.DateTest_tz#test_codec
HO-02__rp9	com.alibaba.json.bvt.date.DateFieldFormatTest#test_format_ com.alibaba.json.bvt.date.DateTest_tz#test_codec
