FJ-03__rp0	com.alibaba.json.bvt.serializer.SerializeWriterTest_14#test_writer_1 com.alibaba.json.bvt.serializer.MaxBufSizeTest#test_max_buf
FJ-03__rp1	com.alibaba.json.bvt.serializer.SerializeWriterTest_14#test_writer_1 com.alibaba.json.bvt.serializer.MaxBufSizeTest#test_max_buf
FJ-03__rp2	com.alibaba.json.bvt.serializer.SerializeWriterTest_14#test_writer_1 com.alibaba.json.bvt.serializer.MaxBufSizeTest#test_max_buf
FJ-03__rp3	com.alibaba.json.bvt.serializer.SerializeWriterTest_14#test_writer_1 com.alibaba.json.bvt.serializer.MaxBufSizeTest#test_max_buf
FJ-03__rp4	com.alibaba.json.bvt.serializer.SerializeWriterTest_14#test_writer_1 com.alibaba.json.bvt.serializer.MaxBufSizeTest#test_max_buf
FJ-03__rp5	com.alibaba.json.bvt.serializer.SerializeWriterTest_14#test_writer_1 com.alibaba.json.bvt.serializer.MaxBufSizeTest#test_max_buf
FJ-03__rp6	com.alibaba.json.bvt.serializer.SerializeWriterTest_14#test_writer_1 com.alibaba.json.bvt.serializer.MaxBufSizeTest#test_max_buf
FJ-03__rp7	com.alibaba.json.bvt.serializer.SerializeWriterTest_14#test_writer_1 com.alibaba.json.bvt.serializer.MaxBufSizeTest#test_max_buf
FJ-03__rp8	com.alibaba.json.bvt.serializer.SerializeWriterTest_14#test_writer_1 com.alibaba.json.bvt.serializer.MaxBufSizeTest#test_max_buf
FJ-03__rp9	com.alibaba.json.bvt.serializer.SerializeWriterTest_14#test_writer_1 com.alibaba.json.bvt.serializer.MaxBufSizeTest#test_max_buf
