c600	com.alibaba.json.bvt.parser.TestUTF8_2#test_utf_2 com.alibaba.json.bvt.parser.DefaultExtJSONParser_parseArray#test_7
c601	com.alibaba.json.bvt.parser.TestUTF8_2#test_utf_3 com.alibaba.json.bvt.parser.DefaultExtJSONParser_parseArray#test_7
c602	com.alibaba.json.bvt.parser.TestUTF8_2#test_utf_4 com.alibaba.json.bvt.parser.DefaultExtJSONParser_parseArray#test_7
c603	com.alibaba.json.bvt.parser.TypeReferenceTest#test_list com.alibaba.json.bvt.parser.DefaultExtJSONParser_parseArray#test_7
c604	com.alibaba.json.bvt.parser.TypeUtilsTest#test_0 com.alibaba.json.bvt.parser.DefaultExtJSONParser_parseArray#test_7
c605	com.alibaba.json.bvt.parser.TypeUtilsTest#test_1 com.alibaba.json.bvt.parser.DefaultExtJSONParser_parseArray#test_7
c606	com.alibaba.json.bvt.parser.TypeUtilsTest#test_2 com.alibaba.json.bvt.parser.DefaultExtJSONParser_parseArray#test_7
c607	com.alibaba.json.bvt.parser.TypeUtilsTest#test_3 com.alibaba.json.bvt.parser.DefaultExtJSONParser_parseArray#test_7
c608	com.alibaba.json.bvt.parser.TypeUtilsTest#test_cast_Array com.alibaba.json.bvt.parser.DefaultExtJSONParser_parseArray#test_7
c609	com.alibaba.json.bvt.parser.TypeUtilsTest#test_cast_Integer com.alibaba.json.bvt.parser.DefaultExtJSONParser_parseArray#test_7
c610	com.alibaba.json.bvt.parser.TypeUtilsTest#test_cast_Integer_2 com.alibaba.json.bvt.parser.DefaultExtJSONParser_parseArray#test_7
c611	com.alibaba.json.bvt.parser.TypeUtilsTest#test_cast_ab com.alibaba.json.bvt.parser.DefaultExtJSONParser_parseArray#test_7
c612	com.alibaba.json.bvt.parser.TypeUtilsTest#test_cast_ab_1 com.alibaba.json.bvt.parser.DefaultExtJSONParser_parseArray#test_7
c613	com.alibaba.json.bvt.parser.TypeUtilsTest#test_cast_ab_error com.alibaba.json.bvt.parser.DefaultExtJSONParser_parseArray#test_7
c614	com.alibaba.json.bvt.parser.TypeUtilsTest#test_cast_null com.alibaba.json.bvt.parser.DefaultExtJSONParser_parseArray#test_7
c615	com.alibaba.json.bvt.parser.TypeUtilsTest#test_cast_to_BigDecimal com.alibaba.json.bvt.parser.DefaultExtJSONParser_parseArray#test_7
c616	com.alibaba.json.bvt.parser.TypeUtilsTest#test_cast_to_BigDecimal_same com.alibaba.json.bvt.parser.DefaultExtJSONParser_parseArray#test_7
c617	com.alibaba.json.bvt.parser.TypeUtilsTest#test_cast_to_BigInteger com.alibaba.json.bvt.parser.DefaultExtJSONParser_parseArray#test_7
c618	com.alibaba.json.bvt.parser.TypeUtilsTest#test_cast_to_BigInteger_same com.alibaba.json.bvt.parser.DefaultExtJSONParser_parseArray#test_7
c619	com.alibaba.json.bvt.parser.TypeUtilsTest#test_cast_to_Boolean com.alibaba.json.bvt.parser.DefaultExtJSONParser_parseArray#test_7
c620	com.alibaba.json.bvt.parser.TypeUtilsTest#test_cast_to_Byte com.alibaba.json.bvt.parser.DefaultExtJSONParser_parseArray#test_7
c621	com.alibaba.json.bvt.parser.TypeUtilsTest#test_cast_to_Date com.alibaba.json.bvt.parser.DefaultExtJSONParser_parseArray#test_7
c622	com.alibaba.json.bvt.parser.TypeUtilsTest#test_cast_to_Long com.alibaba.json.bvt.parser.DefaultExtJSONParser_parseArray#test_7
c623	com.alibaba.json.bvt.parser.TypeUtilsTest#test_cast_to_Short com.alibaba.json.bvt.parser.DefaultExtJSONParser_parseArray#test_7
c624	com.alibaba.json.bvt.parser.TypeUtilsTest#test_cast_to_SqlDate com.alibaba.json.bvt.parser.DefaultExtJSONParser_parseArray#test_7
c625	com.alibaba.json.bvt.parser.TypeUtilsTest#test_cast_to_SqlDate_calendar com.alibaba.json.bvt.parser.DefaultExtJSONParser_parseArray#test_7
c626	com.alibaba.json.bvt.parser.TypeUtilsTest#test_cast_to_SqlDate_error com.alibaba.json.bvt.parser.DefaultExtJSONParser_parseArray#test_7
c627	com.alibaba.json.bvt.parser.TypeUtilsTest#test_cast_to_SqlDate_null com.alibaba.json.bvt.parser.DefaultExtJSONParser_parseArray#test_7
c628	com.alibaba.json.bvt.parser.TypeUtilsTest#test_cast_to_SqlDate_null2 com.alibaba.json.bvt.parser.DefaultExtJSONParser_parseArray#test_7
c629	com.alibaba.json.bvt.parser.TypeUtilsTest#test_cast_to_SqlDate_sql_Date com.alibaba.json.bvt.parser.DefaultExtJSONParser_parseArray#test_7
c630	com.alibaba.json.bvt.parser.TypeUtilsTest#test_cast_to_SqlDate_sql_Date2 com.alibaba.json.bvt.parser.DefaultExtJSONParser_parseArray#test_7
c631	com.alibaba.json.bvt.parser.TypeUtilsTest#test_cast_to_SqlDate_string com.alibaba.json.bvt.parser.DefaultExtJSONParser_parseArray#test_7
c632	com.alibaba.json.bvt.parser.TypeUtilsTest#test_cast_to_SqlDate_util_Date com.alibaba.json.bvt.parser.DefaultExtJSONParser_parseArray#test_7
c633	com.alibaba.json.bvt.parser.TypeUtilsTest#test_cast_to_String com.alibaba.json.bvt.parser.DefaultExtJSONParser_parseArray#test_7
c634	com.alibaba.json.bvt.parser.TypeUtilsTest#test_cast_to_Timestamp com.alibaba.json.bvt.parser.DefaultExtJSONParser_parseArray#test_7
c635	com.alibaba.json.bvt.parser.TypeUtilsTest#test_cast_to_Timestamp_calendar com.alibaba.json.bvt.parser.DefaultExtJSONParser_parseArray#test_7
c636	com.alibaba.json.bvt.parser.TypeUtilsTest#test_cast_to_Timestamp_error com.alibaba.json.bvt.parser.DefaultExtJSONParser_parseArray#test_7
c637	com.alibaba.json.bvt.parser.TypeUtilsTest#test_cast_to_Timestamp_null com.alibaba.json.bvt.parser.DefaultExtJSONParser_parseArray#test_7
c638	com.alibaba.json.bvt.parser.TypeUtilsTest#test_cast_to_Timestamp_null2 com.alibaba.json.bvt.parser.DefaultExtJSONParser_parseArray#test_7
c639	com.alibaba.json.bvt.parser.TypeUtilsTest#test_cast_to_Timestamp_number com.alibaba.json.bvt.parser.DefaultExtJSONParser_parseArray#test_7
c640	com.alibaba.json.bvt.parser.TypeUtilsTest#test_cast_to_Timestamp_sql_Date com.alibaba.json.bvt.parser.DefaultExtJSONParser_parseArray#test_7
c641	com.alibaba.json.bvt.parser.TypeUtilsTest#test_cast_to_Timestamp_sql_Timestamp com.alibaba.json.bvt.parser.DefaultExtJSONParser_parseArray#test_7
c642	com.alibaba.json.bvt.parser.TypeUtilsTest#test_cast_to_Timestamp_string com.alibaba.json.bvt.parser.DefaultExtJSONParser_parseArray#test_7
c643	com.alibaba.json.bvt.parser.TypeUtilsTest#test_cast_to_Timestamp_util_Date com.alibaba.json.bvt.parser.DefaultExtJSONParser_parseArray#test_7
c644	com.alibaba.json.bvt.parser.TypeUtilsTest#test_cast_to_boolean com.alibaba.json.bvt.parser.DefaultExtJSONParser_parseArray#test_7
c645	com.alibaba.json.bvt.parser.TypeUtilsTest#test_cast_to_byte com.alibaba.json.bvt.parser.DefaultExtJSONParser_parseArray#test_7
c646	com.alibaba.json.bvt.parser.TypeUtilsTest#test_cast_to_long com.alibaba.json.bvt.parser.DefaultExtJSONParser_parseArray#test_7
c647	com.alibaba.json.bvt.parser.TypeUtilsTest#test_cast_to_short com.alibaba.json.bvt.parser.DefaultExtJSONParser_parseArray#test_7
c648	com.alibaba.json.bvt.parser.TypeUtilsTest#test_error com.alibaba.json.bvt.parser.DefaultExtJSONParser_parseArray#test_7
c649	com.alibaba.json.bvt.parser.TypeUtilsTest#test_error_2 com.alibaba.json.bvt.parser.DefaultExtJSONParser_parseArray#test_7
c650	com.alibaba.json.bvt.parser.TypeUtilsTest2#test_0 com.alibaba.json.bvt.parser.DefaultExtJSONParser_parseArray#test_7
c651	com.alibaba.json.bvt.parser.TypeUtilsTest2#test_1 com.alibaba.json.bvt.parser.DefaultExtJSONParser_parseArray#test_7
c652	com.alibaba.json.bvt.parser.TypeUtilsTest2#test_error_0 com.alibaba.json.bvt.parser.DefaultExtJSONParser_parseArray#test_7
c653	com.alibaba.json.bvt.parser.TypeUtilsTest2#test_error_1 com.alibaba.json.bvt.parser.DefaultExtJSONParser_parseArray#test_7
c654	com.alibaba.json.bvt.parser.TypeUtilsTest2#test_error_2 com.alibaba.json.bvt.parser.DefaultExtJSONParser_parseArray#test_7
c655	com.alibaba.json.bvt.parser.TypeUtilsTest2#test_error_3 com.alibaba.json.bvt.parser.DefaultExtJSONParser_parseArray#test_7
c656	com.alibaba.json.bvt.parser.TypeUtilsTest2#test_error_4 com.alibaba.json.bvt.parser.DefaultExtJSONParser_parseArray#test_7
c657	com.alibaba.json.bvt.parser.TypeUtilsTest3#test_enum com.alibaba.json.bvt.parser.DefaultExtJSONParser_parseArray#test_7
c658	com.alibaba.json.bvt.parser.TypeUtilsTest3#test_enum_2 com.alibaba.json.bvt.parser.DefaultExtJSONParser_parseArray#test_7
c659	com.alibaba.json.bvt.parser.TypeUtilsTest3#test_error com.alibaba.json.bvt.parser.DefaultExtJSONParser_parseArray#test_7
c660	com.alibaba.json.bvt.parser.TypeUtilsTest3#test_error_1 com.alibaba.json.bvt.parser.DefaultExtJSONParser_parseArray#test_7
c661	com.alibaba.json.bvt.parser.TypeUtilsTest3#test_error_2 com.alibaba.json.bvt.parser.DefaultExtJSONParser_parseArray#test_7
c662	com.alibaba.json.bvt.parser.TypeUtilsTest3#test_error_3 com.alibaba.json.bvt.parser.DefaultExtJSONParser_parseArray#test_7
c663	com.alibaba.json.bvt.parser.TypeUtilsTest3#test_ex com.alibaba.json.bvt.parser.DefaultExtJSONParser_parseArray#test_7
c664	com.alibaba.json.bvt.parser.TypeUtilsTest3#test_null com.alibaba.json.bvt.parser.DefaultExtJSONParser_parseArray#test_7
c665	com.alibaba.json.bvt.parser.TypeUtilsTest3#test_null_1 com.alibaba.json.bvt.parser.DefaultExtJSONParser_parseArray#test_7
c666	com.alibaba.json.bvt.parser.TypeUtilsTest3#test_null_2 com.alibaba.json.bvt.parser.DefaultExtJSONParser_parseArray#test_7
c667	com.alibaba.json.bvt.parser.TypeUtilsTest4#test_ParameterizedType com.alibaba.json.bvt.parser.DefaultExtJSONParser_parseArray#test_7
c668	com.alibaba.json.bvt.parser.TypeUtilsTest4#test_ParameterizedType2 com.alibaba.json.bvt.parser.DefaultExtJSONParser_parseArray#test_7
c669	com.alibaba.json.bvt.parser.TypeUtilsTest4#test_ParameterizedType_error com.alibaba.json.bvt.parser.DefaultExtJSONParser_parseArray#test_7
c670	com.alibaba.json.bvt.parser.TypeUtilsTest4#test_array com.alibaba.json.bvt.parser.DefaultExtJSONParser_parseArray#test_7
c671	com.alibaba.json.bvt.parser.TypeUtilsTest4#test_error com.alibaba.json.bvt.parser.DefaultExtJSONParser_parseArray#test_7
c672	com.alibaba.json.bvt.parser.TypeUtilsTest4#test_error_2 com.alibaba.json.bvt.parser.DefaultExtJSONParser_parseArray#test_7
c673	com.alibaba.json.bvt.parser.TypeUtilsTest4#test_exception com.alibaba.json.bvt.parser.DefaultExtJSONParser_parseArray#test_7
c674	com.alibaba.json.bvt.parser.TypeUtilsTest_cast#test_castToDate_error com.alibaba.json.bvt.parser.DefaultExtJSONParser_parseArray#test_7
c675	com.alibaba.json.bvt.parser.TypeUtilsTest_cast#test_castToDate_error_nullClass com.alibaba.json.bvt.parser.DefaultExtJSONParser_parseArray#test_7
c676	com.alibaba.json.bvt.parser.TypeUtilsTest_cast#test_cast_0 com.alibaba.json.bvt.parser.DefaultExtJSONParser_parseArray#test_7
c677	com.alibaba.json.bvt.parser.TypeUtilsTest_cast#test_cast_1 com.alibaba.json.bvt.parser.DefaultExtJSONParser_parseArray#test_7
c678	com.alibaba.json.bvt.parser.TypeUtilsTest_castToBytes#test_castToDate com.alibaba.json.bvt.parser.DefaultExtJSONParser_parseArray#test_7
c679	com.alibaba.json.bvt.parser.TypeUtilsTest_castToBytes#test_castToDate_error com.alibaba.json.bvt.parser.DefaultExtJSONParser_parseArray#test_7
c680	com.alibaba.json.bvt.parser.TypeUtilsTest_castToDate#test_castToDate com.alibaba.json.bvt.parser.DefaultExtJSONParser_parseArray#test_7
c681	com.alibaba.json.bvt.parser.TypeUtilsTest_castToDate#test_castToDate_error com.alibaba.json.bvt.parser.DefaultExtJSONParser_parseArray#test_7
c682	com.alibaba.json.bvt.parser.TypeUtilsTest_castToDate#test_castToDate_negative com.alibaba.json.bvt.parser.DefaultExtJSONParser_parseArray#test_7
c683	com.alibaba.json.bvt.parser.TypeUtilsTest_castToDate#test_castToDate_zero com.alibaba.json.bvt.parser.DefaultExtJSONParser_parseArray#test_7
c684	com.alibaba.json.bvt.parser.TypeUtilsTest_castToJavaBean#test_bean com.alibaba.json.bvt.parser.DefaultExtJSONParser_parseArray#test_7
c685	com.alibaba.json.bvt.parser.TypeUtilsTest_castToJavaBean#test_bean_2 com.alibaba.json.bvt.parser.DefaultExtJSONParser_parseArray#test_7
c686	com.alibaba.json.bvt.parser.TypeUtilsTest_castToJavaBean#test_bean_3 com.alibaba.json.bvt.parser.DefaultExtJSONParser_parseArray#test_7
c687	com.alibaba.json.bvt.parser.TypeUtilsTest_castToJavaBean#test_castToJavaBean_StackTraceElement com.alibaba.json.bvt.parser.DefaultExtJSONParser_parseArray#test_7
c688	com.alibaba.json.bvt.parser.TypeUtilsTest_castToJavaBean#test_castToJavaBean_StackTraceElement_1 com.alibaba.json.bvt.parser.DefaultExtJSONParser_parseArray#test_7
c689	com.alibaba.json.bvt.parser.TypeUtilsTest_castToJavaBean#test_castToJavaBean_type com.alibaba.json.bvt.parser.DefaultExtJSONParser_parseArray#test_7
c690	com.alibaba.json.bvt.parser.TypeUtilsTest_castToJavaBean#test_error com.alibaba.json.bvt.parser.DefaultExtJSONParser_parseArray#test_7
c691	com.alibaba.json.bvt.parser.TypeUtilsTest_castToJavaBean#test_error2 com.alibaba.json.bvt.parser.DefaultExtJSONParser_parseArray#test_7
c692	com.alibaba.json.bvt.parser.TypeUtilsTest_castToJavaBean#test_interface com.alibaba.json.bvt.parser.DefaultExtJSONParser_parseArray#test_7
c693	com.alibaba.json.bvt.parser.TypeUtilsTest_castToJavaBean#test_loadClass com.alibaba.json.bvt.parser.DefaultExtJSONParser_parseArray#test_7
c694	com.alibaba.json.bvt.parser.TypeUtilsTest_castToJavaBean#test_loadClass_1 com.alibaba.json.bvt.parser.DefaultExtJSONParser_parseArray#test_7
c695	com.alibaba.json.bvt.parser.TypeUtilsTest_castToJavaBean#test_loadClass_2 com.alibaba.json.bvt.parser.DefaultExtJSONParser_parseArray#test_7
c696	com.alibaba.json.bvt.parser.TypeUtilsTest_castToJavaBean#test_mapping com.alibaba.json.bvt.parser.DefaultExtJSONParser_parseArray#test_7
c697	com.alibaba.json.bvt.parser.TypeUtilsTest_castToJavaBean_JSONType#test_castToJavaBean com.alibaba.json.bvt.parser.DefaultExtJSONParser_parseArray#test_7
c698	com.alibaba.json.bvt.parser.TypeUtilsTest_castToJavaBean_JSONType#test_castToJavaBean_v2 com.alibaba.json.bvt.parser.DefaultExtJSONParser_parseArray#test_7
c699	com.alibaba.json.bvt.parser.TypeUtilsTest_castToJavaBean_JSONType#test_castToJavaBean_v3 com.alibaba.json.bvt.parser.DefaultExtJSONParser_parseArray#test_7
c700	com.alibaba.json.bvt.parser.TypeUtilsTest_compatibleWithJavaBean#test_true com.alibaba.json.bvt.parser.DefaultExtJSONParser_parseArray#test_7
c701	com.alibaba.json.bvt.parser.TypeUtilsTest_compatibleWithJavaBean_boolean#test_true com.alibaba.json.bvt.parser.DefaultExtJSONParser_parseArray#test_7
c702	com.alibaba.json.bvt.parser.TypeUtilsTest_interface#test_castToJavaBean com.alibaba.json.bvt.parser.DefaultExtJSONParser_parseArray#test_7
c703	com.alibaba.json.bvt.parser.TypeUtilsTest_interface#test_deser com.alibaba.json.bvt.parser.DefaultExtJSONParser_parseArray#test_7
c704	com.alibaba.json.bvt.parser.TypeUtilsTest_interface#test_deser2 com.alibaba.json.bvt.parser.DefaultExtJSONParser_parseArray#test_7
c705	com.alibaba.json.bvt.parser.TypeUtilsTest_interface#test_deser2_x com.alibaba.json.bvt.parser.DefaultExtJSONParser_parseArray#test_7
c706	com.alibaba.json.bvt.parser.TypeUtilsTest_interface#test_parse com.alibaba.json.bvt.parser.DefaultExtJSONParser_parseArray#test_7
c707	com.alibaba.json.bvt.parser.TypeUtilsTest_interface#test_parse_var com.alibaba.json.bvt.parser.DefaultExtJSONParser_parseArray#test_7
c708	com.alibaba.json.bvt.parser.TypeUtilsTest_loadClass#test_error com.alibaba.json.bvt.parser.DefaultExtJSONParser_parseArray#test_7
c709	com.alibaba.json.bvt.parser.TypeUtilsTest_loadClass#test_loadClass com.alibaba.json.bvt.parser.DefaultExtJSONParser_parseArray#test_7
c710	com.alibaba.json.bvt.parser.TypeUtilsToJSONTest#test_0 com.alibaba.json.bvt.parser.DefaultExtJSONParser_parseArray#test_7
c711	com.alibaba.json.bvt.parser.TypeUtilsToJSONTest#test_1 com.alibaba.json.bvt.parser.DefaultExtJSONParser_parseArray#test_7
c712	com.alibaba.json.bvt.parser.TypeUtilsToJSONTest#test_null com.alibaba.json.bvt.parser.DefaultExtJSONParser_parseArray#test_7
c713	com.alibaba.json.bvt.parser.UTF8ByteArrayLexerTest_symbol#test_utf8 com.alibaba.json.bvt.parser.DefaultExtJSONParser_parseArray#test_7
c714	com.alibaba.json.bvt.parser.UTF8ByteArrayParseTest#test_utf8 com.alibaba.json.bvt.parser.DefaultExtJSONParser_parseArray#test_7
c715	com.alibaba.json.bvt.parser.UnquoteNameTest#test_obj com.alibaba.json.bvt.parser.DefaultExtJSONParser_parseArray#test_7
c716	com.alibaba.json.bvt.parser.UnquoteNameTest#test_obj_1 com.alibaba.json.bvt.parser.DefaultExtJSONParser_parseArray#test_7
c717	com.alibaba.json.bvt.parser.UnquoteNameTest#test_unquote com.alibaba.json.bvt.parser.DefaultExtJSONParser_parseArray#test_7
c718	com.alibaba.json.bvt.parser.UnquoteNameTest#test_unquote_parse com.alibaba.json.bvt.parser.DefaultExtJSONParser_parseArray#test_7
c719	com.alibaba.json.bvt.parser.UnquoteNameTest#test_unquote_parse_1 com.alibaba.json.bvt.parser.DefaultExtJSONParser_parseArray#test_7
c720	com.alibaba.json.bvt.parser.UnquoteNameTest#test_unquote_reader com.alibaba.json.bvt.parser.DefaultExtJSONParser_parseArray#test_7
c721	com.alibaba.json.bvt.parser.UnquoteNameTest#test_unquote_reader_parse com.alibaba.json.bvt.parser.DefaultExtJSONParser_parseArray#test_7
