c0	com.j256.ormlite.table.DatabaseTableConfigLoaderTest#testConfigEntriesFromStream com.j256.ormlite.table.SchemaUtilsTest#testCreateIfNotExists
c1	com.j256.ormlite.table.DatabaseTableConfigLoaderTest#testConfigFile com.j256.ormlite.table.SchemaUtilsTest#testCreateIfNotExists
c2	com.j256.ormlite.table.DatabaseTableConfigLoaderTest#testConfigInvalidLine com.j256.ormlite.table.SchemaUtilsTest#testCreateIfNotExists
c3	com.j256.ormlite.table.DatabaseTableConfigLoaderTest#testConfigUnknownClass com.j256.ormlite.table.SchemaUtilsTest#testCreateIfNotExists
c4	com.j256.ormlite.table.DatabaseTableConfigLoaderTest#testQuickEndOfConfig com.j256.ormlite.table.SchemaUtilsTest#testCreateIfNotExists
c5	com.j256.ormlite.table.DatabaseTableConfigTest#testBadSpringWiring com.j256.ormlite.table.SchemaUtilsTest#testCreateIfNotExists
c6	com.j256.ormlite.table.DatabaseTableConfigTest#testBaseClassHandling com.j256.ormlite.table.SchemaUtilsTest#testCreateIfNotExists
c7	com.j256.ormlite.table.DatabaseTableConfigTest#testBaseClassHandlingWithoutAnno com.j256.ormlite.table.SchemaUtilsTest#testCreateIfNotExists
c8	com.j256.ormlite.table.DatabaseTableConfigTest#testDatabaseTableConfig com.j256.ormlite.table.SchemaUtilsTest#testCreateIfNotExists
c9	com.j256.ormlite.table.DatabaseTableConfigTest#testDatabaseTableWithEntity com.j256.ormlite.table.SchemaUtilsTest#testCreateIfNotExists
c10	com.j256.ormlite.table.DatabaseTableConfigTest#testFieldConfigConstructor com.j256.ormlite.table.SchemaUtilsTest#testCreateIfNotExists
c11	com.j256.ormlite.table.DatabaseTableConfigTest#testFieldConfigConstructorDataType com.j256.ormlite.table.SchemaUtilsTest#testCreateIfNotExists
c12	com.j256.ormlite.table.DatabaseTableConfigTest#testNoFields com.j256.ormlite.table.SchemaUtilsTest#testCreateIfNotExists
c13	com.j256.ormlite.table.DatabaseTableConfigTest#testNoFieldsClass com.j256.ormlite.table.SchemaUtilsTest#testCreateIfNotExists
c14	com.j256.ormlite.table.DatabaseTableConfigTest#testSetFieldConfigs com.j256.ormlite.table.SchemaUtilsTest#testCreateIfNotExists
c15	com.j256.ormlite.table.DatabaseTableConfigTest#testSetFieldConfigsNoMatchingField com.j256.ormlite.table.SchemaUtilsTest#testCreateIfNotExists
c16	com.j256.ormlite.table.DatabaseTableConfigTest#testSetNoFields com.j256.ormlite.table.SchemaUtilsTest#testCreateIfNotExists
c17	com.j256.ormlite.table.DatabaseTableConfigTest#testSetTableNameCase com.j256.ormlite.table.SchemaUtilsTest#testCreateIfNotExists
c18	com.j256.ormlite.table.DatabaseTableConfigTest#testSpringWiring com.j256.ormlite.table.SchemaUtilsTest#testCreateIfNotExists
c19	com.j256.ormlite.table.DatabaseTableConfigTest#testSpringWiringNoTableName com.j256.ormlite.table.SchemaUtilsTest#testCreateIfNotExists
c20	com.j256.ormlite.table.SchemaUtilsTest#testCreateSchema com.j256.ormlite.table.SchemaUtilsTest#testCreateIfNotExists
c21	com.j256.ormlite.table.SchemaUtilsTest#testCreateSchemaDao com.j256.ormlite.table.SchemaUtilsTest#testCreateIfNotExists
c22	com.j256.ormlite.table.SchemaUtilsTest#testCreateSchemaName com.j256.ormlite.table.SchemaUtilsTest#testCreateIfNotExists
c23	com.j256.ormlite.table.SchemaUtilsTest#testCreateSchemaStatements com.j256.ormlite.table.SchemaUtilsTest#testCreateIfNotExists
c24	com.j256.ormlite.table.SchemaUtilsTest#testDropSchema com.j256.ormlite.table.SchemaUtilsTest#testCreateIfNotExists
c25	com.j256.ormlite.table.SchemaUtilsTest#testDropSchemaThrow com.j256.ormlite.table.SchemaUtilsTest#testCreateIfNotExists
c26	com.j256.ormlite.table.TableInfoTest#testBasic com.j256.ormlite.table.SchemaUtilsTest#testCreateIfNotExists
c27	com.j256.ormlite.table.TableInfoTest#testHasColumnName com.j256.ormlite.table.SchemaUtilsTest#testCreateIfNotExists
c28	com.j256.ormlite.table.TableInfoTest#testNoNoArgConstructor com.j256.ormlite.table.SchemaUtilsTest#testCreateIfNotExists
c29	com.j256.ormlite.table.TableInfoTest#testNoTableNameInAnnotation com.j256.ormlite.table.SchemaUtilsTest#testCreateIfNotExists
c30	com.j256.ormlite.table.TableInfoTest#testObjectDoubleId com.j256.ormlite.table.SchemaUtilsTest#testCreateIfNotExists
c31	com.j256.ormlite.table.TableInfoTest#testObjectNoFields com.j256.ormlite.table.SchemaUtilsTest#testCreateIfNotExists
c32	com.j256.ormlite.table.TableInfoTest#testObjectToString com.j256.ormlite.table.SchemaUtilsTest#testCreateIfNotExists
c33	com.j256.ormlite.table.TableInfoTest#testPrivateConstructor com.j256.ormlite.table.SchemaUtilsTest#testCreateIfNotExists
c34	com.j256.ormlite.table.TableInfoTest#testTableInfo com.j256.ormlite.table.SchemaUtilsTest#testCreateIfNotExists
c35	com.j256.ormlite.table.TableInfoTest#testUnknownForeignField com.j256.ormlite.table.SchemaUtilsTest#testCreateIfNotExists
c36	com.j256.ormlite.table.TableInfoTest#testZeroFieldConfigsSpecified com.j256.ormlite.table.SchemaUtilsTest#testCreateIfNotExists
c37	com.j256.ormlite.table.TableUtilsTest#testClearTable com.j256.ormlite.table.SchemaUtilsTest#testCreateIfNotExists
c38	com.j256.ormlite.table.TableUtilsTest#testColumnDefinition com.j256.ormlite.table.SchemaUtilsTest#testCreateIfNotExists
c39	com.j256.ormlite.table.TableUtilsTest#testComboIndex com.j256.ormlite.table.SchemaUtilsTest#testCreateIfNotExists
c40	com.j256.ormlite.table.TableUtilsTest#testConstructor com.j256.ormlite.table.SchemaUtilsTest#testCreateIfNotExists
c41	com.j256.ormlite.table.TableUtilsTest#testCreateStatements com.j256.ormlite.table.SchemaUtilsTest#testCreateIfNotExists
c42	com.j256.ormlite.table.TableUtilsTest#testCreateStatementsTableConfig com.j256.ormlite.table.SchemaUtilsTest#testCreateIfNotExists
c43	com.j256.ormlite.table.TableUtilsTest#testCreateTable com.j256.ormlite.table.SchemaUtilsTest#testCreateIfNotExists
c44	com.j256.ormlite.table.TableUtilsTest#testCreateTableAboveZero com.j256.ormlite.table.SchemaUtilsTest#testCreateIfNotExists
c45	com.j256.ormlite.table.TableUtilsTest#testCreateTableBelowZero com.j256.ormlite.table.SchemaUtilsTest#testCreateIfNotExists
c46	com.j256.ormlite.table.TableUtilsTest#testCreateTableConfigIfNotExists com.j256.ormlite.table.SchemaUtilsTest#testCreateIfNotExists
c47	com.j256.ormlite.table.TableUtilsTest#testCreateTableIfNotExists com.j256.ormlite.table.SchemaUtilsTest#testCreateIfNotExists
c48	com.j256.ormlite.table.TableUtilsTest#testCreateTableQueriesAfter com.j256.ormlite.table.SchemaUtilsTest#testCreateIfNotExists
c49	com.j256.ormlite.table.TableUtilsTest#testCreateTableTableConfig com.j256.ormlite.table.SchemaUtilsTest#testCreateIfNotExists
c50	com.j256.ormlite.table.TableUtilsTest#testCreateTableThrow com.j256.ormlite.table.SchemaUtilsTest#testCreateIfNotExists
c51	com.j256.ormlite.table.TableUtilsTest#testDoubleDrop com.j256.ormlite.table.SchemaUtilsTest#testCreateIfNotExists
c52	com.j256.ormlite.table.TableUtilsTest#testDropTable com.j256.ormlite.table.SchemaUtilsTest#testCreateIfNotExists
c53	com.j256.ormlite.table.TableUtilsTest#testDropTableNegRows com.j256.ormlite.table.SchemaUtilsTest#testCreateIfNotExists
c54	com.j256.ormlite.table.TableUtilsTest#testDropTableTableConfig com.j256.ormlite.table.SchemaUtilsTest#testCreateIfNotExists
c55	com.j256.ormlite.table.TableUtilsTest#testDropTableThrow com.j256.ormlite.table.SchemaUtilsTest#testCreateIfNotExists
c56	com.j256.ormlite.table.TableUtilsTest#testDropTableThrowIgnore com.j256.ormlite.table.SchemaUtilsTest#testCreateIfNotExists
c57	com.j256.ormlite.table.TableUtilsTest#testDropThenQuery com.j256.ormlite.table.SchemaUtilsTest#testCreateIfNotExists
c58	com.j256.ormlite.table.TableUtilsTest#testFullColumnDefinition com.j256.ormlite.table.SchemaUtilsTest#testCreateIfNotExists
c59	com.j256.ormlite.table.TableUtilsTest#testIndex com.j256.ormlite.table.SchemaUtilsTest#testCreateIfNotExists
c60	com.j256.ormlite.table.TableUtilsTest#testMissingCreate com.j256.ormlite.table.SchemaUtilsTest#testCreateIfNotExists
c61	com.j256.ormlite.table.TableUtilsTest#testRawExecuteDropThenQuery com.j256.ormlite.table.SchemaUtilsTest#testCreateIfNotExists
c62	com.j256.ormlite.table.TableUtilsTest#testRecursiveType com.j256.ormlite.table.SchemaUtilsTest#testCreateIfNotExists
c63	com.j256.ormlite.table.TableUtilsTest#testUniqueIndex com.j256.ormlite.table.SchemaUtilsTest#testCreateIfNotExists
