OR-01__r0	com.j256.ormlite.table.SchemaUtilsTest#testCreateIfNotExists
OR-01__r1	com.j256.ormlite.table.SchemaUtilsTest#testCreateIfNotExists
OR-01__r2	com.j256.ormlite.table.SchemaUtilsTest#testCreateIfNotExists
OR-01__r3	com.j256.ormlite.table.SchemaUtilsTest#testCreateIfNotExists
OR-01__r4	com.j256.ormlite.table.SchemaUtilsTest#testCreateIfNotExists
OR-01__r5	com.j256.ormlite.table.SchemaUtilsTest#testCreateIfNotExists
OR-01__r6	com.j256.ormlite.table.SchemaUtilsTest#testCreateIfNotExists
OR-01__r7	com.j256.ormlite.table.SchemaUtilsTest#testCreateIfNotExists
OR-01__r8	com.j256.ormlite.table.SchemaUtilsTest#testCreateIfNotExists
OR-01__r9	com.j256.ormlite.table.SchemaUtilsTest#testCreateIfNotExists
OR-02__r0	com.j256.ormlite.misc.TransactionManagerTest#testConnectionLeakCreateList
OR-02__r1	com.j256.ormlite.misc.TransactionManagerTest#testConnectionLeakCreateList
OR-02__r2	com.j256.ormlite.misc.TransactionManagerTest#testConnectionLeakCreateList
OR-02__r3	com.j256.ormlite.misc.TransactionManagerTest#testConnectionLeakCreateList
OR-02__r4	com.j256.ormlite.misc.TransactionManagerTest#testConnectionLeakCreateList
OR-02__r5	com.j256.ormlite.misc.TransactionManagerTest#testConnectionLeakCreateList
OR-02__r6	com.j256.ormlite.misc.TransactionManagerTest#testConnectionLeakCreateList
OR-02__r7	com.j256.ormlite.misc.TransactionManagerTest#testConnectionLeakCreateList
OR-02__r8	com.j256.ormlite.misc.TransactionManagerTest#testConnectionLeakCreateList
OR-02__r9	com.j256.ormlite.misc.TransactionManagerTest#testConnectionLeakCreateList
OR-03__r0	com.j256.ormlite.support.BaseConnectionSourceTest#testClearDifferentConnection
OR-03__r1	com.j256.ormlite.support.BaseConnectionSourceTest#testClearDifferentConnection
OR-03__r2	com.j256.ormlite.support.BaseConnectionSourceTest#testClearDifferentConnection
OR-03__r3	com.j256.ormlite.support.BaseConnectionSourceTest#testClearDifferentConnection
OR-03__r4	com.j256.ormlite.support.BaseConnectionSourceTest#testClearDifferentConnection
OR-03__r5	com.j256.ormlite.support.BaseConnectionSourceTest#testClearDifferentConnection
OR-03__r6	com.j256.ormlite.support.BaseConnectionSourceTest#testClearDifferentConnection
OR-03__r7	com.j256.ormlite.support.BaseConnectionSourceTest#testClearDifferentConnection
OR-03__r8	com.j256.ormlite.support.BaseConnectionSourceTest#testClearDifferentConnection
OR-03__r9	com.j256.ormlite.support.BaseConnectionSourceTest#testClearDifferentConnection
OR-04__r0	com.j256.ormlite.dao.RuntimeExceptionDaoTest#testAssignEmptyForeignCollectionThrow
OR-04__r1	com.j256.ormlite.dao.RuntimeExceptionDaoTest#testAssignEmptyForeignCollectionThrow
OR-04__r2	com.j256.ormlite.dao.RuntimeExceptionDaoTest#testAssignEmptyForeignCollectionThrow
OR-04__r3	com.j256.ormlite.dao.RuntimeExceptionDaoTest#testAssignEmptyForeignCollectionThrow
OR-04__r4	com.j256.ormlite.dao.RuntimeExceptionDaoTest#testAssignEmptyForeignCollectionThrow
OR-04__r5	com.j256.ormlite.dao.RuntimeExceptionDaoTest#testAssignEmptyForeignCollectionThrow
OR-04__r6	com.j256.ormlite.dao.RuntimeExceptionDaoTest#testAssignEmptyForeignCollectionThrow
OR-04__r7	com.j256.ormlite.dao.RuntimeExceptionDaoTest#testAssignEmptyForeignCollectionThrow
OR-04__r8	com.j256.ormlite.dao.RuntimeExceptionDaoTest#testAssignEmptyForeignCollectionThrow
OR-04__r9	com.j256.ormlite.dao.RuntimeExceptionDaoTest#testAssignEmptyForeignCollectionThrow
