OR-03__rp0	com.j256.ormlite.logger.LoggerFactoryTest#testSetLogFactory com.j256.ormlite.support.BaseConnectionSourceTest#testClearDifferentConnection
OR-03__rp1	com.j256.ormlite.logger.LoggerFactoryTest#testSetLogFactory com.j256.ormlite.support.BaseConnectionSourceTest#testClearDifferentConnection
OR-03__rp2	com.j256.ormlite.logger.LoggerFactoryTest#testSetLogFactory com.j256.ormlite.support.BaseConnectionSourceTest#testClearDifferentConnection
OR-03__rp3	com.j256.ormlite.logger.LoggerFactoryTest#testSetLogFactory com.j256.ormlite.support.BaseConnectionSourceTest#testClearDifferentConnection
OR-03__rp4	com.j256.ormlite.logger.LoggerFactoryTest#testSetLogFactory com.j256.ormlite.support.BaseConnectionSourceTest#testClearDifferentConnection
OR-03__rp5	com.j256.ormlite.logger.LoggerFactoryTest#testSetLogFactory com.j256.ormlite.support.BaseConnectionSourceTest#testClearDifferentConnection
OR-03__rp6	com.j256.ormlite.logger.LoggerFactoryTest#testSetLogFactory com.j256.ormlite.support.BaseConnectionSourceTest#testClearDifferentConnection
OR-03__rp7	com.j256.ormlite.logger.LoggerFactoryTest#testSetLogFactory com.j256.ormlite.support.BaseConnectionSourceTest#testClearDifferentConnection
OR-03__rp8	com.j256.ormlite.logger.LoggerFactoryTest#testSetLogFactory com.j256.ormlite.support.BaseConnectionSourceTest#testClearDifferentConnection
OR-03__rp9	com.j256.ormlite.logger.LoggerFactoryTest#testSetLogFactory com.j256.ormlite.support.BaseConnectionSourceTest#testClearDifferentConnection
