w1200	com.j256.ormlite.table.TableUtilsTest#testCreateTableBelowZero com.j256.ormlite.dao.RuntimeExceptionDaoTest#testAssignEmptyForeignCollectionThrow
w1201	com.j256.ormlite.table.TableUtilsTest#testCreateTableConfigIfNotExists com.j256.ormlite.dao.RuntimeExceptionDaoTest#testAssignEmptyForeignCollectionThrow
w1202	com.j256.ormlite.table.TableUtilsTest#testCreateTableIfNotExists com.j256.ormlite.dao.RuntimeExceptionDaoTest#testAssignEmptyForeignCollectionThrow
w1203	com.j256.ormlite.table.TableUtilsTest#testCreateTableQueriesAfter com.j256.ormlite.dao.RuntimeExceptionDaoTest#testAssignEmptyForeignCollectionThrow
w1204	com.j256.ormlite.table.TableUtilsTest#testCreateTableTableConfig com.j256.ormlite.dao.RuntimeExceptionDaoTest#testAssignEmptyForeignCollectionThrow
w1205	com.j256.ormlite.table.TableUtilsTest#testCreateTableThrow com.j256.ormlite.dao.RuntimeExceptionDaoTest#testAssignEmptyForeignCollectionThrow
w1206	com.j256.ormlite.table.TableUtilsTest#testDoubleDrop com.j256.ormlite.dao.RuntimeExceptionDaoTest#testAssignEmptyForeignCollectionThrow
w1207	com.j256.ormlite.table.TableUtilsTest#testDropTable com.j256.ormlite.dao.RuntimeExceptionDaoTest#testAssignEmptyForeignCollectionThrow
w1208	com.j256.ormlite.table.TableUtilsTest#testDropTableNegRows com.j256.ormlite.dao.RuntimeExceptionDaoTest#testAssignEmptyForeignCollectionThrow
w1209	com.j256.ormlite.table.TableUtilsTest#testDropTableTableConfig com.j256.ormlite.dao.RuntimeExceptionDaoTest#testAssignEmptyForeignCollectionThrow
w1210	com.j256.ormlite.table.TableUtilsTest#testDropTableThrow com.j256.ormlite.dao.RuntimeExceptionDaoTest#testAssignEmptyForeignCollectionThrow
w1211	com.j256.ormlite.table.TableUtilsTest#testDropTableThrowIgnore com.j256.ormlite.dao.RuntimeExceptionDaoTest#testAssignEmptyForeignCollectionThrow
w1212	com.j256.ormlite.table.TableUtilsTest#testDropThenQuery com.j256.ormlite.dao.RuntimeExceptionDaoTest#testAssignEmptyForeignCollectionThrow
w1213	com.j256.ormlite.table.TableUtilsTest#testFullColumnDefinition com.j256.ormlite.dao.RuntimeExceptionDaoTest#testAssignEmptyForeignCollectionThrow
w1214	com.j256.ormlite.table.TableUtilsTest#testIndex com.j256.ormlite.dao.RuntimeExceptionDaoTest#testAssignEmptyForeignCollectionThrow
w1215	com.j256.ormlite.table.TableUtilsTest#testMissingCreate com.j256.ormlite.dao.RuntimeExceptionDaoTest#testAssignEmptyForeignCollectionThrow
w1216	com.j256.ormlite.table.TableUtilsTest#testRawExecuteDropThenQuery com.j256.ormlite.dao.RuntimeExceptionDaoTest#testAssignEmptyForeignCollectionThrow
w1217	com.j256.ormlite.table.TableUtilsTest#testRecursiveType com.j256.ormlite.dao.RuntimeExceptionDaoTest#testAssignEmptyForeignCollectionThrow
w1218	com.j256.ormlite.table.TableUtilsTest#testUniqueIndex com.j256.ormlite.dao.RuntimeExceptionDaoTest#testAssignEmptyForeignCollectionThrow
