JI-01__r0	com.jsoniter.TestIO#test_read_byte
JI-01__r1	com.jsoniter.TestIO#test_read_byte
JI-01__r2	com.jsoniter.TestIO#test_read_byte
JI-01__r3	com.jsoniter.TestIO#test_read_byte
JI-01__r4	com.jsoniter.TestIO#test_read_byte
JI-01__r5	com.jsoniter.TestIO#test_read_byte
JI-01__r6	com.jsoniter.TestIO#test_read_byte
JI-01__r7	com.jsoniter.TestIO#test_read_byte
JI-01__r8	com.jsoniter.TestIO#test_read_byte
JI-01__r9	com.jsoniter.TestIO#test_read_byte
JI-02__r0	com.jsoniter.TestString#test_utf8
JI-02__r1	com.jsoniter.TestString#test_utf8
JI-02__r2	com.jsoniter.TestString#test_utf8
JI-02__r3	com.jsoniter.TestString#test_utf8
JI-02__r4	com.jsoniter.TestString#test_utf8
JI-02__r5	com.jsoniter.TestString#test_utf8
JI-02__r6	com.jsoniter.TestString#test_utf8
JI-02__r7	com.jsoniter.TestString#test_utf8
JI-02__r8	com.jsoniter.TestString#test_utf8
JI-02__r9	com.jsoniter.TestString#test_utf8
JI-03__r0	com.jsoniter.TestBoolean#test_streaming
JI-03__r1	com.jsoniter.TestBoolean#test_streaming
JI-03__r2	com.jsoniter.TestBoolean#test_streaming
JI-03__r3	com.jsoniter.TestBoolean#test_streaming
JI-03__r4	com.jsoniter.TestBoolean#test_streaming
JI-03__r5	com.jsoniter.TestBoolean#test_streaming
JI-03__r6	com.jsoniter.TestBoolean#test_streaming
JI-03__r7	com.jsoniter.TestBoolean#test_streaming
JI-03__r8	com.jsoniter.TestBoolean#test_streaming
JI-03__r9	com.jsoniter.TestBoolean#test_streaming
JI-04__r0	com.jsoniter.output.TestObject#test_transient_field_getter
JI-04__r1	com.jsoniter.output.TestObject#test_transient_field_getter
JI-04__r2	com.jsoniter.output.TestObject#test_transient_field_getter
JI-04__r3	com.jsoniter.output.TestObject#test_transient_field_getter
JI-04__r4	com.jsoniter.output.TestObject#test_transient_field_getter
JI-04__r5	com.jsoniter.output.TestObject#test_transient_field_getter
JI-04__r6	com.jsoniter.output.TestObject#test_transient_field_getter
JI-04__r7	com.jsoniter.output.TestObject#test_transient_field_getter
JI-04__r8	com.jsoniter.output.TestObject#test_transient_field_getter
JI-04__r9	com.jsoniter.output.TestObject#test_transient_field_getter
