c0	com.jsoniter.IterImplForStreamingTest#testLoadMore com.jsoniter.TestIO#test_read_byte
c1	com.jsoniter.IterImplForStreamingTest#testReadMaxDouble com.jsoniter.TestIO#test_read_byte
c2	com.jsoniter.TestAnnotation#test_inherited_setter_is_not_duplicate com.jsoniter.TestIO#test_read_byte
c3	com.jsoniter.TestAnnotation#test_name_conflict com.jsoniter.TestIO#test_read_byte
c4	com.jsoniter.TestAnnotation#test_single_param_setter com.jsoniter.TestIO#test_read_byte
c5	com.jsoniter.TestAnnotation#test_static_factory com.jsoniter.TestIO#test_read_byte
c6	com.jsoniter.TestAnnotationJsonCreator#test_ctor com.jsoniter.TestIO#test_read_byte
c7	com.jsoniter.TestAnnotationJsonCreator#test_ctor_and_setter_binding com.jsoniter.TestIO#test_read_byte
c8	com.jsoniter.TestAnnotationJsonIgnore#test_ignore com.jsoniter.TestIO#test_read_byte
c9	com.jsoniter.TestAnnotationJsonIgnore#test_ignore_no_constructor_field com.jsoniter.TestIO#test_read_byte
c10	com.jsoniter.TestAnnotationJsonIgnore#test_json_ignore_with_creator com.jsoniter.TestIO#test_read_byte
c11	com.jsoniter.TestAnnotationJsonObject#test_extra_properties com.jsoniter.TestIO#test_read_byte
c12	com.jsoniter.TestAnnotationJsonObject#test_no_unknown_properties com.jsoniter.TestIO#test_read_byte
c13	com.jsoniter.TestAnnotationJsonObject#test_unknown_properties com.jsoniter.TestIO#test_read_byte
c14	com.jsoniter.TestAnnotationJsonObject#test_unknown_properties_blacklist com.jsoniter.TestIO#test_read_byte
c15	com.jsoniter.TestAnnotationJsonProperty#test_bind_from_multiple_names com.jsoniter.TestIO#test_read_byte
c16	com.jsoniter.TestAnnotationJsonProperty#test_creator_with_json_property com.jsoniter.TestIO#test_read_byte
c17	com.jsoniter.TestAnnotationJsonProperty#test_field_and_getter_setter com.jsoniter.TestIO#test_read_byte
c18	com.jsoniter.TestAnnotationJsonProperty#test_getter_and_setter com.jsoniter.TestIO#test_read_byte
c19	com.jsoniter.TestAnnotationJsonProperty#test_integer_property_decoder com.jsoniter.TestIO#test_read_byte
c20	com.jsoniter.TestAnnotationJsonProperty#test_property_decoder com.jsoniter.TestIO#test_read_byte
c21	com.jsoniter.TestAnnotationJsonProperty#test_rename com.jsoniter.TestIO#test_read_byte
c22	com.jsoniter.TestAnnotationJsonProperty#test_required com.jsoniter.TestIO#test_read_byte
c23	com.jsoniter.TestAnnotationJsonProperty#test_required_properties com.jsoniter.TestIO#test_read_byte
c24	com.jsoniter.TestAnnotationJsonProperty#test_required_properties_not_missing com.jsoniter.TestIO#test_read_byte
c25	com.jsoniter.TestAnnotationJsonProperty#test_specify_property com.jsoniter.TestIO#test_read_byte
c26	com.jsoniter.TestAnnotationJsonWrapper#test_binding com.jsoniter.TestIO#test_read_byte
c27	com.jsoniter.TestAnnotationJsonWrapper#test_issue_104 com.jsoniter.TestIO#test_read_byte
c28	com.jsoniter.TestAnnotationJsonWrapper#test_key_value com.jsoniter.TestIO#test_read_byte
c29	com.jsoniter.TestArray#test_array_lazy_any_to_string com.jsoniter.TestIO#test_read_byte
c30	com.jsoniter.TestArray#test_boolean_array com.jsoniter.TestIO#test_read_byte
c31	com.jsoniter.TestArray#test_empty_array com.jsoniter.TestIO#test_read_byte
c32	com.jsoniter.TestArray#test_five_elements com.jsoniter.TestIO#test_read_byte
c33	com.jsoniter.TestArray#test_four_elements com.jsoniter.TestIO#test_read_byte
c34	com.jsoniter.TestArray#test_iterator com.jsoniter.TestIO#test_read_byte
c35	com.jsoniter.TestArray#test_null com.jsoniter.TestIO#test_read_byte
c36	com.jsoniter.TestArray#test_one_element com.jsoniter.TestIO#test_read_byte
c37	com.jsoniter.TestArray#test_three_elements com.jsoniter.TestIO#test_read_byte
c38	com.jsoniter.TestArray#test_two_elements com.jsoniter.TestIO#test_read_byte
c39	com.jsoniter.TestBoolean#test_non_streaming com.jsoniter.TestIO#test_read_byte
c40	com.jsoniter.TestBoolean#test_streaming com.jsoniter.TestIO#test_read_byte
c41	com.jsoniter.TestCustomizeType#test_customize_impl com.jsoniter.TestIO#test_read_byte
c42	com.jsoniter.TestCustomizeType#test_customize_through_extension com.jsoniter.TestIO#test_read_byte
c43	com.jsoniter.TestDemo#test_abc com.jsoniter.TestIO#test_read_byte
c44	com.jsoniter.TestDemo#test_any_api com.jsoniter.TestIO#test_read_byte
c45	com.jsoniter.TestDemo#test_any_is_fun com.jsoniter.TestIO#test_read_byte
c46	com.jsoniter.TestDemo#test_bind_api com.jsoniter.TestIO#test_read_byte
c47	com.jsoniter.TestDemo#test_deserialize com.jsoniter.TestIO#test_read_byte
c48	com.jsoniter.TestDemo#test_empty_array_as_null com.jsoniter.TestIO#test_read_byte
c49	com.jsoniter.TestDemo#test_generics com.jsoniter.TestIO#test_read_byte
c50	com.jsoniter.TestDemo#test_iterator com.jsoniter.TestIO#test_read_byte
c51	com.jsoniter.TestDemo#test_iterator_api com.jsoniter.TestIO#test_read_byte
c52	com.jsoniter.TestDemo#test_iterator_api_and_bind com.jsoniter.TestIO#test_read_byte
c53	com.jsoniter.TestDemo#test_utf8 com.jsoniter.TestIO#test_read_byte
c54	com.jsoniter.TestExisting#test_direct_reuse com.jsoniter.TestIO#test_read_byte
c55	com.jsoniter.TestExisting#test_indirect_reuse com.jsoniter.TestIO#test_read_byte
c56	com.jsoniter.TestExisting#test_reuse_linked_list com.jsoniter.TestIO#test_read_byte
c57	com.jsoniter.TestExisting#test_reuse_list com.jsoniter.TestIO#test_read_byte
c58	com.jsoniter.TestExisting#test_reuse_map com.jsoniter.TestIO#test_read_byte
c59	com.jsoniter.TestFloat#testBigDecimal com.jsoniter.TestIO#test_read_byte
c60	com.jsoniter.TestFloat#testChooseDouble com.jsoniter.TestIO#test_read_byte
c61	com.jsoniter.TestFloat#testInfinity com.jsoniter.TestIO#test_read_byte
c62	com.jsoniter.TestFloat#test_combination_of_dot_and_exponent com.jsoniter.TestIO#test_read_byte
c63	com.jsoniter.TestFloat#test_decimal_places com.jsoniter.TestIO#test_read_byte
c64	com.jsoniter.TestFloat#test_ieee_754 com.jsoniter.TestIO#test_read_byte
c65	com.jsoniter.TestFloat#test_long_double com.jsoniter.TestIO#test_read_byte
c66	com.jsoniter.TestFloat#test_positive_negative com.jsoniter.TestIO#test_read_byte
c67	com.jsoniter.TestFloat#test_streaming com.jsoniter.TestIO#test_read_byte
c68	com.jsoniter.TestGenerics#test_complex_object com.jsoniter.TestIO#test_read_byte
c69	com.jsoniter.TestGenerics#test_generic_super_class com.jsoniter.TestIO#test_read_byte
c70	com.jsoniter.TestGenerics#test_int_list com.jsoniter.TestIO#test_read_byte
c71	com.jsoniter.TestGenerics#test_integer_map com.jsoniter.TestIO#test_read_byte
c72	com.jsoniter.TestGenerics#test_issue_103 com.jsoniter.TestIO#test_read_byte
c73	com.jsoniter.TestGenerics#test_linked_list com.jsoniter.TestIO#test_read_byte
c74	com.jsoniter.TestGenerics#test_list_of_list com.jsoniter.TestIO#test_read_byte
c75	com.jsoniter.TestGenerics#test_string_list com.jsoniter.TestIO#test_read_byte
c76	com.jsoniter.TestGenerics#test_string_map com.jsoniter.TestIO#test_read_byte
c77	com.jsoniter.TestGenerics#test_string_set com.jsoniter.TestIO#test_read_byte
c78	com.jsoniter.TestGenerics#test_wildcard com.jsoniter.TestIO#test_read_byte
c79	com.jsoniter.TestGson#test_Expose com.jsoniter.TestIO#test_read_byte
c80	com.jsoniter.TestGson#test_SerializedName com.jsoniter.TestIO#test_read_byte
c81	com.jsoniter.TestGson#test_addDeserializationExclusionStrategy com.jsoniter.TestIO#test_read_byte
c82	com.jsoniter.TestGson#test_bool_as_string com.jsoniter.TestIO#test_read_byte
c83	com.jsoniter.TestGson#test_int_as_string com.jsoniter.TestIO#test_read_byte
c84	com.jsoniter.TestGson#test_null_as_boolean com.jsoniter.TestIO#test_read_byte
c85	com.jsoniter.TestGson#test_null_as_double com.jsoniter.TestIO#test_read_byte
c86	com.jsoniter.TestGson#test_null_as_float com.jsoniter.TestIO#test_read_byte
c87	com.jsoniter.TestGson#test_null_as_int com.jsoniter.TestIO#test_read_byte
c88	com.jsoniter.TestGson#test_null_as_long com.jsoniter.TestIO#test_read_byte
c89	com.jsoniter.TestGson#test_setDateFormat_format com.jsoniter.TestIO#test_read_byte
c90	com.jsoniter.TestGson#test_setFieldNamingPolicy com.jsoniter.TestIO#test_read_byte
c91	com.jsoniter.TestGson#test_setFieldNamingStrategy com.jsoniter.TestIO#test_read_byte
c92	com.jsoniter.TestGson#test_setVersion com.jsoniter.TestIO#test_read_byte
c93	com.jsoniter.TestIO#test_read_bytes com.jsoniter.TestIO#test_read_byte
c94	com.jsoniter.TestIO#test_unread_byte com.jsoniter.TestIO#test_read_byte
c95	com.jsoniter.TestInteger#testBigInteger com.jsoniter.TestIO#test_read_byte
c96	com.jsoniter.TestInteger#testChooseInteger com.jsoniter.TestIO#test_read_byte
c97	com.jsoniter.TestInteger#testChooseLong com.jsoniter.TestIO#test_read_byte
c98	com.jsoniter.TestInteger#test_byte com.jsoniter.TestIO#test_read_byte
c99	com.jsoniter.TestInteger#test_char com.jsoniter.TestIO#test_read_byte
c100	com.jsoniter.TestInteger#test_large_number com.jsoniter.TestIO#test_read_byte
c101	com.jsoniter.TestInteger#test_leading_zero com.jsoniter.TestIO#test_read_byte
c102	com.jsoniter.TestInteger#test_max_int com.jsoniter.TestIO#test_read_byte
c103	com.jsoniter.TestInteger#test_max_min_int com.jsoniter.TestIO#test_read_byte
c104	com.jsoniter.TestInteger#test_max_min_long com.jsoniter.TestIO#test_read_byte
c105	com.jsoniter.TestInteger#test_positive_negative_int com.jsoniter.TestIO#test_read_byte
c106	com.jsoniter.TestInteger#test_positive_negative_long com.jsoniter.TestIO#test_read_byte
c107	com.jsoniter.TestInteger#test_streaming com.jsoniter.TestIO#test_read_byte
c108	com.jsoniter.TestJackson#test_JsonAnySetter com.jsoniter.TestIO#test_read_byte
c109	com.jsoniter.TestJackson#test_JsonIgnore com.jsoniter.TestIO#test_read_byte
c110	com.jsoniter.TestJackson#test_JsonProperty com.jsoniter.TestIO#test_read_byte
c111	com.jsoniter.TestMap#test_MapKeyCodec com.jsoniter.TestIO#test_read_byte
c112	com.jsoniter.TestMap#test_enum_key com.jsoniter.TestIO#test_read_byte
c113	com.jsoniter.TestMap#test_integer_key com.jsoniter.TestIO#test_read_byte
c114	com.jsoniter.TestMap#test_object_key com.jsoniter.TestIO#test_read_byte
c115	com.jsoniter.TestMap#test_string_key com.jsoniter.TestIO#test_read_byte
c116	com.jsoniter.TestNested#test_array_of_objects com.jsoniter.TestIO#test_read_byte
c117	com.jsoniter.TestNested#test_get_all_array_elements_via_any com.jsoniter.TestIO#test_read_byte
c118	com.jsoniter.TestNested#test_get_all_with_some_invalid_path com.jsoniter.TestIO#test_read_byte
c119	com.jsoniter.TestNested#test_recursive_class com.jsoniter.TestIO#test_read_byte
c120	com.jsoniter.TestNull#test_null_as_Any com.jsoniter.TestIO#test_read_byte
c121	com.jsoniter.TestNull#test_null_as_BigDecimal com.jsoniter.TestIO#test_read_byte
c122	com.jsoniter.TestNull#test_null_as_BigInteger com.jsoniter.TestIO#test_read_byte
c123	com.jsoniter.TestNull#test_null_as_Boolean com.jsoniter.TestIO#test_read_byte
c124	com.jsoniter.TestNull#test_null_as_Byte com.jsoniter.TestIO#test_read_byte
c125	com.jsoniter.TestNull#test_null_as_Character com.jsoniter.TestIO#test_read_byte
c126	com.jsoniter.TestNull#test_null_as_Double com.jsoniter.TestIO#test_read_byte
c127	com.jsoniter.TestNull#test_null_as_Float com.jsoniter.TestIO#test_read_byte
c128	com.jsoniter.TestNull#test_null_as_Integer com.jsoniter.TestIO#test_read_byte
c129	com.jsoniter.TestNull#test_null_as_Long com.jsoniter.TestIO#test_read_byte
c130	com.jsoniter.TestNull#test_null_as_Short com.jsoniter.TestIO#test_read_byte
c131	com.jsoniter.TestObject#test_empty_class com.jsoniter.TestIO#test_read_byte
c132	com.jsoniter.TestObject#test_empty_object com.jsoniter.TestIO#test_read_byte
c133	com.jsoniter.TestObject#test_enum com.jsoniter.TestIO#test_read_byte
c134	com.jsoniter.TestObject#test_incomplete_field_name com.jsoniter.TestIO#test_read_byte
c135	com.jsoniter.TestObject#test_inheritance com.jsoniter.TestIO#test_read_byte
c136	com.jsoniter.TestObject#test_iterator com.jsoniter.TestIO#test_read_byte
c137	com.jsoniter.TestObject#test_maybe_empty_array_field com.jsoniter.TestIO#test_read_byte
c138	com.jsoniter.TestObject#test_native_field com.jsoniter.TestIO#test_read_byte
c139	com.jsoniter.TestObject#test_non_ascii_field com.jsoniter.TestIO#test_read_byte
c140	com.jsoniter.TestObject#test_object_creation com.jsoniter.TestIO#test_read_byte
c141	com.jsoniter.TestObject#test_one_field com.jsoniter.TestIO#test_read_byte
c142	com.jsoniter.TestObject#test_private_ref com.jsoniter.TestIO#test_read_byte
c143	com.jsoniter.TestObject#test_read_null com.jsoniter.TestIO#test_read_byte
c144	com.jsoniter.TestObject#test_setter_is_preferred com.jsoniter.TestIO#test_read_byte
c145	com.jsoniter.TestObject#test_two_fields com.jsoniter.TestIO#test_read_byte
c146	com.jsoniter.TestOmitValue#test_shouldOmitInputNotNullOutputFalse com.jsoniter.TestIO#test_read_byte
c147	com.jsoniter.TestOmitValue#test_shouldOmitInputPositiveOutputFalse com.jsoniter.TestIO#test_read_byte
c148	com.jsoniter.TestOmitValue#test_shouldOmitInputPositiveOutputFalse2 com.jsoniter.TestIO#test_read_byte
c149	com.jsoniter.TestOmitValue#test_shouldOmitInputPositiveOutputFalse3 com.jsoniter.TestIO#test_read_byte
c150	com.jsoniter.TestOmitValue#test_shouldOmitInputPositiveOutputFalse4 com.jsoniter.TestIO#test_read_byte
c151	com.jsoniter.TestOmitValue#test_shouldOmitInputPositiveOutputFalse5 com.jsoniter.TestIO#test_read_byte
c152	com.jsoniter.TestOmitValue#test_shouldOmitInputPositiveOutputFalse6 com.jsoniter.TestIO#test_read_byte
c153	com.jsoniter.TestOmitValue#test_shouldOmitInputTrueOutputFalse com.jsoniter.TestIO#test_read_byte
c154	com.jsoniter.TestOmitValue#test_shouldOmitInputZeroOutputTrue com.jsoniter.TestIO#test_read_byte
c155	com.jsoniter.TestOmitValue#test_shouldOmitInputZeroOutputTrue2 com.jsoniter.TestIO#test_read_byte
c156	com.jsoniter.TestReadAny#test_bind_to_any com.jsoniter.TestIO#test_read_byte
c157	com.jsoniter.TestReadAny#test_get com.jsoniter.TestIO#test_read_byte
c158	com.jsoniter.TestReadAny#test_keys com.jsoniter.TestIO#test_read_byte
c159	com.jsoniter.TestReadAny#test_read_any com.jsoniter.TestIO#test_read_byte
c160	com.jsoniter.TestReadAny#test_read_any_from_string com.jsoniter.TestIO#test_read_byte
c161	com.jsoniter.TestReadAny#test_read_any_in_streaming com.jsoniter.TestIO#test_read_byte
c162	com.jsoniter.TestReadAny#test_read_boolean com.jsoniter.TestIO#test_read_byte
c163	com.jsoniter.TestReadAny#test_read_class com.jsoniter.TestIO#test_read_byte
c164	com.jsoniter.TestReadAny#test_read_double com.jsoniter.TestIO#test_read_byte
c165	com.jsoniter.TestReadAny#test_read_float com.jsoniter.TestIO#test_read_byte
c166	com.jsoniter.TestReadAny#test_read_float_as_int com.jsoniter.TestIO#test_read_byte
c167	com.jsoniter.TestReadAny#test_read_int com.jsoniter.TestIO#test_read_byte
c168	com.jsoniter.TestReadAny#test_read_int_array com.jsoniter.TestIO#test_read_byte
c169	com.jsoniter.TestReadAny#test_read_int_as_string com.jsoniter.TestIO#test_read_byte
c170	com.jsoniter.TestReadAny#test_read_int_object com.jsoniter.TestIO#test_read_byte
c171	com.jsoniter.TestReadAny#test_read_long com.jsoniter.TestIO#test_read_byte
c172	com.jsoniter.TestReadAny#test_read_multiple_field com.jsoniter.TestIO#test_read_byte
c173	com.jsoniter.TestReadAny#test_read_string com.jsoniter.TestIO#test_read_byte
c174	com.jsoniter.TestReadAny#test_require_path com.jsoniter.TestIO#test_read_byte
c175	com.jsoniter.TestReadAny#test_size com.jsoniter.TestIO#test_read_byte
c176	com.jsoniter.TestSkip#test_skip_array com.jsoniter.TestIO#test_read_byte
c177	com.jsoniter.TestSkip#test_skip_nested com.jsoniter.TestIO#test_read_byte
c178	com.jsoniter.TestSkip#test_skip_number com.jsoniter.TestIO#test_read_byte
c179	com.jsoniter.TestSkip#test_skip_object com.jsoniter.TestIO#test_read_byte
c180	com.jsoniter.TestSkip#test_skip_string com.jsoniter.TestIO#test_read_byte
c181	com.jsoniter.TestSkip#test_skip_string_streaming com.jsoniter.TestIO#test_read_byte
c182	com.jsoniter.TestSlice#test_equals com.jsoniter.TestIO#test_read_byte
c183	com.jsoniter.TestSlice#test_equalsInputNotNullOutputFalse com.jsoniter.TestIO#test_read_byte
c184	com.jsoniter.TestSlice#test_equalsInputNotNullOutputFalse2 com.jsoniter.TestIO#test_read_byte
c185	com.jsoniter.TestSlice#test_hashcode com.jsoniter.TestIO#test_read_byte
c186	com.jsoniter.TestSpiPropertyDecoder#test_PropertyDecoder com.jsoniter.TestIO#test_read_byte
c187	com.jsoniter.TestSpiPropertyDecoder#test_PropertyDecoder_for_type_literal com.jsoniter.TestIO#test_read_byte
c188	com.jsoniter.TestSpiTypeDecoder#test_TypeDecoder com.jsoniter.TestIO#test_read_byte
c189	com.jsoniter.TestSpiTypeDecoder#test_TypeDecoder_for_generics com.jsoniter.TestIO#test_read_byte
c190	com.jsoniter.TestSpiTypeDecoder#test_as_array_element com.jsoniter.TestIO#test_read_byte
c191	com.jsoniter.TestSpiTypeDecoder#test_as_field_type com.jsoniter.TestIO#test_read_byte
c192	com.jsoniter.TestSpiTypeDecoder#test_direct com.jsoniter.TestIO#test_read_byte
c193	com.jsoniter.TestSpiTypeDecoder#test_list_or_single_element com.jsoniter.TestIO#test_read_byte
c194	com.jsoniter.TestString#test_ascii_string com.jsoniter.TestIO#test_read_byte
c195	com.jsoniter.TestString#test_ascii_string_with_escape com.jsoniter.TestIO#test_read_byte
c196	com.jsoniter.TestString#test_incomplete_escape com.jsoniter.TestIO#test_read_byte
c197	com.jsoniter.TestString#test_incomplete_string com.jsoniter.TestIO#test_read_byte
c198	com.jsoniter.TestString#test_invalid_string com.jsoniter.TestIO#test_read_byte
c199	com.jsoniter.TestString#test_larger_than_buffer com.jsoniter.TestIO#test_read_byte
c200	com.jsoniter.TestString#test_long_string com.jsoniter.TestIO#test_read_byte
c201	com.jsoniter.TestString#test_long_string_in_streaming com.jsoniter.TestIO#test_read_byte
c202	com.jsoniter.TestString#test_normal_escape com.jsoniter.TestIO#test_read_byte
c203	com.jsoniter.TestString#test_null_string com.jsoniter.TestIO#test_read_byte
c204	com.jsoniter.TestString#test_string_across_buffer com.jsoniter.TestIO#test_read_byte
c205	com.jsoniter.TestString#test_surrogate com.jsoniter.TestIO#test_read_byte
c206	com.jsoniter.TestString#test_unicode_escape com.jsoniter.TestIO#test_read_byte
c207	com.jsoniter.TestString#test_utf8 com.jsoniter.TestIO#test_read_byte
c208	com.jsoniter.TestString#test_utf8_string com.jsoniter.TestIO#test_read_byte
c209	com.jsoniter.TestWhatIsNext#test com.jsoniter.TestIO#test_read_byte
