w0	com.jsoniter.IterImplForStreamingTest#testLoadMore com.jsoniter.TestBoolean#test_streaming
w1	com.jsoniter.IterImplForStreamingTest#testReadMaxDouble com.jsoniter.TestBoolean#test_streaming
w2	com.jsoniter.TestAnnotation#test_inherited_setter_is_not_duplicate com.jsoniter.TestBoolean#test_streaming
w3	com.jsoniter.TestAnnotation#test_name_conflict com.jsoniter.TestBoolean#test_streaming
w4	com.jsoniter.TestAnnotation#test_single_param_setter com.jsoniter.TestBoolean#test_streaming
w5	com.jsoniter.TestAnnotation#test_static_factory com.jsoniter.TestBoolean#test_streaming
w6	com.jsoniter.TestAnnotationJsonCreator#test_ctor com.jsoniter.TestBoolean#test_streaming
w7	com.jsoniter.TestAnnotationJsonCreator#test_ctor_and_setter_binding com.jsoniter.TestBoolean#test_streaming
w8	com.jsoniter.TestAnnotationJsonIgnore#test_ignore com.jsoniter.TestBoolean#test_streaming
w9	com.jsoniter.TestAnnotationJsonIgnore#test_ignore_no_constructor_field com.jsoniter.TestBoolean#test_streaming
w10	com.jsoniter.TestAnnotationJsonIgnore#test_json_ignore_with_creator com.jsoniter.TestBoolean#test_streaming
w11	com.jsoniter.TestAnnotationJsonObject#test_extra_properties com.jsoniter.TestBoolean#test_streaming
w12	com.jsoniter.TestAnnotationJsonObject#test_no_unknown_properties com.jsoniter.TestBoolean#test_streaming
w13	com.jsoniter.TestAnnotationJsonObject#test_unknown_properties com.jsoniter.TestBoolean#test_streaming
w14	com.jsoniter.TestAnnotationJsonObject#test_unknown_properties_blacklist com.jsoniter.TestBoolean#test_streaming
w15	com.jsoniter.TestAnnotationJsonProperty#test_bind_from_multiple_names com.jsoniter.TestBoolean#test_streaming
w16	com.jsoniter.TestAnnotationJsonProperty#test_creator_with_json_property com.jsoniter.TestBoolean#test_streaming
w17	com.jsoniter.TestAnnotationJsonProperty#test_field_and_getter_setter com.jsoniter.TestBoolean#test_streaming
w18	com.jsoniter.TestAnnotationJsonProperty#test_getter_and_setter com.jsoniter.TestBoolean#test_streaming
w19	com.jsoniter.TestAnnotationJsonProperty#test_integer_property_decoder com.jsoniter.TestBoolean#test_streaming
w20	com.jsoniter.TestAnnotationJsonProperty#test_property_decoder com.jsoniter.TestBoolean#test_streaming
w21	com.jsoniter.TestAnnotationJsonProperty#test_rename com.jsoniter.TestBoolean#test_streaming
w22	com.jsoniter.TestAnnotationJsonProperty#test_required com.jsoniter.TestBoolean#test_streaming
w23	com.jsoniter.TestAnnotationJsonProperty#test_required_properties com.jsoniter.TestBoolean#test_streaming
w24	com.jsoniter.TestAnnotationJsonProperty#test_required_properties_not_missing com.jsoniter.TestBoolean#test_streaming
w25	com.jsoniter.TestAnnotationJsonProperty#test_specify_property com.jsoniter.TestBoolean#test_streaming
w26	com.jsoniter.TestAnnotationJsonWrapper#test_binding com.jsoniter.TestBoolean#test_streaming
w27	com.jsoniter.TestAnnotationJsonWrapper#test_issue_104 com.jsoniter.TestBoolean#test_streaming
w28	com.jsoniter.TestAnnotationJsonWrapper#test_key_value com.jsoniter.TestBoolean#test_streaming
w29	com.jsoniter.TestArray#test_array_lazy_any_to_string com.jsoniter.TestBoolean#test_streaming
w30	com.jsoniter.TestArray#test_boolean_array com.jsoniter.TestBoolean#test_streaming
w31	com.jsoniter.TestArray#test_empty_array com.jsoniter.TestBoolean#test_streaming
w32	com.jsoniter.TestArray#test_five_elements com.jsoniter.TestBoolean#test_streaming
w33	com.jsoniter.TestArray#test_four_elements com.jsoniter.TestBoolean#test_streaming
w34	com.jsoniter.TestArray#test_iterator com.jsoniter.TestBoolean#test_streaming
w35	com.jsoniter.TestArray#test_null com.jsoniter.TestBoolean#test_streaming
w36	com.jsoniter.TestArray#test_one_element com.jsoniter.TestBoolean#test_streaming
w37	com.jsoniter.TestArray#test_three_elements com.jsoniter.TestBoolean#test_streaming
w38	com.jsoniter.TestArray#test_two_elements com.jsoniter.TestBoolean#test_streaming
w39	com.jsoniter.TestBoolean#test_non_streaming com.jsoniter.TestBoolean#test_streaming
w40	com.jsoniter.TestCustomizeType#test_customize_impl com.jsoniter.TestBoolean#test_streaming
w41	com.jsoniter.TestCustomizeType#test_customize_through_extension com.jsoniter.TestBoolean#test_streaming
w42	com.jsoniter.TestDemo#test_abc com.jsoniter.TestBoolean#test_streaming
w43	com.jsoniter.TestDemo#test_any_api com.jsoniter.TestBoolean#test_streaming
w44	com.jsoniter.TestDemo#test_any_is_fun com.jsoniter.TestBoolean#test_streaming
w45	com.jsoniter.TestDemo#test_bind_api com.jsoniter.TestBoolean#test_streaming
w46	com.jsoniter.TestDemo#test_deserialize com.jsoniter.TestBoolean#test_streaming
w47	com.jsoniter.TestDemo#test_empty_array_as_null com.jsoniter.TestBoolean#test_streaming
w48	com.jsoniter.TestDemo#test_generics com.jsoniter.TestBoolean#test_streaming
w49	com.jsoniter.TestDemo#test_iterator com.jsoniter.TestBoolean#test_streaming
w50	com.jsoniter.TestDemo#test_iterator_api com.jsoniter.TestBoolean#test_streaming
w51	com.jsoniter.TestDemo#test_iterator_api_and_bind com.jsoniter.TestBoolean#test_streaming
w52	com.jsoniter.TestDemo#test_utf8 com.jsoniter.TestBoolean#test_streaming
w53	com.jsoniter.TestExisting#test_direct_reuse com.jsoniter.TestBoolean#test_streaming
w54	com.jsoniter.TestExisting#test_indirect_reuse com.jsoniter.TestBoolean#test_streaming
w55	com.jsoniter.TestExisting#test_reuse_linked_list com.jsoniter.TestBoolean#test_streaming
w56	com.jsoniter.TestExisting#test_reuse_list com.jsoniter.TestBoolean#test_streaming
w57	com.jsoniter.TestExisting#test_reuse_map com.jsoniter.TestBoolean#test_streaming
w58	com.jsoniter.TestFloat#testBigDecimal com.jsoniter.TestBoolean#test_streaming
w59	com.jsoniter.TestFloat#testChooseDouble com.jsoniter.TestBoolean#test_streaming
w60	com.jsoniter.TestFloat#testInfinity com.jsoniter.TestBoolean#test_streaming
w61	com.jsoniter.TestFloat#test_combination_of_dot_and_exponent com.jsoniter.TestBoolean#test_streaming
w62	com.jsoniter.TestFloat#test_decimal_places com.jsoniter.TestBoolean#test_streaming
w63	com.jsoniter.TestFloat#test_ieee_754 com.jsoniter.TestBoolean#test_streaming
w64	com.jsoniter.TestFloat#test_long_double com.jsoniter.TestBoolean#test_streaming
w65	com.jsoniter.TestFloat#test_positive_negative com.jsoniter.TestBoolean#test_streaming
w66	com.jsoniter.TestFloat#test_streaming com.jsoniter.TestBoolean#test_streaming
w67	com.jsoniter.TestGenerics#test_complex_object com.jsoniter.TestBoolean#test_streaming
w68	com.jsoniter.TestGenerics#test_generic_super_class com.jsoniter.TestBoolean#test_streaming
w69	com.jsoniter.TestGenerics#test_int_list com.jsoniter.TestBoolean#test_streaming
w70	com.jsoniter.TestGenerics#test_integer_map com.jsoniter.TestBoolean#test_streaming
w71	com.jsoniter.TestGenerics#test_issue_103 com.jsoniter.TestBoolean#test_streaming
w72	com.jsoniter.TestGenerics#test_linked_list com.jsoniter.TestBoolean#test_streaming
w73	com.jsoniter.TestGenerics#test_list_of_list com.jsoniter.TestBoolean#test_streaming
w74	com.jsoniter.TestGenerics#test_string_list com.jsoniter.TestBoolean#test_streaming
w75	com.jsoniter.TestGenerics#test_string_map com.jsoniter.TestBoolean#test_streaming
w76	com.jsoniter.TestGenerics#test_string_set com.jsoniter.TestBoolean#test_streaming
w77	com.jsoniter.TestGenerics#test_wildcard com.jsoniter.TestBoolean#test_streaming
w78	com.jsoniter.TestGson#test_Expose com.jsoniter.TestBoolean#test_streaming
w79	com.jsoniter.TestGson#test_SerializedName com.jsoniter.TestBoolean#test_streaming
w80	com.jsoniter.TestGson#test_addDeserializationExclusionStrategy com.jsoniter.TestBoolean#test_streaming
w81	com.jsoniter.TestGson#test_bool_as_string com.jsoniter.TestBoolean#test_streaming
w82	com.jsoniter.TestGson#test_int_as_string com.jsoniter.TestBoolean#test_streaming
w83	com.jsoniter.TestGson#test_null_as_boolean com.jsoniter.TestBoolean#test_streaming
w84	com.jsoniter.TestGson#test_null_as_double com.jsoniter.TestBoolean#test_streaming
w85	com.jsoniter.TestGson#test_null_as_float com.jsoniter.TestBoolean#test_streaming
w86	com.jsoniter.TestGson#test_null_as_int com.jsoniter.TestBoolean#test_streaming
w87	com.jsoniter.TestGson#test_null_as_long com.jsoniter.TestBoolean#test_streaming
w88	com.jsoniter.TestGson#test_setDateFormat_format com.jsoniter.TestBoolean#test_streaming
w89	com.jsoniter.TestGson#test_setFieldNamingPolicy com.jsoniter.TestBoolean#test_streaming
w90	com.jsoniter.TestGson#test_setFieldNamingStrategy com.jsoniter.TestBoolean#test_streaming
w91	com.jsoniter.TestGson#test_setVersion com.jsoniter.TestBoolean#test_streaming
w92	com.jsoniter.TestIO#test_read_byte com.jsoniter.TestBoolean#test_streaming
w93	com.jsoniter.TestIO#test_read_bytes com.jsoniter.TestBoolean#test_streaming
w94	com.jsoniter.TestIO#test_unread_byte com.jsoniter.TestBoolean#test_streaming
w95	com.jsoniter.TestInteger#testBigInteger com.jsoniter.TestBoolean#test_streaming
w96	com.jsoniter.TestInteger#testChooseInteger com.jsoniter.TestBoolean#test_streaming
w97	com.jsoniter.TestInteger#testChooseLong com.jsoniter.TestBoolean#test_streaming
w98	com.jsoniter.TestInteger#test_byte com.jsoniter.TestBoolean#test_streaming
w99	com.jsoniter.TestInteger#test_char com.jsoniter.TestBoolean#test_streaming
w100	com.jsoniter.TestInteger#test_large_number com.jsoniter.TestBoolean#test_streaming
w101	com.jsoniter.TestInteger#test_leading_zero com.jsoniter.TestBoolean#test_streaming
w102	com.jsoniter.TestInteger#test_max_int com.jsoniter.TestBoolean#test_streaming
w103	com.jsoniter.TestInteger#test_max_min_int com.jsoniter.TestBoolean#test_streaming
w104	com.jsoniter.TestInteger#test_max_min_long com.jsoniter.TestBoolean#test_streaming
w105	com.jsoniter.TestInteger#test_positive_negative_int com.jsoniter.TestBoolean#test_streaming
w106	com.jsoniter.TestInteger#test_positive_negative_long com.jsoniter.TestBoolean#test_streaming
w107	com.jsoniter.TestInteger#test_streaming com.jsoniter.TestBoolean#test_streaming
w108	com.jsoniter.TestJackson#test_JsonAnySetter com.jsoniter.TestBoolean#test_streaming
w109	com.jsoniter.TestJackson#test_JsonIgnore com.jsoniter.TestBoolean#test_streaming
w110	com.jsoniter.TestJackson#test_JsonProperty com.jsoniter.TestBoolean#test_streaming
w111	com.jsoniter.TestMap#test_MapKeyCodec com.jsoniter.TestBoolean#test_streaming
w112	com.jsoniter.TestMap#test_enum_key com.jsoniter.TestBoolean#test_streaming
w113	com.jsoniter.TestMap#test_integer_key com.jsoniter.TestBoolean#test_streaming
w114	com.jsoniter.TestMap#test_object_key com.jsoniter.TestBoolean#test_streaming
w115	com.jsoniter.TestMap#test_string_key com.jsoniter.TestBoolean#test_streaming
w116	com.jsoniter.TestNested#test_array_of_objects com.jsoniter.TestBoolean#test_streaming
w117	com.jsoniter.TestNested#test_get_all_array_elements_via_any com.jsoniter.TestBoolean#test_streaming
w118	com.jsoniter.TestNested#test_get_all_with_some_invalid_path com.jsoniter.TestBoolean#test_streaming
w119	com.jsoniter.TestNested#test_recursive_class com.jsoniter.TestBoolean#test_streaming
w120	com.jsoniter.TestNull#test_null_as_Any com.jsoniter.TestBoolean#test_streaming
w121	com.jsoniter.TestNull#test_null_as_BigDecimal com.jsoniter.TestBoolean#test_streaming
w122	com.jsoniter.TestNull#test_null_as_BigInteger com.jsoniter.TestBoolean#test_streaming
w123	com.jsoniter.TestNull#test_null_as_Boolean com.jsoniter.TestBoolean#test_streaming
w124	com.jsoniter.TestNull#test_null_as_Byte com.jsoniter.TestBoolean#test_streaming
w125	com.jsoniter.TestNull#test_null_as_Character com.jsoniter.TestBoolean#test_streaming
w126	com.jsoniter.TestNull#test_null_as_Double com.jsoniter.TestBoolean#test_streaming
w127	com.jsoniter.TestNull#test_null_as_Float com.jsoniter.TestBoolean#test_streaming
w128	com.jsoniter.TestNull#test_null_as_Integer com.jsoniter.TestBoolean#test_streaming
w129	com.jsoniter.TestNull#test_null_as_Long com.jsoniter.TestBoolean#test_streaming
w130	com.jsoniter.TestNull#test_null_as_Short com.jsoniter.TestBoolean#test_streaming
w131	com.jsoniter.TestObject#test_empty_class com.jsoniter.TestBoolean#test_streaming
w132	com.jsoniter.TestObject#test_empty_object com.jsoniter.TestBoolean#test_streaming
w133	com.jsoniter.TestObject#test_enum com.jsoniter.TestBoolean#test_streaming
w134	com.jsoniter.TestObject#test_incomplete_field_name com.jsoniter.TestBoolean#test_streaming
w135	com.jsoniter.TestObject#test_inheritance com.jsoniter.TestBoolean#test_streaming
w136	com.jsoniter.TestObject#test_iterator com.jsoniter.TestBoolean#test_streaming
w137	com.jsoniter.TestObject#test_maybe_empty_array_field com.jsoniter.TestBoolean#test_streaming
w138	com.jsoniter.TestObject#test_native_field com.jsoniter.TestBoolean#test_streaming
w139	com.jsoniter.TestObject#test_non_ascii_field com.jsoniter.TestBoolean#test_streaming
w140	com.jsoniter.TestObject#test_object_creation com.jsoniter.TestBoolean#test_streaming
w141	com.jsoniter.TestObject#test_one_field com.jsoniter.TestBoolean#test_streaming
w142	com.jsoniter.TestObject#test_private_ref com.jsoniter.TestBoolean#test_streaming
w143	com.jsoniter.TestObject#test_read_null com.jsoniter.TestBoolean#test_streaming
w144	com.jsoniter.TestObject#test_setter_is_preferred com.jsoniter.TestBoolean#test_streaming
w145	com.jsoniter.TestObject#test_two_fields com.jsoniter.TestBoolean#test_streaming
w146	com.jsoniter.TestOmitValue#test_shouldOmitInputNotNullOutputFalse com.jsoniter.TestBoolean#test_streaming
w147	com.jsoniter.TestOmitValue#test_shouldOmitInputPositiveOutputFalse com.jsoniter.TestBoolean#test_streaming
w148	com.jsoniter.TestOmitValue#test_shouldOmitInputPositiveOutputFalse2 com.jsoniter.TestBoolean#test_streaming
w149	com.jsoniter.TestOmitValue#test_shouldOmitInputPositiveOutputFalse3 com.jsoniter.TestBoolean#test_streaming
w150	com.jsoniter.TestOmitValue#test_shouldOmitInputPositiveOutputFalse4 com.jsoniter.TestBoolean#test_streaming
w151	com.jsoniter.TestOmitValue#test_shouldOmitInputPositiveOutputFalse5 com.jsoniter.TestBoolean#test_streaming
w152	com.jsoniter.TestOmitValue#test_shouldOmitInputPositiveOutputFalse6 com.jsoniter.TestBoolean#test_streaming
w153	com.jsoniter.TestOmitValue#test_shouldOmitInputTrueOutputFalse com.jsoniter.TestBoolean#test_streaming
w154	com.jsoniter.TestOmitValue#test_shouldOmitInputZeroOutputTrue com.jsoniter.TestBoolean#test_streaming
w155	com.jsoniter.TestOmitValue#test_shouldOmitInputZeroOutputTrue2 com.jsoniter.TestBoolean#test_streaming
w156	com.jsoniter.TestReadAny#test_bind_to_any com.jsoniter.TestBoolean#test_streaming
w157	com.jsoniter.TestReadAny#test_get com.jsoniter.TestBoolean#test_streaming
w158	com.jsoniter.TestReadAny#test_keys com.jsoniter.TestBoolean#test_streaming
w159	com.jsoniter.TestReadAny#test_read_any com.jsoniter.TestBoolean#test_streaming
w160	com.jsoniter.TestReadAny#test_read_any_from_string com.jsoniter.TestBoolean#test_streaming
w161	com.jsoniter.TestReadAny#test_read_any_in_streaming com.jsoniter.TestBoolean#test_streaming
w162	com.jsoniter.TestReadAny#test_read_boolean com.jsoniter.TestBoolean#test_streaming
w163	com.jsoniter.TestReadAny#test_read_class com.jsoniter.TestBoolean#test_streaming
w164	com.jsoniter.TestReadAny#test_read_double com.jsoniter.TestBoolean#test_streaming
w165	com.jsoniter.TestReadAny#test_read_float com.jsoniter.TestBoolean#test_streaming
w166	com.jsoniter.TestReadAny#test_read_float_as_int com.jsoniter.TestBoolean#test_streaming
w167	com.jsoniter.TestReadAny#test_read_int com.jsoniter.TestBoolean#test_streaming
w168	com.jsoniter.TestReadAny#test_read_int_array com.jsoniter.TestBoolean#test_streaming
w169	com.jsoniter.TestReadAny#test_read_int_as_string com.jsoniter.TestBoolean#test_streaming
w170	com.jsoniter.TestReadAny#test_read_int_object com.jsoniter.TestBoolean#test_streaming
w171	com.jsoniter.TestReadAny#test_read_long com.jsoniter.TestBoolean#test_streaming
w172	com.jsoniter.TestReadAny#test_read_multiple_field com.jsoniter.TestBoolean#test_streaming
w173	com.jsoniter.TestReadAny#test_read_string com.jsoniter.TestBoolean#test_streaming
w174	com.jsoniter.TestReadAny#test_require_path com.jsoniter.TestBoolean#test_streaming
w175	com.jsoniter.TestReadAny#test_size com.jsoniter.TestBoolean#test_streaming
w176	com.jsoniter.TestSkip#test_skip_array com.jsoniter.TestBoolean#test_streaming
w177	com.jsoniter.TestSkip#test_skip_nested com.jsoniter.TestBoolean#test_streaming
w178	com.jsoniter.TestSkip#test_skip_number com.jsoniter.TestBoolean#test_streaming
w179	com.jsoniter.TestSkip#test_skip_object com.jsoniter.TestBoolean#test_streaming
w180	com.jsoniter.TestSkip#test_skip_string com.jsoniter.TestBoolean#test_streaming
w181	com.jsoniter.TestSkip#test_skip_string_streaming com.jsoniter.TestBoolean#test_streaming
w182	com.jsoniter.TestSlice#test_equals com.jsoniter.TestBoolean#test_streaming
w183	com.jsoniter.TestSlice#test_equalsInputNotNullOutputFalse com.jsoniter.TestBoolean#test_streaming
w184	com.jsoniter.TestSlice#test_equalsInputNotNullOutputFalse2 com.jsoniter.TestBoolean#test_streaming
w185	com.jsoniter.TestSlice#test_hashcode com.jsoniter.TestBoolean#test_streaming
w186	com.jsoniter.TestSpiPropertyDecoder#test_PropertyDecoder com.jsoniter.TestBoolean#test_streaming
w187	com.jsoniter.TestSpiPropertyDecoder#test_PropertyDecoder_for_type_literal com.jsoniter.TestBoolean#test_streaming
w188	com.jsoniter.TestSpiTypeDecoder#test_TypeDecoder com.jsoniter.TestBoolean#test_streaming
w189	com.jsoniter.TestSpiTypeDecoder#test_TypeDecoder_for_generics com.jsoniter.TestBoolean#test_streaming
w190	com.jsoniter.TestSpiTypeDecoder#test_as_array_element com.jsoniter.TestBoolean#test_streaming
w191	com.jsoniter.TestSpiTypeDecoder#test_as_field_type com.jsoniter.TestBoolean#test_streaming
w192	com.jsoniter.TestSpiTypeDecoder#test_direct com.jsoniter.TestBoolean#test_streaming
w193	com.jsoniter.TestSpiTypeDecoder#test_list_or_single_element com.jsoniter.TestBoolean#test_streaming
w194	com.jsoniter.TestString#test_ascii_string com.jsoniter.TestBoolean#test_streaming
w195	com.jsoniter.TestString#test_ascii_string_with_escape com.jsoniter.TestBoolean#test_streaming
w196	com.jsoniter.TestString#test_incomplete_escape com.jsoniter.TestBoolean#test_streaming
w197	com.jsoniter.TestString#test_incomplete_string com.jsoniter.TestBoolean#test_streaming
w198	com.jsoniter.TestString#test_invalid_string com.jsoniter.TestBoolean#test_streaming
w199	com.jsoniter.TestString#test_larger_than_buffer com.jsoniter.TestBoolean#test_streaming
w200	com.jsoniter.TestString#test_long_string com.jsoniter.TestBoolean#test_streaming
w201	com.jsoniter.TestString#test_long_string_in_streaming com.jsoniter.TestBoolean#test_streaming
w202	com.jsoniter.TestString#test_normal_escape com.jsoniter.TestBoolean#test_streaming
w203	com.jsoniter.TestString#test_null_string com.jsoniter.TestBoolean#test_streaming
w204	com.jsoniter.TestString#test_string_across_buffer com.jsoniter.TestBoolean#test_streaming
w205	com.jsoniter.TestString#test_surrogate com.jsoniter.TestBoolean#test_streaming
w206	com.jsoniter.TestString#test_unicode_escape com.jsoniter.TestBoolean#test_streaming
w207	com.jsoniter.TestString#test_utf8 com.jsoniter.TestBoolean#test_streaming
w208	com.jsoniter.TestString#test_utf8_string com.jsoniter.TestBoolean#test_streaming
w209	com.jsoniter.TestWhatIsNext#test com.jsoniter.TestBoolean#test_streaming
w210	com.jsoniter.any.TestArray#test_equals_and_hashcode com.jsoniter.TestBoolean#test_streaming
w211	com.jsoniter.any.TestArray#test_fill_partial_then_iterate com.jsoniter.TestBoolean#test_streaming
w212	com.jsoniter.any.TestArray#test_get com.jsoniter.TestBoolean#test_streaming
w213	com.jsoniter.any.TestArray#test_get_from_nested com.jsoniter.TestBoolean#test_streaming
w214	com.jsoniter.any.TestArray#test_iterator com.jsoniter.TestBoolean#test_streaming
w215	com.jsoniter.any.TestArray#test_null com.jsoniter.TestBoolean#test_streaming
w216	com.jsoniter.any.TestArray#test_size com.jsoniter.TestBoolean#test_streaming
w217	com.jsoniter.any.TestArray#test_to_boolean com.jsoniter.TestBoolean#test_streaming
w218	com.jsoniter.any.TestArray#test_to_int com.jsoniter.TestBoolean#test_streaming
w219	com.jsoniter.any.TestArray#test_to_string com.jsoniter.TestBoolean#test_streaming
w220	com.jsoniter.any.TestList#test_for_each com.jsoniter.TestBoolean#test_streaming
w221	com.jsoniter.any.TestList#test_get com.jsoniter.TestBoolean#test_streaming
w222	com.jsoniter.any.TestList#test_get_from_nested com.jsoniter.TestBoolean#test_streaming
w223	com.jsoniter.any.TestList#test_iterator com.jsoniter.TestBoolean#test_streaming
w224	com.jsoniter.any.TestList#test_size com.jsoniter.TestBoolean#test_streaming
w225	com.jsoniter.any.TestList#test_to_boolean com.jsoniter.TestBoolean#test_streaming
w226	com.jsoniter.any.TestList#test_to_int com.jsoniter.TestBoolean#test_streaming
w227	com.jsoniter.any.TestList#test_to_string com.jsoniter.TestBoolean#test_streaming
w228	com.jsoniter.any.TestLong#test_should_fail_with_leading_zero com.jsoniter.TestBoolean#test_streaming
w229	com.jsoniter.any.TestLong#test_should_work_with_zero com.jsoniter.TestBoolean#test_streaming
w230	com.jsoniter.any.TestLong#test_to_string_should_trim com.jsoniter.TestBoolean#test_streaming
w231	com.jsoniter.any.TestMap#test_get com.jsoniter.TestBoolean#test_streaming
w232	com.jsoniter.any.TestMap#test_get_from_nested com.jsoniter.TestBoolean#test_streaming
w233	com.jsoniter.any.TestMap#test_iterator com.jsoniter.TestBoolean#test_streaming
w234	com.jsoniter.any.TestMap#test_size com.jsoniter.TestBoolean#test_streaming
w235	com.jsoniter.any.TestMap#test_to_boolean com.jsoniter.TestBoolean#test_streaming
w236	com.jsoniter.any.TestMap#test_to_int com.jsoniter.TestBoolean#test_streaming
w237	com.jsoniter.any.TestMap#test_to_string com.jsoniter.TestBoolean#test_streaming
w238	com.jsoniter.extra.TestBase64#test_decode com.jsoniter.TestBoolean#test_streaming
w239	com.jsoniter.extra.TestBase64#test_encode com.jsoniter.TestBoolean#test_streaming
w240	com.jsoniter.extra.TestBase64Float#test_Double com.jsoniter.TestBoolean#test_streaming
w241	com.jsoniter.extra.TestBase64Float#test_Float com.jsoniter.TestBoolean#test_streaming
w242	com.jsoniter.extra.TestBase64Float#test_double com.jsoniter.TestBoolean#test_streaming
w243	com.jsoniter.extra.TestBase64Float#test_float com.jsoniter.TestBoolean#test_streaming
w244	com.jsoniter.extra.TestNamingStrategy#test com.jsoniter.TestBoolean#test_streaming
w245	com.jsoniter.extra.TestPreciseFloat#test_direct_encode com.jsoniter.TestBoolean#test_streaming
w246	com.jsoniter.extra.TestPreciseFloat#test_indirect_encode com.jsoniter.TestBoolean#test_streaming
w247	com.jsoniter.output.TestAnnotationJsonIgnore#test_ignore com.jsoniter.TestBoolean#test_streaming
w248	com.jsoniter.output.TestAnnotationJsonIgnore#test_ignore_decoding_only com.jsoniter.TestBoolean#test_streaming
w249	com.jsoniter.output.TestAnnotationJsonIgnore#test_private_serialize com.jsoniter.TestBoolean#test_streaming
w250	com.jsoniter.output.TestAnnotationJsonProperty#test_encoder com.jsoniter.TestBoolean#test_streaming
w251	com.jsoniter.output.TestAnnotationJsonProperty#test_getter com.jsoniter.TestBoolean#test_streaming
w252	com.jsoniter.output.TestAnnotationJsonProperty#test_getter_and_setter com.jsoniter.TestBoolean#test_streaming
w253	com.jsoniter.output.TestAnnotationJsonProperty#test_property com.jsoniter.TestBoolean#test_streaming
w254	com.jsoniter.output.TestAnnotationJsonUnwrapper#test_unwrapper com.jsoniter.TestBoolean#test_streaming
w255	com.jsoniter.output.TestAnnotationJsonUnwrapper#test_unwrapper_with_map com.jsoniter.TestBoolean#test_streaming
w256	com.jsoniter.output.TestAny#test_array com.jsoniter.TestBoolean#test_streaming
w257	com.jsoniter.output.TestAny#test_boolean com.jsoniter.TestBoolean#test_streaming
w258	com.jsoniter.output.TestAny#test_double com.jsoniter.TestBoolean#test_streaming
w259	com.jsoniter.output.TestAny#test_float com.jsoniter.TestBoolean#test_streaming
w260	com.jsoniter.output.TestAny#test_int com.jsoniter.TestBoolean#test_streaming
w261	com.jsoniter.output.TestAny#test_list com.jsoniter.TestBoolean#test_streaming
w262	com.jsoniter.output.TestAny#test_long com.jsoniter.TestBoolean#test_streaming
w263	com.jsoniter.output.TestAny#test_not_found com.jsoniter.TestBoolean#test_streaming
w264	com.jsoniter.output.TestAny#test_null com.jsoniter.TestBoolean#test_streaming
w265	com.jsoniter.output.TestAny#test_object com.jsoniter.TestBoolean#test_streaming
w266	com.jsoniter.output.TestAny#test_string com.jsoniter.TestBoolean#test_streaming
w267	com.jsoniter.output.TestArray#test_array_of_null com.jsoniter.TestBoolean#test_streaming
w268	com.jsoniter.output.TestArray#test_arrays_as_list com.jsoniter.TestBoolean#test_streaming
w269	com.jsoniter.output.TestArray#test_collection com.jsoniter.TestBoolean#test_streaming
w270	com.jsoniter.output.TestArray#test_collection_without_type com.jsoniter.TestBoolean#test_streaming
w271	com.jsoniter.output.TestArray#test_default_empty_collection com.jsoniter.TestBoolean#test_streaming
w272	com.jsoniter.output.TestArray#test_empty_array com.jsoniter.TestBoolean#test_streaming
w273	com.jsoniter.output.TestArray#test_empty_collection com.jsoniter.TestBoolean#test_streaming
w274	com.jsoniter.output.TestArray#test_gen_array com.jsoniter.TestBoolean#test_streaming
w275	com.jsoniter.output.TestArray#test_hash_set com.jsoniter.TestBoolean#test_streaming
w276	com.jsoniter.output.TestArray#test_indention com.jsoniter.TestBoolean#test_streaming
w277	com.jsoniter.output.TestArray#test_indention_with_empty_array com.jsoniter.TestBoolean#test_streaming
w278	com.jsoniter.output.TestArray#test_list_of_null com.jsoniter.TestBoolean#test_streaming
w279	com.jsoniter.output.TestArray#test_list_of_objects com.jsoniter.TestBoolean#test_streaming
w280	com.jsoniter.output.TestArray#test_null_array com.jsoniter.TestBoolean#test_streaming
w281	com.jsoniter.output.TestArray#test_null_collection com.jsoniter.TestBoolean#test_streaming
w282	com.jsoniter.output.TestCollection#test_indention com.jsoniter.TestBoolean#test_streaming
w283	com.jsoniter.output.TestCollection#test_indention_with_empty_array com.jsoniter.TestBoolean#test_streaming
w284	com.jsoniter.output.TestFloat#testBigDecimal com.jsoniter.TestBoolean#test_streaming
w285	com.jsoniter.output.TestFloat#test_infinity com.jsoniter.TestBoolean#test_streaming
w286	com.jsoniter.output.TestGenerics#test_inherited_getter_is_not_duplicate com.jsoniter.TestBoolean#test_streaming
w287	com.jsoniter.output.TestGenerics#test_wildcard com.jsoniter.TestBoolean#test_streaming
w288	com.jsoniter.output.TestGson#test_Expose com.jsoniter.TestBoolean#test_streaming
w289	com.jsoniter.output.TestGson#test_SerializedName_on_field com.jsoniter.TestBoolean#test_streaming
w290	com.jsoniter.output.TestGson#test_addSerializationExclusionStrategy com.jsoniter.TestBoolean#test_streaming
w291	com.jsoniter.output.TestGson#test_disableHtmlEscaping_off com.jsoniter.TestBoolean#test_streaming
w292	com.jsoniter.output.TestGson#test_disableHtmlEscaping_on com.jsoniter.TestBoolean#test_streaming
w293	com.jsoniter.output.TestGson#test_excludeFieldsWithoutExposeAnnotation com.jsoniter.TestBoolean#test_streaming
w294	com.jsoniter.output.TestGson#test_getter_should_be_ignored com.jsoniter.TestBoolean#test_streaming
w295	com.jsoniter.output.TestGson#test_serializeNulls com.jsoniter.TestBoolean#test_streaming
w296	com.jsoniter.output.TestGson#test_setDateFormat_with_format com.jsoniter.TestBoolean#test_streaming
w297	com.jsoniter.output.TestGson#test_setDateFormat_with_style com.jsoniter.TestBoolean#test_streaming
w298	com.jsoniter.output.TestGson#test_setFieldNamingPolicy com.jsoniter.TestBoolean#test_streaming
w299	com.jsoniter.output.TestGson#test_setFieldNamingStrategy com.jsoniter.TestBoolean#test_streaming
w300	com.jsoniter.output.TestGson#test_setPrettyPrinting com.jsoniter.TestBoolean#test_streaming
w301	com.jsoniter.output.TestGson#test_setVersion com.jsoniter.TestBoolean#test_streaming
w302	com.jsoniter.output.TestGson#test_surrogate com.jsoniter.TestBoolean#test_streaming
w303	com.jsoniter.output.TestInteger#testBigInteger com.jsoniter.TestBoolean#test_streaming
w304	com.jsoniter.output.TestJackson#test_JsonAnyGetter com.jsoniter.TestBoolean#test_streaming
w305	com.jsoniter.output.TestJackson#test_JsonIgnore com.jsoniter.TestBoolean#test_streaming
w306	com.jsoniter.output.TestJackson#test_JsonProperty com.jsoniter.TestBoolean#test_streaming
w307	com.jsoniter.output.TestList#test_indention com.jsoniter.TestBoolean#test_streaming
w308	com.jsoniter.output.TestList#test_indention_with_empty_array com.jsoniter.TestBoolean#test_streaming
w309	com.jsoniter.output.TestMap#test com.jsoniter.TestBoolean#test_streaming
w310	com.jsoniter.output.TestMap#test_MapKeyCodec com.jsoniter.TestBoolean#test_streaming
w311	com.jsoniter.output.TestMap#test_empty com.jsoniter.TestBoolean#test_streaming
w312	com.jsoniter.output.TestMap#test_enum_key com.jsoniter.TestBoolean#test_streaming
w313	com.jsoniter.output.TestMap#test_indention_with_empty_map com.jsoniter.TestBoolean#test_streaming
w314	com.jsoniter.output.TestMap#test_int_as_map_key com.jsoniter.TestBoolean#test_streaming
w315	com.jsoniter.output.TestMap#test_integer_key com.jsoniter.TestBoolean#test_streaming
w316	com.jsoniter.output.TestMap#test_multiple_keys com.jsoniter.TestBoolean#test_streaming
w317	com.jsoniter.output.TestMap#test_null com.jsoniter.TestBoolean#test_streaming
w318	com.jsoniter.output.TestMap#test_object_key com.jsoniter.TestBoolean#test_streaming
w319	com.jsoniter.output.TestMap#test_value_is_null com.jsoniter.TestBoolean#test_streaming
w320	com.jsoniter.output.TestNative#test_big_decimal com.jsoniter.TestBoolean#test_streaming
w321	com.jsoniter.output.TestNative#test_big_float com.jsoniter.TestBoolean#test_streaming
w322	com.jsoniter.output.TestNative#test_big_integer com.jsoniter.TestBoolean#test_streaming
w323	com.jsoniter.output.TestNative#test_boolean com.jsoniter.TestBoolean#test_streaming
w324	com.jsoniter.output.TestNative#test_boxed_int com.jsoniter.TestBoolean#test_streaming
w325	com.jsoniter.output.TestNative#test_double com.jsoniter.TestBoolean#test_streaming
w326	com.jsoniter.output.TestNative#test_escape com.jsoniter.TestBoolean#test_streaming
w327	com.jsoniter.output.TestNative#test_float2 com.jsoniter.TestBoolean#test_streaming
w328	com.jsoniter.output.TestNative#test_float3 com.jsoniter.TestBoolean#test_streaming
w329	com.jsoniter.output.TestNative#test_int com.jsoniter.TestBoolean#test_streaming
w330	com.jsoniter.output.TestNative#test_large_double com.jsoniter.TestBoolean#test_streaming
w331	com.jsoniter.output.TestNative#test_large_int com.jsoniter.TestBoolean#test_streaming
w332	com.jsoniter.output.TestNative#test_long com.jsoniter.TestBoolean#test_streaming
w333	com.jsoniter.output.TestNative#test_negative_int com.jsoniter.TestBoolean#test_streaming
w334	com.jsoniter.output.TestNative#test_negative_long com.jsoniter.TestBoolean#test_streaming
w335	com.jsoniter.output.TestNative#test_no_decimal_float com.jsoniter.TestBoolean#test_streaming
w336	com.jsoniter.output.TestNative#test_raw com.jsoniter.TestBoolean#test_streaming
w337	com.jsoniter.output.TestNative#test_short com.jsoniter.TestBoolean#test_streaming
w338	com.jsoniter.output.TestNative#test_slash com.jsoniter.TestBoolean#test_streaming
w339	com.jsoniter.output.TestNative#test_small_int com.jsoniter.TestBoolean#test_streaming
w340	com.jsoniter.output.TestNative#test_string com.jsoniter.TestBoolean#test_streaming
w341	com.jsoniter.output.TestNative#test_utf8 com.jsoniter.TestBoolean#test_streaming
w342	com.jsoniter.output.TestNested#test_array_of_objects com.jsoniter.TestBoolean#test_streaming
w343	com.jsoniter.output.TestNested#test_collection_of_objects com.jsoniter.TestBoolean#test_streaming
w344	com.jsoniter.output.TestNested#test_map_of_objects com.jsoniter.TestBoolean#test_streaming
w345	com.jsoniter.output.TestNested#test_object_of_array com.jsoniter.TestBoolean#test_streaming
w346	com.jsoniter.output.TestNested#test_recursive_class com.jsoniter.TestBoolean#test_streaming
w347	com.jsoniter.output.TestObject#test_array_field com.jsoniter.TestBoolean#test_streaming
w348	com.jsoniter.output.TestObject#test_array_field_is_null com.jsoniter.TestBoolean#test_streaming
w349	com.jsoniter.output.TestObject#test_array_field_is_null_via_getter com.jsoniter.TestBoolean#test_streaming
w350	com.jsoniter.output.TestObject#test_collection_value_not_nullable com.jsoniter.TestBoolean#test_streaming
w351	com.jsoniter.output.TestObject#test_empty_object com.jsoniter.TestBoolean#test_streaming
w352	com.jsoniter.output.TestObject#test_enum com.jsoniter.TestBoolean#test_streaming
w353	com.jsoniter.output.TestObject#test_field com.jsoniter.TestBoolean#test_streaming
w354	com.jsoniter.output.TestObject#test_indention com.jsoniter.TestBoolean#test_streaming
w355	com.jsoniter.output.TestObject#test_indention_with_empty_object com.jsoniter.TestBoolean#test_streaming
w356	com.jsoniter.output.TestObject#test_missing_notFirst com.jsoniter.TestBoolean#test_streaming
w357	com.jsoniter.output.TestObject#test_name_conflict com.jsoniter.TestBoolean#test_streaming
w358	com.jsoniter.output.TestObject#test_not_nullable com.jsoniter.TestBoolean#test_streaming
w359	com.jsoniter.output.TestObject#test_not_omit_null com.jsoniter.TestBoolean#test_streaming
w360	com.jsoniter.output.TestObject#test_null com.jsoniter.TestBoolean#test_streaming
w361	com.jsoniter.output.TestObject#test_null_field com.jsoniter.TestBoolean#test_streaming
w362	com.jsoniter.output.TestObject#test_omit_default com.jsoniter.TestBoolean#test_streaming
w363	com.jsoniter.output.TestObject#test_omit_null com.jsoniter.TestBoolean#test_streaming
w364	com.jsoniter.output.TestObject#test_omit_selft_defined com.jsoniter.TestBoolean#test_streaming
w365	com.jsoniter.output.TestObject#test_private_class com.jsoniter.TestBoolean#test_streaming
w366	com.jsoniter.output.TestObject#test_transient_field_getter com.jsoniter.TestBoolean#test_streaming
w367	com.jsoniter.output.TestSpiPropertyEncoder#test_PropertyEncoder com.jsoniter.TestBoolean#test_streaming
w368	com.jsoniter.output.TestSpiPropertyEncoder#test_PropertyEncoder_for_type_literal com.jsoniter.TestBoolean#test_streaming
w369	com.jsoniter.output.TestSpiTypeEncoder#test_TypeEncoder com.jsoniter.TestBoolean#test_streaming
w370	com.jsoniter.output.TestSpiTypeEncoder#test_TypeEncoder_for_type_literal com.jsoniter.TestBoolean#test_streaming
w371	com.jsoniter.output.TestStreamBuffer#test_write_bytes com.jsoniter.TestBoolean#test_streaming
w372	com.jsoniter.output.TestStreamBuffer#test_write_indention com.jsoniter.TestBoolean#test_streaming
w373	com.jsoniter.output.TestStreamBuffer#test_write_int com.jsoniter.TestBoolean#test_streaming
w374	com.jsoniter.output.TestStreamBuffer#test_write_long com.jsoniter.TestBoolean#test_streaming
w375	com.jsoniter.output.TestStreamBuffer#test_write_raw com.jsoniter.TestBoolean#test_streaming
w376	com.jsoniter.output.TestStreamBuffer#test_write_string com.jsoniter.TestBoolean#test_streaming
w377	com.jsoniter.output.TestString#test_escape_control_character com.jsoniter.TestBoolean#test_streaming
w378	com.jsoniter.output.TestString#test_escape_unicode com.jsoniter.TestBoolean#test_streaming
w379	com.jsoniter.output.TestString#test_serialize_into_output_stream com.jsoniter.TestBoolean#test_streaming
w380	com.jsoniter.output.TestString#test_unicode com.jsoniter.TestBoolean#test_streaming
w381	com.jsoniter.output.TestString#test_unicode_tilde com.jsoniter.TestBoolean#test_streaming
