https://github.com/alibaba/fastjson,a7f1f5c4ac52503cc95bf1d27498098b3093a0df,.,com.alibaba.fastjson.serializer.TestParse.testParse,OD,Opened,https://github.com/alibaba/fastjson/pull/4458
https://github.com/alibaba/fastjson,e05e9c5e4be580691cc55a59f3256595393203a1,.,com.alibaba.json.bvt.bug.Issue_717.test_for_issue,OD,RepoArchived,
https://github.com/alibaba/fastjson,e05e9c5e4be580691cc55a59f3256595393203a1,.,com.alibaba.json.bvt.date.DateTest.test_date,OD,Accepted,https://github.com/alibaba/fastjson/pull/2148
https://github.com/alibaba/fastjson,e05e9c5e4be580691cc55a59f3256595393203a1,.,com.alibaba.json.bvt.date.DateTest_tz.test_codec,OD,Accepted,https://github.com/alibaba/fastjson/pull/2148
https://github.com/alibaba/fastjson,e05e9c5e4be580691cc55a59f3256595393203a1,.,com.alibaba.json.bvt.issue_1200.Issue1298.test_for_issue,OD,Accepted,https://github.com/alibaba/fastjson/pull/2148
https://github.com/alibaba/fastjson,e05e9c5e4be580691cc55a59f3256595393203a1,.,com.alibaba.json.bvt.issue_1200.Issue1298.test_for_issue_1,OD,Accepted,https://github.com/alibaba/fastjson/pull/2148
https://github.com/alibaba/fastjson,e05e9c5e4be580691cc55a59f3256595393203a1,.,com.alibaba.json.bvt.issue_1600.Issue1679.test_for_issue,OD,Accepted,https://github.com/alibaba/fastjson/pull/2148
https://github.com/alibaba/fastjson,e05e9c5e4be580691cc55a59f3256595393203a1,.,com.alibaba.json.bvt.issue_1700.Issue1769.test_for_issue,OD,RepoArchived,
https://github.com/alibaba/fastjson,e05e9c5e4be580691cc55a59f3256595393203a1,.,com.alibaba.json.bvt.issue_1900.Issue1977.test_for_issue,OD,Accepted,https://github.com/alibaba/fastjson/pull/2148
https://github.com/alibaba/fastjson,e05e9c5e4be580691cc55a59f3256595393203a1,.,com.alibaba.json.bvt.parser.DefaultExtJSONParser_parseArray.test_7,OD,Accepted,https://github.com/alibaba/fastjson/pull/3291
https://github.com/alibaba/fastjson,e05e9c5e4be580691cc55a59f3256595393203a1,.,com.alibaba.json.bvt.parser.DefaultExtJSONParser_parseArray.test_8,OD,Accepted,https://github.com/alibaba/fastjson/pull/3291
https://github.com/alibaba/fastjson,e05e9c5e4be580691cc55a59f3256595393203a1,.,com.alibaba.json.bvt.serializer.date.DateTest4_indian.test_date,OD,Accepted,https://github.com/alibaba/fastjson/pull/2148
https://github.com/alibaba/fastjson,e05e9c5e4be580691cc55a59f3256595393203a1,.,com.alibaba.json.bvt.serializer.date.DateTest5_iso8601.test_date,OD,Accepted,https://github.com/alibaba/fastjson/pull/2148
https://github.com/alibaba/fastjson,e05e9c5e4be580691cc55a59f3256595393203a1,.,com.alibaba.json.bvt.serializer.JSONFieldTest5.test_jsonField,OD,RepoArchived,
https://github.com/alibaba/fastjson,e05e9c5e4be580691cc55a59f3256595393203a1,.,com.alibaba.json.bvt.serializer.JSONSerializerTest2.test_0,OD,Accepted,https://github.com/alibaba/fastjson/pull/2133
https://github.com/alibaba/fastjson,e05e9c5e4be580691cc55a59f3256595393203a1,.,com.alibaba.json.bvt.serializer.MaxBufSizeTest.test_max_buf,OD,Opened,https://github.com/alibaba/fastjson/pull/2291
https://github.com/json-iterator/java,6925cf4c19d313504b416f58a349a36bf563e0e1,.,com.jsoniter.extra.TestPreciseFloat.test_direct_encode,OD,Unmaintained,
https://github.com/json-iterator/java,6925cf4c19d313504b416f58a349a36bf563e0e1,.,com.jsoniter.extra.TestPreciseFloat.test_indirect_encode,OD,Unmaintained,
https://github.com/json-iterator/java,6925cf4c19d313504b416f58a349a36bf563e0e1,.,com.jsoniter.IterImplForStreamingTest.testLoadMore,OD,Unmaintained,
https://github.com/json-iterator/java,6925cf4c19d313504b416f58a349a36bf563e0e1,.,com.jsoniter.output.TestObject.test_omit_selft_defined,OD,Unmaintained,
https://github.com/json-iterator/java,6925cf4c19d313504b416f58a349a36bf563e0e1,.,com.jsoniter.output.TestObject.test_transient_field_getter,OD,Unmaintained,
https://github.com/json-iterator/java,6925cf4c19d313504b416f58a349a36bf563e0e1,.,com.jsoniter.TestBoolean.test_streaming,OD,Unmaintained,
https://github.com/json-iterator/java,6925cf4c19d313504b416f58a349a36bf563e0e1,.,com.jsoniter.TestFloat.test_streaming,OD,Unmaintained,
https://github.com/json-iterator/java,6925cf4c19d313504b416f58a349a36bf563e0e1,.,com.jsoniter.TestInteger.test_streaming,OD,Unmaintained,
https://github.com/json-iterator/java,6925cf4c19d313504b416f58a349a36bf563e0e1,.,com.jsoniter.TestIO.test_read_byte,OD,Unmaintained,
https://github.com/json-iterator/java,6925cf4c19d313504b416f58a349a36bf563e0e1,.,com.jsoniter.TestIO.test_read_bytes,OD,Unmaintained,
https://github.com/json-iterator/java,6925cf4c19d313504b416f58a349a36bf563e0e1,.,com.jsoniter.TestIO.test_unread_byte,OD,Unmaintained,
https://github.com/json-iterator/java,6925cf4c19d313504b416f58a349a36bf563e0e1,.,com.jsoniter.TestMap.test_MapKeyCodec,OD,Unmaintained,
https://github.com/json-iterator/java,6925cf4c19d313504b416f58a349a36bf563e0e1,.,com.jsoniter.TestObject.test_inheritance,OD,Unmaintained,
https://github.com/json-iterator/java,6925cf4c19d313504b416f58a349a36bf563e0e1,.,com.jsoniter.TestReadAny.test_read_any_in_streaming,OD,Unmaintained,
https://github.com/json-iterator/java,6925cf4c19d313504b416f58a349a36bf563e0e1,.,com.jsoniter.TestSkip.test_skip_string_streaming,OD,Unmaintained,
https://github.com/json-iterator/java,6925cf4c19d313504b416f58a349a36bf563e0e1,.,com.jsoniter.TestString.test_long_string_in_streaming,OD,Unmaintained,
https://github.com/json-iterator/java,6925cf4c19d313504b416f58a349a36bf563e0e1,.,com.jsoniter.TestString.test_normal_escape,OD,Unmaintained,
https://github.com/json-iterator/java,6925cf4c19d313504b416f58a349a36bf563e0e1,.,com.jsoniter.TestString.test_string_across_buffer,OD,Unmaintained,
https://github.com/json-iterator/java,6925cf4c19d313504b416f58a349a36bf563e0e1,.,com.jsoniter.TestString.test_unicode_escape,OD,Unmaintained,
https://github.com/json-iterator/java,6925cf4c19d313504b416f58a349a36bf563e0e1,.,com.jsoniter.TestString.test_utf8,OD,Unmaintained,
