case_id,project,depth,scoring,candidates,relevant,obo,first_rank,saving_pct,best_score,relevant_with_signal,reproduced
JI-01,jsoniter,1,-,210,0,,,,,,NO
JI-02,jsoniter,1,-,210,0,,,,,,NO
JI-03,jsoniter,1,-,210,0,,,,,,NO
JI-04,jsoniter,1,-,134,0,,,,,,NO
FJ-01,fastjson,1,W_R,72,42,5,5,0.0,0,0,YES
FJ-01,fastjson,1,LEX,72,42,5,4,20.0,5,22,YES
FJ-02,fastjson,1,W_R,722,24,39,1,97.4,1,1,YES
FJ-02,fastjson,1,LEX,722,24,39,1,97.4,12,24,YES
FJ-03,fastjson,1,W_R,524,6,368,368,0.0,0,0,YES
FJ-03,fastjson,1,LEX,524,6,368,116,68.5,3,6,YES
FJ-04,fastjson,1,W_R,524,2,220,222,-0.9,2,0,YES
FJ-04,fastjson,1,LEX,524,2,220,7,96.8,5,2,YES
OR-01,ormlite,1,-,64,0,,,,,,NO
OR-02,ormlite,1,-,35,0,,,,,,NO
OR-03,ormlite,1,-,43,0,,,,,,NO
OR-04,ormlite,1,-,356,0,,,,,,NO
JI-01,jsoniter,2,-,210,0,,,,,,NO
JI-02,jsoniter,2,-,210,0,,,,,,NO
JI-03,jsoniter,2,-,210,0,,,,,,NO
JI-04,jsoniter,2,-,134,0,,,,,,NO
FJ-01,fastjson,2,W_R,72,42,5,1,80.0,2,42,YES
FJ-01,fastjson,2,LEX,72,42,5,1,80.0,10,42,YES
FJ-02,fastjson,2,W_R,722,24,39,1,97.4,5,24,YES
FJ-02,fastjson,2,LEX,722,24,39,1,97.4,36,24,YES
FJ-03,fastjson,2,W_R,524,6,368,368,0.0,0,0,YES
FJ-03,fastjson,2,LEX,524,6,368,308,16.3,3,6,YES
FJ-04,fastjson,2,W_R,524,2,220,222,-0.9,2,0,YES
FJ-04,fastjson,2,LEX,524,2,220,27,87.7,13,2,YES
OR-01,ormlite,2,-,64,0,,,,,,NO
OR-02,ormlite,2,-,35,0,,,,,,NO
OR-03,ormlite,2,-,43,0,,,,,,NO
OR-04,ormlite,2,-,356,0,,,,,,NO
JI-01,jsoniter,3,-,210,0,,,,,,NO
JI-02,jsoniter,3,-,210,0,,,,,,NO
JI-03,jsoniter,3,-,210,0,,,,,,NO
JI-04,jsoniter,3,-,134,0,,,,,,NO
FJ-01,fastjson,3,W_R,72,42,5,1,80.0,2,42,YES
FJ-01,fastjson,3,LEX,72,42,5,1,80.0,16,42,YES
FJ-02,fastjson,3,W_R,722,24,39,1,97.4,7,24,YES
FJ-02,fastjson,3,LEX,722,24,39,1,97.4,55,24,YES
FJ-03,fastjson,3,W_R,524,6,368,368,0.0,0,0,YES
FJ-03,fastjson,3,LEX,524,6,368,308,16.3,3,6,YES
FJ-04,fastjson,3,W_R,524,2,220,222,-0.9,2,0,YES
FJ-04,fastjson,3,LEX,524,2,220,129,41.4,13,2,YES
OR-01,ormlite,3,-,64,0,,,,,,NO
OR-02,ormlite,3,-,35,0,,,,,,NO
OR-03,ormlite,3,-,43,0,,,,,,NO
OR-04,ormlite,3,-,356,0,,,,,,NO
JI-01,jsoniter,4,-,210,0,,,,,,NO
JI-02,jsoniter,4,-,210,0,,,,,,NO
JI-03,jsoniter,4,-,210,0,,,,,,NO
JI-04,jsoniter,4,-,134,0,,,,,,NO
FJ-01,fastjson,4,W_R,72,42,5,1,80.0,2,42,YES
FJ-01,fastjson,4,LEX,72,42,5,1,80.0,16,42,YES
FJ-02,fastjson,4,W_R,722,24,39,1,97.4,7,24,YES
FJ-02,fastjson,4,LEX,722,24,39,1,97.4,60,24,YES
FJ-03,fastjson,4,W_R,524,6,368,368,0.0,0,0,YES
FJ-03,fastjson,4,LEX,524,6,368,308,16.3,3,6,YES
FJ-04,fastjson,4,W_R,524,2,220,222,-0.9,2,0,YES
FJ-04,fastjson,4,LEX,524,2,220,129,41.4,13,2,YES
OR-01,ormlite,4,-,64,0,,,,,,NO
OR-02,ormlite,4,-,35,0,,,,,,NO
OR-03,ormlite,4,-,43,0,,,,,,NO
OR-04,ormlite,4,-,356,0,,,,,,NO
