case_id,accepted_pair,direction,matches,reps,rate,wilson_lo,wilson_hi,reproduced,target_signature
JI-01,,VICTIM,0,0,,,,NO,
JI-02,,VICTIM,0,0,,,,NO,
JI-03,,VICTIM,0,0,,,,NO,
JI-04,com.jsoniter.extra.TestNamingStrategy#test -> com.jsoniter.output.TestObject#test_transient_field_getter,VICTIM,10,10,1.0,0.722,1.0,YES,"junit.framework.ComparisonFailure || expected:<{[]}> but was:<{[""hello"":<N>]}> || com.jsoniter.output.TestObject.test_tr"
FJ-01,com.alibaba.json.bvt.date.DateFieldFormatTest#test_format_ -> com.alibaba.json.bvt.date.DateTest#test_date,BRITTLE,10,10,1.0,0.722,1.0,YES,"org.junit.ComparisonFailure || expected:<""<N>-<N>-<N>[<N> <N>]:<N>:<N>""> but was:<""<N>-<N>-<N>[<N> <N>]:<N>:<N>""> || com"
FJ-02,com.alibaba.json.bvt.parser.DateParserTest#test_date_0 -> com.alibaba.json.bvt.parser.DefaultExtJSONParser_parseArray#test_7,BRITTLE,10,10,1.0,0.722,1.0,YES,java.lang.AssertionError || expected:<Sun Jan <N> <N>:<N>:<N> UTC <N>> but was:<Sun Jan <N> <N>:<N>:<N> UTC <N>> || com.
FJ-03,com.alibaba.json.bvt.serializer.SerializeWriterTest_14#test_writer_1 -> com.alibaba.json.bvt.serializer.MaxBufSizeTest#test_max_buf,VICTIM,10,10,1.0,0.722,1.0,YES,junit.framework.AssertionFailedError || null || com.alibaba.json.bvt.serializer.MaxBufSizeTest.test_max_buf
FJ-04,com.alibaba.json.bvt.serializer.JSONSerializerTest2#test_1 -> com.alibaba.json.bvt.serializer.JSONSerializerTest2#test_0,VICTIM,10,10,1.0,0.722,1.0,YES,java.lang.AssertionError || null || com.alibaba.json.bvt.serializer.JSONSerializerTest2.test_0
OR-01,com.j256.ormlite.logger.LoggerFactoryTest#testSetLogFactory -> com.j256.ormlite.table.SchemaUtilsTest#testCreateIfNotExists,VICTIM,10,10,1.0,0.722,1.0,YES,java.lang.AssertionError ||  || com.j256.ormlite.logger.Logger.logIfEnabled
OR-02,com.j256.ormlite.logger.LoggerFactoryTest#testSetLogFactory -> com.j256.ormlite.misc.TransactionManagerTest#testConnectionLeakCreateList,VICTIM,10,10,1.0,0.722,1.0,YES,java.lang.AssertionError ||  || com.j256.ormlite.logger.Logger.logIfEnabled
OR-03,com.j256.ormlite.logger.LoggerFactoryTest#testSetLogFactory -> com.j256.ormlite.support.BaseConnectionSourceTest#testClearDifferentConnection,VICTIM,10,10,1.0,0.722,1.0,YES,java.lang.AssertionError ||  || com.j256.ormlite.logger.Logger.logIfEnabled
OR-04,com.j256.ormlite.logger.LoggerFactoryTest#testSetLogFactory -> com.j256.ormlite.dao.RuntimeExceptionDaoTest#testAssignEmptyForeignCollectionThrow,VICTIM,10,10,1.0,0.722,1.0,YES,"java.lang.Exception || Unexpected exception, expected<java.lang.RuntimeException> but was<java.lang.AssertionError> || "
HO-01,,VICTIM,0,0,,,,NO,
HO-02,com.alibaba.json.bvt.date.DateFieldFormatTest#test_format_ -> com.alibaba.json.bvt.date.DateTest_tz#test_codec,BRITTLE,10,10,1.0,0.722,1.0,YES,java.lang.AssertionError || expected:<<N>> but was:<<N>> || com.alibaba.json.bvt.date.DateTest_tz.test_codec
HO-03,com.alibaba.json.bvt.issue_1200.Issue1202#test_for_issue -> com.alibaba.json.bvt.issue_1200.Issue1298#test_for_issue,BRITTLE,10,10,1.0,0.722,1.0,YES,"junit.framework.ComparisonFailure || expected:<""<N>-<N>-<N>T[<N>:<N>:<N>+<N>:<N>]""> but was:<""<N>-<N>-<N>T[<N>:<N>:<N>Z]"
HO-04,com.alibaba.json.bvt.issue_1200.Issue1202#test_for_issue -> com.alibaba.json.bvt.issue_1200.Issue1298#test_for_issue_1,BRITTLE,10,10,1.0,0.722,1.0,YES,"junit.framework.ComparisonFailure || expected:<""<TS> but was:<""<TS> || com.alibaba.json.bvt.issue_1200.Issue1298.test_fo"
HO-05,com.alibaba.json.bvt.issue_1600.Issue1660#test_for_issue -> com.alibaba.json.bvt.issue_1600.Issue1679#test_for_issue,BRITTLE,10,10,1.0,0.722,1.0,YES,"junit.framework.ComparisonFailure || expected:<""<TS> but was:<""<TS> || com.alibaba.json.bvt.issue_1600.Issue1679.test_fo"
HO-06,com.alibaba.json.bvt.SqlDateTest1#test_date -> com.alibaba.json.bvt.issue_1700.Issue1769#test_for_issue,BRITTLE,10,10,1.0,0.722,1.0,YES,"junit.framework.ComparisonFailure || expected:<...eginTime"":""<N>[<N>]<N>""}> but was:<...eginTime"":""<N>[<N>]<N>""}> || com"
HO-07,com.alibaba.json.bvt.issue_1900.Issue1955#test_for_issue -> com.alibaba.json.bvt.issue_1900.Issue1977#test_for_issue,BRITTLE,10,10,1.0,0.722,1.0,YES,"junit.framework.ComparisonFailure || expected:<""<N>-<N>-<N>T[<N>:<N>:<N>.<N>+<N>:<N>]""> but was:<""<N>-<N>-<N>T[<N>:<N>:<"
HO-08,com.alibaba.json.bvt.parser.DateParserTest#test_date_0 -> com.alibaba.json.bvt.parser.DefaultExtJSONParser_parseArray#test_8,BRITTLE,10,10,1.0,0.722,1.0,YES,java.lang.AssertionError || expected:<Sun Jan <N> <N>:<N>:<N> UTC <N>> but was:<Sun Jan <N> <N>:<N>:<N> UTC <N>> || com.
HO-09,,VICTIM,0,0,,,,NO,
HO-10,com.alibaba.json.bvt.serializer.date.DateTest#test_0 -> com.alibaba.json.bvt.serializer.date.DateTest4_indian#test_date,BRITTLE,10,10,1.0,0.722,1.0,YES,junit.framework.AssertionFailedError || expected:<<N>> but was:<<N>> || com.alibaba.json.bvt.serializer.date.DateTest4_i
HO-11,com.alibaba.json.bvt.serializer.date.DateTest#test_0 -> com.alibaba.json.bvt.serializer.date.DateTest5_iso8601#test_date,BRITTLE,10,10,1.0,0.722,1.0,YES,junit.framework.AssertionFailedError || expected:<<N>> but was:<<N>> || com.alibaba.json.bvt.serializer.date.DateTest5_i
