candidate,victim_status,exc,msg_norm,top_frame,signature,ms,cand_status,od_relevant
com.alibaba.json.bvt.serializer.AbstractTest#test_0,PASS,,,,,26,PASS,NO
com.alibaba.json.bvt.serializer.AbstractTest#test_1,PASS,,,,,27,PASS,NO
com.alibaba.json.bvt.serializer.BooleanArraySerializerTest#test_0,PASS,,,,,7,PASS,NO
com.alibaba.json.bvt.serializer.BooleanFieldSerializerTest#test_0,PASS,,,,,10,PASS,NO
com.alibaba.json.bvt.serializer.BooleanFieldSerializerTest#test_codec,PASS,,,,,14,PASS,NO
com.alibaba.json.bvt.serializer.BooleanFieldSerializerTest#test_codec_0,PASS,,,,,21,PASS,NO
com.alibaba.json.bvt.serializer.BooleanFieldSerializerTest#test_codec_1,PASS,,,,,28,PASS,NO
com.alibaba.json.bvt.serializer.BooleanFieldSerializerTest#test_codec_no_asm,PASS,,,,,9,PASS,NO
com.alibaba.json.bvt.serializer.BooleanFieldSerializerTest_primitive#test_0,PASS,,,,,6,PASS,NO
com.alibaba.json.bvt.serializer.BooleanFieldSerializerTest_primitive#test_codec,PASS,,,,,26,PASS,NO
com.alibaba.json.bvt.serializer.BooleanFieldSerializerTest_primitive#test_codec_0,PASS,,,,,24,PASS,NO
com.alibaba.json.bvt.serializer.BooleanFieldSerializerTest_primitive#test_codec_1,PASS,,,,,20,PASS,NO
com.alibaba.json.bvt.serializer.BooleanFieldSerializerTest_primitive#test_codec_2,PASS,,,,,29,PASS,NO
com.alibaba.json.bvt.serializer.BooleanFieldSerializerTest_primitive#test_codec_3,PASS,,,,,23,PASS,NO
com.alibaba.json.bvt.serializer.BooleanFieldSerializerTest_primitive#test_codec_no_asm,PASS,,,,,7,PASS,NO
com.alibaba.json.bvt.serializer.BooleanFieldTest#test_model,PASS,,,,,5,PASS,NO
com.alibaba.json.bvt.serializer.BooleanFieldTest#test_model_max,PASS,,,,,8,PASS,NO
com.alibaba.json.bvt.serializer.BooleanFieldTest2#test_0,PASS,,,,,15,PASS,NO
com.alibaba.json.bvt.serializer.BooleanFieldTest2#test_0_reader,PASS,,,,,31,PASS,NO
com.alibaba.json.bvt.serializer.BooleanFieldTest2#test_1,PASS,,,,,15,PASS,NO
com.alibaba.json.bvt.serializer.BooleanFieldTest2#test_1_reader,PASS,,,,,24,PASS,NO
com.alibaba.json.bvt.serializer.BooleanFieldTest2#test_false,PASS,,,,,25,PASS,NO
com.alibaba.json.bvt.serializer.BooleanFieldTest2#test_false_reader,PASS,,,,,15,PASS,NO
com.alibaba.json.bvt.serializer.BooleanFieldTest2#test_true,PASS,,,,,30,PASS,NO
com.alibaba.json.bvt.serializer.BooleanFieldTest2#test_true_reader,PASS,,,,,18,PASS,NO
com.alibaba.json.bvt.serializer.BooleanFieldTest3#test_model,PASS,,,,,8,PASS,NO
com.alibaba.json.bvt.serializer.BooleanFieldTest_array#test_model_error_f,PASS,,,,,17,PASS,NO
com.alibaba.json.bvt.serializer.BooleanFieldTest_array#test_model_error_fa,PASS,,,,,26,PASS,NO
com.alibaba.json.bvt.serializer.BooleanFieldTest_array#test_model_error_fal,PASS,,,,,13,PASS,NO
com.alibaba.json.bvt.serializer.BooleanFieldTest_array#test_model_error_fals,PASS,,,,,31,PASS,NO
com.alibaba.json.bvt.serializer.BooleanFieldTest_array#test_model_error_false_notclose,PASS,,,,,14,PASS,NO
com.alibaba.json.bvt.serializer.BooleanFieldTest_array#test_model_error_t,PASS,,,,,31,PASS,NO
com.alibaba.json.bvt.serializer.BooleanFieldTest_array#test_model_error_tr,PASS,,,,,20,PASS,NO
com.alibaba.json.bvt.serializer.BooleanFieldTest_array#test_model_error_tru,PASS,,,,,31,PASS,NO
com.alibaba.json.bvt.serializer.BooleanFieldTest_array#test_model_error_true_notclose,PASS,,,,,22,PASS,NO
com.alibaba.json.bvt.serializer.BugTest0#test_0,PASS,,,,,8,PASS,NO
com.alibaba.json.bvt.serializer.BugTest0#test_1,PASS,,,,,10,PASS,NO
com.alibaba.json.bvt.serializer.BugTest0#test_2,PASS,,,,,9,PASS,NO
com.alibaba.json.bvt.serializer.BugTest0#test_3,PASS,,,,,18,PASS,NO
com.alibaba.json.bvt.serializer.BugTest0#test_4,PASS,,,,,7,PASS,NO
com.alibaba.json.bvt.serializer.BugTest0#test_error_0,PASS,,,,,16,PASS,NO
com.alibaba.json.bvt.serializer.BugTest0#test_error_1,PASS,,,,,18,PASS,NO
com.alibaba.json.bvt.serializer.BugTest0#test_error_3,PASS,,,,,22,PASS,NO
com.alibaba.json.bvt.serializer.BugTest0#test_error_4,PASS,,,,,25,PASS,NO
com.alibaba.json.bvt.serializer.BugTest1#test_0,PASS,,,,,146,PASS,NO
com.alibaba.json.bvt.serializer.BugTest1#test_1,PASS,,,,,174,PASS,NO
com.alibaba.json.bvt.serializer.BugTest1#test_2,PASS,,,,,173,PASS,NO
com.alibaba.json.bvt.serializer.BugTest1#test_3,PASS,,,,,148,PASS,NO
com.alibaba.json.bvt.serializer.BugTest1#test_4,PASS,,,,,134,PASS,NO
com.alibaba.json.bvt.serializer.BugTest1#test_5,PASS,,,,,144,PASS,NO
com.alibaba.json.bvt.serializer.BugTest1#test_7,PASS,,,,,168,PASS,NO
com.alibaba.json.bvt.serializer.BugTest2#test_0,PASS,,,,,120,PASS,NO
com.alibaba.json.bvt.serializer.Bug_for_yegaofei#test_0,PASS,,,,,5,PASS,NO
com.alibaba.json.bvt.serializer.ByteArrayFieldSerializerTest#test_0,PASS,,,,,5,PASS,NO
com.alibaba.json.bvt.serializer.ByteArrayFieldSerializerTest#test_1,PASS,,,,,10,PASS,NO
com.alibaba.json.bvt.serializer.ByteArraySerializerTest#test_0,PASS,,,,,161,PASS,NO
com.alibaba.json.bvt.serializer.ByteArraySerializerTest#test_1,PASS,,,,,220,PASS,NO
com.alibaba.json.bvt.serializer.ByteArraySerializerTest#test_2,PASS,,,,,205,PASS,NO
com.alibaba.json.bvt.serializer.ByteArraySerializerTest#test_b_0,PASS,,,,,222,PASS,NO
com.alibaba.json.bvt.serializer.ByteArrayTest#test_bytes,PASS,,,,,6,PASS,NO
com.alibaba.json.bvt.serializer.ByteArrayTest#test_bytes_1,PASS,,,,,4,PASS,NO
com.alibaba.json.bvt.serializer.CharArraySerializerTest#test_null,PASS,,,,,6,PASS,NO
com.alibaba.json.bvt.serializer.CharTest#test_file,PASS,,,,,18,PASS,NO
com.alibaba.json.bvt.serializer.CharsetSerializerTest#test_0,PASS,,,,,6,PASS,NO
com.alibaba.json.bvt.serializer.CharsetTest#test_file,PASS,,,,,5,PASS,NO
com.alibaba.json.bvt.serializer.CircularReferencesTest#test_0,PASS,,,,,4,PASS,NO
com.alibaba.json.bvt.serializer.CircularReferencesTest#test_1,PASS,,,,,7,PASS,NO
com.alibaba.json.bvt.serializer.CircularReferencesTest#test_2,PASS,,,,,7,PASS,NO
com.alibaba.json.bvt.serializer.ClassFieldTest#test_writer_1,PASS,,,,,24,PASS,NO
com.alibaba.json.bvt.serializer.ClassLoaderTest#test_error,PASS,,,,,7,PASS,NO
com.alibaba.json.bvt.serializer.ClobSeriliazerTest#test_clob,PASS,,,,,57,PASS,NO
com.alibaba.json.bvt.serializer.ClobSeriliazerTest#test_clob_error,PASS,,,,,32,PASS,NO
com.alibaba.json.bvt.serializer.ClobSeriliazerTest#test_clob_null,PASS,,,,,5,PASS,NO
com.alibaba.json.bvt.serializer.CollectionSerializerTest#test_0,PASS,,,,,146,PASS,NO
com.alibaba.json.bvt.serializer.CollectionSerializerTest#test_1,PASS,,,,,151,PASS,NO
com.alibaba.json.bvt.serializer.CollectionSerializerTest#test_2_s,PASS,,,,,123,PASS,NO
com.alibaba.json.bvt.serializer.CollectionSerializerTest#test_3_s,PASS,,,,,109,PASS,NO
com.alibaba.json.bvt.serializer.CollectionSerializerTest#test_4_s,PASS,,,,,35,PASS,NO
com.alibaba.json.bvt.serializer.CollectionSerializerTest#test_5_s,PASS,,,,,34,PASS,NO
com.alibaba.json.bvt.serializer.ColorSerializerTest#test_null,PASS,,,,,5,PASS,NO
com.alibaba.json.bvt.serializer.ColorSerializerTest#test_rgb,PASS,,,,,4,PASS,NO
com.alibaba.json.bvt.serializer.ColorSerializerTest#test_rgb_getAutowiredFor,PASS,,,,,185,PASS,NO
com.alibaba.json.bvt.serializer.ConcurrentHashMapTest#test_concurrentHashmap,PASS,,,,,7,PASS,NO
com.alibaba.json.bvt.serializer.ConcurrentHashMapTest2#test_concurrentHashmap,PASS,,,,,5,PASS,NO
com.alibaba.json.bvt.serializer.ConcurrentHashMapTest3#test_concurrentHashmap,PASS,,,,,4,PASS,NO
com.alibaba.json.bvt.serializer.ConcurrentHashMapTest4#test_concurrentHashmap,PASS,,,,,5,PASS,NO
com.alibaba.json.bvt.serializer.ConcurrentHashMapTest5#test_concurrentHashmap,PASS,,,,,9,PASS,NO
com.alibaba.json.bvt.serializer.ConcurrentHashMapTest6#test_concurrentHashmap,PASS,,,,,5,PASS,NO
com.alibaba.json.bvt.serializer.ConcurrentHashMapTest7#test_concurrentHashmap,PASS,,,,,4,PASS,NO
com.alibaba.json.bvt.serializer.DateFormatSerializerTest#test_date,PASS,,,,,4,PASS,NO
com.alibaba.json.bvt.serializer.DateFormatSerializerTest#test_date_2,PASS,,,,,12,PASS,NO
com.alibaba.json.bvt.serializer.DateFormatSerializerTest#test_date_3,PASS,,,,,5,PASS,NO
com.alibaba.json.bvt.serializer.DateFormatSerializerTest#test_date_4,PASS,,,,,9,PASS,NO
com.alibaba.json.bvt.serializer.DoubleArraySerializerTest#test_0,PASS,,,,,125,PASS,NO
com.alibaba.json.bvt.serializer.DoubleFormatTest#test_format,PASS,,,,,6,PASS,NO
com.alibaba.json.bvt.serializer.DoubleFormatTest2#test_format,PASS,,,,,8,PASS,NO
com.alibaba.json.bvt.serializer.DoubleTest#test_double,PASS,,,,,6,PASS,NO
com.alibaba.json.bvt.serializer.DoubleTest_custom#test_0,PASS,,,,,133,PASS,NO
com.alibaba.json.bvt.serializer.DoubleTest_custom#test_1,PASS,,,,,157,PASS,NO
com.alibaba.json.bvt.serializer.DoubleTest_custom2#test_0,PASS,,,,,51,PASS,NO
com.alibaba.json.bvt.serializer.DupSetterTest#testEnum,PASS,,,,,8,PASS,NO
com.alibaba.json.bvt.serializer.DupSetterTest2#testEnum,PASS,,,,,6,PASS,NO
com.alibaba.json.bvt.serializer.DupSetterTest3#testEnum,PASS,,,,,10,PASS,NO
com.alibaba.json.bvt.serializer.DupSetterTest4#testDup,PASS,,,,,11,PASS,NO
com.alibaba.json.bvt.serializer.DupSetterTest5#testDup,PASS,,,,,7,PASS,NO
com.alibaba.json.bvt.serializer.DupSetterTest6#testDupSetter,PASS,,,,,6,PASS,NO
com.alibaba.json.bvt.serializer.EnumerationSeriliazerTest#test_1,PASS,,,,,6,PASS,NO
com.alibaba.json.bvt.serializer.EnumerationSeriliazerTest#test_2,PASS,,,,,12,PASS,NO
com.alibaba.json.bvt.serializer.EnumerationSeriliazerTest#test_3,PASS,,,,,5,PASS,NO
com.alibaba.json.bvt.serializer.EnumerationSeriliazerTest#test_4,PASS,,,,,6,PASS,NO
com.alibaba.json.bvt.serializer.EnumerationSeriliazerTest#test_null,PASS,,,,,15,PASS,NO
com.alibaba.json.bvt.serializer.EnumerationSeriliazerTest#test_nullAsEmtpyList,PASS,,,,,12,PASS,NO
com.alibaba.json.bvt.serializer.ErrorGetterTest#test_0,PASS,,,,,11,PASS,NO
com.alibaba.json.bvt.serializer.ErrorTest#test_error,PASS,,,,,6,PASS,NO
com.alibaba.json.bvt.serializer.ExtendsTest#test_extends,PASS,,,,,7,PASS,NO
com.alibaba.json.bvt.serializer.FieldOrderTest#test_field_order,PASS,,,,,9,PASS,NO
com.alibaba.json.bvt.serializer.FileTest#test_file,PASS,,,,,15,PASS,NO
com.alibaba.json.bvt.serializer.FloatArraySerializerTest#test_0,PASS,,,,,21,PASS,NO
com.alibaba.json.bvt.serializer.FloatFormatTest#test_format,PASS,,,,,17,PASS,NO
com.alibaba.json.bvt.serializer.FloatFormatTest2#test_format,PASS,,,,,11,PASS,NO
com.alibaba.json.bvt.serializer.FloatTest#test_0,PASS,,,,,12,PASS,NO
com.alibaba.json.bvt.serializer.FontSerializerTest#test_null,PASS,,,,,24,PASS,NO
com.alibaba.json.bvt.serializer.GenericTypeNotMatchTest#test_for_notMatch,PASS,,,,,22,PASS,NO
com.alibaba.json.bvt.serializer.GenericTypeNotMatchTest2#test_for_notMatch,PASS,,,,,20,PASS,NO
com.alibaba.json.bvt.serializer.GenericTypeTest#test_gerneric,PASS,,,,,15,PASS,NO
com.alibaba.json.bvt.serializer.GenericTypeTest2#test_gerneric,PASS,,,,,12,PASS,NO
com.alibaba.json.bvt.serializer.IgnoreGetMethodTest#test,PASS,,,,,18,PASS,NO
com.alibaba.json.bvt.serializer.IgnoreNonFieldGetterTest#test_int,PASS,,,,,13,PASS,NO
com.alibaba.json.bvt.serializer.IgnoreNonFieldGetterTest2#test_int,PASS,,,,,15,PASS,NO
com.alibaba.json.bvt.serializer.InetAddressTest#test_empty,PASS,,,,,31,PASS,NO
com.alibaba.json.bvt.serializer.InetAddressTest#test_inetAddress,PASS,,,,,15,PASS,NO
com.alibaba.json.bvt.serializer.InetAddressTest#test_null,PASS,,,,,41,PASS,NO
com.alibaba.json.bvt.serializer.InetSocketAddressTest#test_timezone,PASS,,,,,14,PASS,NO
com.alibaba.json.bvt.serializer.IntArrayEncodeTest#test_0_s,PASS,,,,,198,PASS,NO
com.alibaba.json.bvt.serializer.IntArrayEncodeTest#test_1_s,PASS,,,,,177,PASS,NO
com.alibaba.json.bvt.serializer.IntArrayEncodeTest#test_2_s,PASS,,,,,260,PASS,NO
com.alibaba.json.bvt.serializer.IntArrayEncodeTest#test_3_s,PASS,,,,,207,PASS,NO
com.alibaba.json.bvt.serializer.IntFieldTest#test_model,PASS,,,,,12,PASS,NO
com.alibaba.json.bvt.serializer.IntFieldTest#test_model_max,PASS,,,,,15,PASS,NO
com.alibaba.json.bvt.serializer.IntFieldTest2#test_model,PASS,,,,,11,PASS,NO
com.alibaba.json.bvt.serializer.IntFieldTest2#test_model_map,PASS,,,,,45,PASS,NO
com.alibaba.json.bvt.serializer.IntFieldTest2#test_model_map_error,PASS,,,,,24,PASS,NO
com.alibaba.json.bvt.serializer.IntFieldTest2#test_model_map_error_2,PASS,,,,,53,PASS,NO
com.alibaba.json.bvt.serializer.IntFieldTest2#test_model_max,PASS,,,,,12,PASS,NO
com.alibaba.json.bvt.serializer.IntegerArrayEncodeTest#test_0_s,PASS,,,,,76,PASS,NO
com.alibaba.json.bvt.serializer.IntegerArrayEncodeTest#test_1_s,PASS,,,,,54,PASS,NO
com.alibaba.json.bvt.serializer.IntegerArrayEncodeTest#test_2_s,PASS,,,,,75,PASS,NO
com.alibaba.json.bvt.serializer.IntegerArrayEncodeTest#test_3_s,PASS,,,,,45,PASS,NO
com.alibaba.json.bvt.serializer.IntegerArrayEncodeTest#test_4_s,PASS,,,,,35,PASS,NO
com.alibaba.json.bvt.serializer.IntegerArrayFieldSerializerTest#test_0,PASS,,,,,8,PASS,NO
com.alibaba.json.bvt.serializer.IntegerArrayFieldSerializerTest#test_1,PASS,,,,,5,PASS,NO
com.alibaba.json.bvt.serializer.IntegerSerializerTest#test_null,PASS,,,,,6,PASS,NO
com.alibaba.json.bvt.serializer.InterfaceTest#test_interface,PASS,,,,,6,PASS,NO
com.alibaba.json.bvt.serializer.JSONFieldTest#test_jsonField,PASS,,,,,7,PASS,NO
com.alibaba.json.bvt.serializer.JSONFieldTest2#test_jsonField,PASS,,,,,6,PASS,NO
com.alibaba.json.bvt.serializer.JSONFieldTest3#test_jsonField,PASS,,,,,4,PASS,NO
com.alibaba.json.bvt.serializer.JSONFieldTest4#test_jsonField,PASS,,,,,6,PASS,NO
com.alibaba.json.bvt.serializer.JSONFieldTest5#test_jsonField,PASS,,,,,4,PASS,NO
com.alibaba.json.bvt.serializer.JSONFieldTest_unwrapped_0#test_jsonField,PASS,,,,,4,PASS,NO
com.alibaba.json.bvt.serializer.JSONFieldTest_unwrapped_1#test_jsonField,PASS,,,,,6,PASS,NO
com.alibaba.json.bvt.serializer.JSONFieldTest_unwrapped_2#test_jsonField,PASS,,,,,24,PASS,NO
com.alibaba.json.bvt.serializer.JSONFieldTest_unwrapped_3#test_empty,PASS,,,,,10,PASS,NO
com.alibaba.json.bvt.serializer.JSONFieldTest_unwrapped_3#test_jsonField,PASS,,,,,5,PASS,NO
com.alibaba.json.bvt.serializer.JSONFieldTest_unwrapped_3#test_null,PASS,,,,,6,PASS,NO
com.alibaba.json.bvt.serializer.JSONFieldTest_unwrapped_4#test_empty,PASS,,,,,4,PASS,NO
com.alibaba.json.bvt.serializer.JSONFieldTest_unwrapped_4#test_jsonField,PASS,,,,,6,PASS,NO
com.alibaba.json.bvt.serializer.JSONFieldTest_unwrapped_4#test_null,PASS,,,,,5,PASS,NO
com.alibaba.json.bvt.serializer.JSONFieldTest_unwrapped_5#test_empty,PASS,,,,,6,PASS,NO
com.alibaba.json.bvt.serializer.JSONFieldTest_unwrapped_5#test_jsonField,PASS,,,,,9,PASS,NO
com.alibaba.json.bvt.serializer.JSONFieldTest_unwrapped_5#test_null,PASS,,,,,6,PASS,NO
com.alibaba.json.bvt.serializer.JSONObjectOrderTest#test_for_order,PASS,,,,,64,PASS,NO
com.alibaba.json.bvt.serializer.JSONSerializerDeprecatedTest#test_,PASS,,,,,122,PASS,NO
com.alibaba.json.bvt.serializer.JSONSerializerFeatureTest#test_0,PASS,,,,,158,PASS,NO
com.alibaba.json.bvt.serializer.JSONSerializerFeatureTest#test_0_g,PASS,,,,,132,PASS,NO
com.alibaba.json.bvt.serializer.JSONSerializerFeatureTest#test_1,PASS,,,,,159,PASS,NO
com.alibaba.json.bvt.serializer.JSONSerializerFeatureTest#test_1_s,PASS,,,,,124,PASS,NO
com.alibaba.json.bvt.serializer.JSONSerializerFeatureTest#test_2,PASS,,,,,61,PASS,NO
com.alibaba.json.bvt.serializer.JSONSerializerFeatureTest#test_2_s,PASS,,,,,64,PASS,NO
com.alibaba.json.bvt.serializer.JSONSerializerFeatureTest#test_3,PASS,,,,,43,PASS,NO
com.alibaba.json.bvt.serializer.JSONSerializerFeatureTest#test_3_s,PASS,,,,,55,PASS,NO
com.alibaba.json.bvt.serializer.JSONSerializerFeatureTest#test_4,PASS,,,,,56,PASS,NO
com.alibaba.json.bvt.serializer.JSONSerializerFeatureTest#test_4_s,PASS,,,,,58,PASS,NO
com.alibaba.json.bvt.serializer.JSONSerializerFeatureTest#test_5,PASS,,,,,50,PASS,NO
com.alibaba.json.bvt.serializer.JSONSerializerFeatureTest#test_5_s,PASS,,,,,24,PASS,NO
com.alibaba.json.bvt.serializer.JSONSerializerFeatureTest#test_6,PASS,,,,,58,PASS,NO
com.alibaba.json.bvt.serializer.JSONSerializerFeatureTest#test_6_s,PASS,,,,,61,PASS,NO
com.alibaba.json.bvt.serializer.JSONSerializerFeatureTest#test_7,PASS,,,,,6,PASS,NO
com.alibaba.json.bvt.serializer.JSONSerializerFeatureTest#test_7_s,PASS,,,,,7,PASS,NO
com.alibaba.json.bvt.serializer.JSONSerializerFeatureTest#test_8,PASS,,,,,6,PASS,NO
com.alibaba.json.bvt.serializer.JSONSerializerFeatureTest#test_8_s,PASS,,,,,4,PASS,NO
com.alibaba.json.bvt.serializer.JSONSerializerFeatureTest#test_9,PASS,,,,,45,PASS,NO
com.alibaba.json.bvt.serializer.JSONSerializerFeatureTest#test_9_s,PASS,,,,,61,PASS,NO
com.alibaba.json.bvt.serializer.JSONSerializerMapTest#test_0,PASS,,,,,138,PASS,NO
com.alibaba.json.bvt.serializer.JSONSerializerTest#test_0,PASS,,,,,54,PASS,NO
com.alibaba.json.bvt.serializer.JSONSerializerTest#test_0_s,PASS,,,,,54,PASS,NO
com.alibaba.json.bvt.serializer.JSONSerializerTest#test_1,PASS,,,,,46,PASS,NO
com.alibaba.json.bvt.serializer.JSONSerializerTest#test_10,PASS,,,,,142,PASS,NO
com.alibaba.json.bvt.serializer.JSONSerializerTest#test_11,PASS,,,,,134,PASS,NO
com.alibaba.json.bvt.serializer.JSONSerializerTest#test_12,PASS,,,,,128,PASS,NO
com.alibaba.json.bvt.serializer.JSONSerializerTest#test_13,PASS,,,,,150,PASS,NO
com.alibaba.json.bvt.serializer.JSONSerializerTest#test_14,PASS,,,,,129,PASS,NO
com.alibaba.json.bvt.serializer.JSONSerializerTest#test_15,PASS,,,,,144,PASS,NO
com.alibaba.json.bvt.serializer.JSONSerializerTest#test_16,PASS,,,,,160,PASS,NO
com.alibaba.json.bvt.serializer.JSONSerializerTest#test_17,PASS,,,,,120,PASS,NO
com.alibaba.json.bvt.serializer.JSONSerializerTest#test_1_s,PASS,,,,,62,PASS,NO
com.alibaba.json.bvt.serializer.JSONSerializerTest#test_2,PASS,,,,,59,PASS,NO
com.alibaba.json.bvt.serializer.JSONSerializerTest#test_2_s,PASS,,,,,52,PASS,NO
com.alibaba.json.bvt.serializer.JSONSerializerTest#test_3,PASS,,,,,56,PASS,NO
com.alibaba.json.bvt.serializer.JSONSerializerTest#test_3_s,PASS,,,,,39,PASS,NO
com.alibaba.json.bvt.serializer.JSONSerializerTest#test_4,PASS,,,,,66,PASS,NO
com.alibaba.json.bvt.serializer.JSONSerializerTest#test_5,PASS,,,,,4,PASS,NO
com.alibaba.json.bvt.serializer.JSONSerializerTest#test_5_null,PASS,,,,,6,PASS,NO
com.alibaba.json.bvt.serializer.JSONSerializerTest#test_6,PASS,,,,,77,PASS,NO
com.alibaba.json.bvt.serializer.JSONSerializerTest#test_7,PASS,,,,,6,PASS,NO
com.alibaba.json.bvt.serializer.JSONSerializerTest#test_8,PASS,,,,,8,PASS,NO
com.alibaba.json.bvt.serializer.JSONSerializerTest#test_9,PASS,,,,,6,PASS,NO
com.alibaba.json.bvt.serializer.JSONSerializerTest#test_9_null,PASS,,,,,3,PASS,NO
com.alibaba.json.bvt.serializer.JSONSerializerTest#test_error,PASS,,,,,73,PASS,NO
com.alibaba.json.bvt.serializer.JSONSerializerTest1#test_0,PASS,,,,,116,PASS,NO
com.alibaba.json.bvt.serializer.JSONSerializerTest2#test_1,FAIL,java.lang.AssertionError,null,com.alibaba.json.bvt.serializer.JSONSerializerTest2.test_0,java.lang.AssertionError || null || com.alibaba.json.bvt.serializer.JSONSerializerTest2.test_0,4,PASS,YES
com.alibaba.json.bvt.serializer.JSONSerializerTest2#test_2,PASS,,,,,5,PASS,NO
com.alibaba.json.bvt.serializer.JSONSerializerTest2#test_3,FAIL,java.lang.AssertionError,null,com.alibaba.json.bvt.serializer.JSONSerializerTest2.test_0,java.lang.AssertionError || null || com.alibaba.json.bvt.serializer.JSONSerializerTest2.test_0,8,PASS,YES
com.alibaba.json.bvt.serializer.JSONSerializerTest2#test_error,PASS,,,,,160,PASS,NO
com.alibaba.json.bvt.serializer.JSONSerializerTest3#test_0,PASS,,,,,135,PASS,NO
com.alibaba.json.bvt.serializer.JSONTypeIncludesTest#test_includes,PASS,,,,,8,PASS,NO
com.alibaba.json.bvt.serializer.JavaBeanSerializerTest#test_0_s,PASS,,,,,4,PASS,NO
com.alibaba.json.bvt.serializer.JavaBeanSerializerTest#test_1_s,PASS,,,,,7,PASS,NO
com.alibaba.json.bvt.serializer.JavaBeanSerializerTest#test_2_s,PASS,,,,,6,PASS,NO
com.alibaba.json.bvt.serializer.JavaBeanSerializerTest#test_3_s,PASS,,,,,8,PASS,NO
com.alibaba.json.bvt.serializer.JavaBeanSerializerTest#test_error_1_s,PASS,,,,,12,PASS,NO
com.alibaba.json.bvt.serializer.JavaBeanSerializerTest#test_error_s,PASS,,,,,11,PASS,NO
com.alibaba.json.bvt.serializer.JavaBeanSerializerTest2#test_0,PASS,,,,,31,PASS,NO
com.alibaba.json.bvt.serializer.ListFieldTest#test_for_list,PASS,,,,,6,PASS,NO
com.alibaba.json.bvt.serializer.ListSerializerTest#test_0_s,PASS,,,,,153,PASS,NO
com.alibaba.json.bvt.serializer.ListSerializerTest#test_2_s,PASS,,,,,153,PASS,NO
com.alibaba.json.bvt.serializer.ListSerializerTest#test_3_s,PASS,,,,,172,PASS,NO
com.alibaba.json.bvt.serializer.ListSerializerTest#test_4_s,PASS,,,,,61,PASS,NO
com.alibaba.json.bvt.serializer.ListSerializerTest#test_5_s,PASS,,,,,54,PASS,NO
com.alibaba.json.bvt.serializer.ListSerializerTest#test_6_s,PASS,,,,,152,PASS,NO
com.alibaba.json.bvt.serializer.ListSerializerTest#test_7_s,PASS,,,,,20,PASS,NO
com.alibaba.json.bvt.serializer.ListSerializerTest#test_8_s,PASS,,,,,15,PASS,NO
com.alibaba.json.bvt.serializer.ListSerializerTest2#test_0,PASS,,,,,158,PASS,NO
com.alibaba.json.bvt.serializer.ListSerializerTest3#test_1,PASS,,,,,170,PASS,NO
com.alibaba.json.bvt.serializer.ListSerializerTest3#test_2,PASS,,,,,160,PASS,NO
com.alibaba.json.bvt.serializer.ListTest#test_null,PASS,,,,,10,PASS,NO
com.alibaba.json.bvt.serializer.LocalTest#test_timezone,PASS,,,,,21,PASS,NO
com.alibaba.json.bvt.serializer.LongArraySerializerTest#test_0,PASS,,,,,7,PASS,NO
com.alibaba.json.bvt.serializer.MapSerializerTest#test_4,PASS,,,,,15,PASS,NO
com.alibaba.json.bvt.serializer.MapSerializerTest#test_empty_1,PASS,,,,,137,PASS,NO
com.alibaba.json.bvt.serializer.MapSerializerTest#test_int2_s,PASS,,,,,140,PASS,NO
com.alibaba.json.bvt.serializer.MapSerializerTest#test_long2_s,PASS,,,,,178,PASS,NO
com.alibaba.json.bvt.serializer.MapSerializerTest#test_singleton_1,PASS,,,,,161,PASS,NO
com.alibaba.json.bvt.serializer.MapSerializerTest#test_special2_s,PASS,,,,,164,PASS,NO
com.alibaba.json.bvt.serializer.MapSerializerTest#test_special3_s,PASS,,,,,59,PASS,NO
com.alibaba.json.bvt.serializer.MapSerializerTest#test_special_s,PASS,,,,,149,PASS,NO
com.alibaba.json.bvt.serializer.MapSerializerTest#test_string2_s,PASS,,,,,151,PASS,NO
com.alibaba.json.bvt.serializer.MapSerializerTest#test_string3_s,PASS,,,,,162,PASS,NO
com.alibaba.json.bvt.serializer.MapTest#test_no_sort,PASS,,,,,64,PASS,NO
com.alibaba.json.bvt.serializer.MapTest#test_null,PASS,,,,,66,PASS,NO
com.alibaba.json.bvt.serializer.MaxBufSizeTest#test_max_buf,PASS,,,,,178,PASS,NO
com.alibaba.json.bvt.serializer.MaxBufSizeTest2#test_max_buf,PASS,,,,,31,PASS,NO
com.alibaba.json.bvt.serializer.MultiFieldIntTest_writer#test_for_big_writer,PASS,,,,,6,PASS,NO
com.alibaba.json.bvt.serializer.MultiFieldIntTest_writer2#test_for_big_writer,PASS,,,,,5,PASS,NO
com.alibaba.json.bvt.serializer.NoneStringKeyTest#test_0,PASS,,,,,66,PASS,NO
com.alibaba.json.bvt.serializer.NoneStringKeyTest#test_1,PASS,,,,,65,PASS,NO
com.alibaba.json.bvt.serializer.NoneStringKeyTest#test_2,PASS,,,,,49,PASS,NO
com.alibaba.json.bvt.serializer.NoneStringKeyTest#test_3,PASS,,,,,65,PASS,NO
com.alibaba.json.bvt.serializer.NoneStringKeyTest#test_4,PASS,,,,,9,PASS,NO
com.alibaba.json.bvt.serializer.NoneStringKeyTest#test_null_0,PASS,,,,,59,PASS,NO
com.alibaba.json.bvt.serializer.NotWriteDefaultValueTest#test_for_boolean,PASS,,,,,8,PASS,NO
com.alibaba.json.bvt.serializer.NotWriteDefaultValueTest#test_for_byte,PASS,,,,,6,PASS,NO
com.alibaba.json.bvt.serializer.NotWriteDefaultValueTest#test_for_double,PASS,,,,,9,PASS,NO
com.alibaba.json.bvt.serializer.NotWriteDefaultValueTest#test_for_float,PASS,,,,,7,PASS,NO
com.alibaba.json.bvt.serializer.NotWriteDefaultValueTest#test_for_int,PASS,,,,,7,PASS,NO
com.alibaba.json.bvt.serializer.NotWriteDefaultValueTest#test_for_long,PASS,,,,,6,PASS,NO
com.alibaba.json.bvt.serializer.NotWriteDefaultValueTest#test_for_short,PASS,,,,,7,PASS,NO
com.alibaba.json.bvt.serializer.NotWriteDefaultValueTest_NoneASM#test_for_boolean,PASS,,,,,7,PASS,NO
com.alibaba.json.bvt.serializer.NotWriteDefaultValueTest_NoneASM#test_for_byte,PASS,,,,,8,PASS,NO
com.alibaba.json.bvt.serializer.NotWriteDefaultValueTest_NoneASM#test_for_double,PASS,,,,,8,PASS,NO
com.alibaba.json.bvt.serializer.NotWriteDefaultValueTest_NoneASM#test_for_float,PASS,,,,,6,PASS,NO
com.alibaba.json.bvt.serializer.NotWriteDefaultValueTest_NoneASM#test_for_int,PASS,,,,,6,PASS,NO
com.alibaba.json.bvt.serializer.NotWriteDefaultValueTest_NoneASM#test_for_long,PASS,,,,,5,PASS,NO
com.alibaba.json.bvt.serializer.NotWriteDefaultValueTest_NoneASM#test_for_short,PASS,,,,,6,PASS,NO
com.alibaba.json.bvt.serializer.ObjectArraySerializerTest#test_0,PASS,,,,,119,PASS,NO
com.alibaba.json.bvt.serializer.ObjectArraySerializerTest#test_1,PASS,,,,,179,PASS,NO
com.alibaba.json.bvt.serializer.ObjectArraySerializerTest#test_2,PASS,,,,,162,PASS,NO
com.alibaba.json.bvt.serializer.ObjectArraySerializerTest#test_3,PASS,,,,,135,PASS,NO
com.alibaba.json.bvt.serializer.ObjectSerializerTest#test_serialize,PASS,,,,,7,PASS,NO
com.alibaba.json.bvt.serializer.ObjectWriteTest#test_objectWriteTest,PASS,,,,,9,PASS,NO
com.alibaba.json.bvt.serializer.ParserConfigTest#test_0,PASS,,,,,38,PASS,NO
com.alibaba.json.bvt.serializer.ParserConfigTest#test_1,PASS,,,,,22,PASS,NO
com.alibaba.json.bvt.serializer.PascalNameFilterTest#test_0,PASS,,,,,5,PASS,NO
com.alibaba.json.bvt.serializer.PascalNameFilterTest_1#test_0,PASS,,,,,58,PASS,NO
com.alibaba.json.bvt.serializer.PatternTest#test_file,PASS,,,,,18,PASS,NO
com.alibaba.json.bvt.serializer.PointSerializerTest#test_null,PASS,,,,,6,PASS,NO
com.alibaba.json.bvt.serializer.PrePropertyFilterTest#test_0,PASS,,,,,9,PASS,NO
com.alibaba.json.bvt.serializer.PrettyFormatTest#test_0,PASS,,,,,9,PASS,NO
com.alibaba.json.bvt.serializer.PrettyFormatTest2#test_0,PASS,,,,,7,PASS,NO
com.alibaba.json.bvt.serializer.PrimitiveTest#test_0,PASS,,,,,134,PASS,NO
com.alibaba.json.bvt.serializer.PrimitiveTest#test_0_s,PASS,,,,,170,PASS,NO
com.alibaba.json.bvt.serializer.PrimitiveTest#test_1,PASS,,,,,162,PASS,NO
com.alibaba.json.bvt.serializer.PrimitiveTest#test_1_s,PASS,,,,,159,PASS,NO
com.alibaba.json.bvt.serializer.PrimitiveTest#test_2,PASS,,,,,146,PASS,NO
com.alibaba.json.bvt.serializer.PrimitiveTest#test_2_s,PASS,,,,,174,PASS,NO
com.alibaba.json.bvt.serializer.PrimitiveTest#test_3,PASS,,,,,172,PASS,NO
com.alibaba.json.bvt.serializer.PrimitiveTest#test_3_s,PASS,,,,,167,PASS,NO
com.alibaba.json.bvt.serializer.PrimitiveTest#test_4,PASS,,,,,161,PASS,NO
com.alibaba.json.bvt.serializer.PrimitiveTest#test_4_s,PASS,,,,,179,PASS,NO
com.alibaba.json.bvt.serializer.PrimitiveTest#test_5,PASS,,,,,181,PASS,NO
com.alibaba.json.bvt.serializer.PrimitiveTest#test_5_s,PASS,,,,,139,PASS,NO
com.alibaba.json.bvt.serializer.PrimitiveTest#test_6,PASS,,,,,154,PASS,NO
com.alibaba.json.bvt.serializer.PrimitiveTest#test_6_s,PASS,,,,,136,PASS,NO
com.alibaba.json.bvt.serializer.ProxyTest#test_0,PASS,,,,,7,PASS,NO
com.alibaba.json.bvt.serializer.ProxyTest2#test_0,PASS,,,,,7,PASS,NO
com.alibaba.json.bvt.serializer.RectangleSerializerTest#test_null,PASS,,,,,4,PASS,NO
com.alibaba.json.bvt.serializer.ReferenceDeserializerTest#test_0,PASS,,,,,12,PASS,NO
com.alibaba.json.bvt.serializer.SerialContextTest#test_context,PASS,,,,,238,PASS,NO
com.alibaba.json.bvt.serializer.SerialWriterStringEncoderTest2#test_error_0,PASS,,,,,225,PASS,NO
com.alibaba.json.bvt.serializer.SerialWriterStringEncoderTest2#test_error_1,PASS,,,,,200,PASS,NO
com.alibaba.json.bvt.serializer.SerialWriterTest#test_0,PASS,,,,,198,PASS,NO
com.alibaba.json.bvt.serializer.SerializeConfigTest#test_0,PASS,,,,,22,PASS,NO
com.alibaba.json.bvt.serializer.SerializeConfigTest#test_1,PASS,,,,,40,PASS,NO
com.alibaba.json.bvt.serializer.SerializeConfigTest2#test_1,PASS,,,,,5,PASS,NO
com.alibaba.json.bvt.serializer.SerializeConfigTest2_private#test_1,PASS,,,,,8,PASS,NO
com.alibaba.json.bvt.serializer.SerializeWriterTest#test_0,PASS,,,,,248,PASS,NO
com.alibaba.json.bvt.serializer.SerializeWriterTest#test_1,PASS,,,,,245,PASS,NO
com.alibaba.json.bvt.serializer.SerializeWriterTest#test_12,PASS,,,,,225,PASS,NO
com.alibaba.json.bvt.serializer.SerializeWriterTest#test_13,PASS,,,,,232,PASS,NO
com.alibaba.json.bvt.serializer.SerializeWriterTest#test_13_long,PASS,,,,,231,PASS,NO
com.alibaba.json.bvt.serializer.SerializeWriterTest#test_13_long_browser,PASS,,,,,212,PASS,NO
com.alibaba.json.bvt.serializer.SerializeWriterTest#test_13_long_browser2,PASS,,,,,192,PASS,NO
com.alibaba.json.bvt.serializer.SerializeWriterTest#test_14,PASS,,,,,203,PASS,NO
com.alibaba.json.bvt.serializer.SerializeWriterTest#test_14_long,PASS,,,,,223,PASS,NO
com.alibaba.json.bvt.serializer.SerializeWriterTest#test_15,PASS,,,,,213,PASS,NO
com.alibaba.json.bvt.serializer.SerializeWriterTest#test_15_long,PASS,,,,,212,PASS,NO
com.alibaba.json.bvt.serializer.SerializeWriterTest#test_16,PASS,,,,,194,PASS,NO
com.alibaba.json.bvt.serializer.SerializeWriterTest#test_16_long,PASS,,,,,160,PASS,NO
com.alibaba.json.bvt.serializer.SerializeWriterTest#test_16_long_browser,PASS,,,,,197,PASS,NO
com.alibaba.json.bvt.serializer.SerializeWriterTest#test_16_long_browser2,PASS,,,,,209,PASS,NO
com.alibaba.json.bvt.serializer.SerializeWriterTest#test_17,PASS,,,,,211,PASS,NO
com.alibaba.json.bvt.serializer.SerializeWriterTest#test_18,PASS,,,,,211,PASS,NO
com.alibaba.json.bvt.serializer.SerializeWriterTest#test_19,PASS,,,,,197,PASS,NO
com.alibaba.json.bvt.serializer.SerializeWriterTest#test_20,PASS,,,,,198,PASS,NO
com.alibaba.json.bvt.serializer.SerializeWriterTest#test_error_0,PASS,,,,,213,PASS,NO
com.alibaba.json.bvt.serializer.SerializeWriterTest#test_error_2,PASS,,,,,187,PASS,NO
com.alibaba.json.bvt.serializer.SerializeWriterTest#test_error_3,PASS,,,,,250,PASS,NO
com.alibaba.json.bvt.serializer.SerializeWriterTest#test_error_4,PASS,,,,,186,PASS,NO
com.alibaba.json.bvt.serializer.SerializeWriterTest#test_error_5,PASS,,,,,235,PASS,NO
com.alibaba.json.bvt.serializer.SerializeWriterTest#test_error_6,PASS,,,,,220,PASS,NO
com.alibaba.json.bvt.serializer.SerializeWriterTest_1#test_0,PASS,,,,,226,PASS,NO
com.alibaba.json.bvt.serializer.SerializeWriterTest_1#test_1,PASS,,,,,212,PASS,NO
com.alibaba.json.bvt.serializer.SerializeWriterTest_1#test_2,PASS,,,,,181,PASS,NO
com.alibaba.json.bvt.serializer.SerializeWriterTest_1#test_3,PASS,,,,,355,PASS,NO
com.alibaba.json.bvt.serializer.SerializeWriterTest_1#test_5,PASS,,,,,227,PASS,NO
com.alibaba.json.bvt.serializer.SerializeWriterTest_1#test_6,PASS,,,,,246,PASS,NO
com.alibaba.json.bvt.serializer.SerializeWriterTest_1#test_null,PASS,,,,,190,PASS,NO
com.alibaba.json.bvt.serializer.SerializeWriterTest_10#test_erro_0,PASS,,,,,218,PASS,NO
com.alibaba.json.bvt.serializer.SerializeWriterTest_10#test_erro_1,PASS,,,,,217,PASS,NO
com.alibaba.json.bvt.serializer.SerializeWriterTest_10#test_erro_2,PASS,,,,,228,PASS,NO
com.alibaba.json.bvt.serializer.SerializeWriterTest_10#test_erro_3,PASS,,,,,219,PASS,NO
com.alibaba.json.bvt.serializer.SerializeWriterTest_10#test_erro_4,PASS,,,,,226,PASS,NO
com.alibaba.json.bvt.serializer.SerializeWriterTest_11#test_erro_0,PASS,,,,,240,PASS,NO
com.alibaba.json.bvt.serializer.SerializeWriterTest_12#test_erro_0,PASS,,,,,189,PASS,NO
com.alibaba.json.bvt.serializer.SerializeWriterTest_13#test_default,PASS,,,,,86,PASS,NO
com.alibaba.json.bvt.serializer.SerializeWriterTest_13#test_single,PASS,,,,,76,PASS,NO
com.alibaba.json.bvt.serializer.SerializeWriterTest_13#test_writer,PASS,,,,,79,PASS,NO
com.alibaba.json.bvt.serializer.SerializeWriterTest_13#test_writer_single,PASS,,,,,54,PASS,NO
com.alibaba.json.bvt.serializer.SerializeWriterTest_14#test_writer_1,PASS,,,,,80,PASS,NO
com.alibaba.json.bvt.serializer.SerializeWriterTest_14#test_writer_2,PASS,,,,,44,PASS,NO
com.alibaba.json.bvt.serializer.SerializeWriterTest_14#test_writer_3,PASS,,,,,57,PASS,NO
com.alibaba.json.bvt.serializer.SerializeWriterTest_15#test_writer_1,PASS,,,,,66,PASS,NO
com.alibaba.json.bvt.serializer.SerializeWriterTest_15#test_writer_2,PASS,,,,,78,PASS,NO
com.alibaba.json.bvt.serializer.SerializeWriterTest_15#test_writer_3,PASS,,,,,63,PASS,NO
com.alibaba.json.bvt.serializer.SerializeWriterTest_16#test_writer_1,PASS,,,,,8,PASS,NO
com.alibaba.json.bvt.serializer.SerializeWriterTest_17#test_direct,PASS,,,,,10,PASS,NO
com.alibaba.json.bvt.serializer.SerializeWriterTest_17#test_writer_1,PASS,,,,,7,PASS,NO
com.alibaba.json.bvt.serializer.SerializeWriterTest_18#test_writer_1,PASS,,,,,29,PASS,NO
com.alibaba.json.bvt.serializer.SerializeWriterTest_19#test_writer_1,PASS,,,,,8,PASS,NO
com.alibaba.json.bvt.serializer.SerializeWriterTest_2#test_0,PASS,,,,,183,PASS,NO
com.alibaba.json.bvt.serializer.SerializeWriterTest_2#test_1,PASS,,,,,218,PASS,NO
com.alibaba.json.bvt.serializer.SerializeWriterTest_3#test_0,PASS,,,,,210,PASS,NO
com.alibaba.json.bvt.serializer.SerializeWriterTest_3#test_1,PASS,,,,,238,PASS,NO
com.alibaba.json.bvt.serializer.SerializeWriterTest_3#test_null,PASS,,,,,265,PASS,NO
com.alibaba.json.bvt.serializer.SerializeWriterTest_3#test_null_1,PASS,,,,,196,PASS,NO
com.alibaba.json.bvt.serializer.SerializeWriterTest_4#test_0,PASS,,,,,227,PASS,NO
com.alibaba.json.bvt.serializer.SerializeWriterTest_4#test_1,PASS,,,,,164,PASS,NO
com.alibaba.json.bvt.serializer.SerializeWriterTest_4#test_3,PASS,,,,,249,PASS,NO
com.alibaba.json.bvt.serializer.SerializeWriterTest_4#test_4,PASS,,,,,206,PASS,NO
com.alibaba.json.bvt.serializer.SerializeWriterTest_4#test_5,PASS,,,,,197,PASS,NO
com.alibaba.json.bvt.serializer.SerializeWriterTest_5#test_0,PASS,,,,,180,PASS,NO
com.alibaba.json.bvt.serializer.SerializeWriterTest_5#test_1,PASS,,,,,192,PASS,NO
com.alibaba.json.bvt.serializer.SerializeWriterTest_5#test_2,PASS,,,,,161,PASS,NO
com.alibaba.json.bvt.serializer.SerializeWriterTest_5#test_3,PASS,,,,,255,PASS,NO
com.alibaba.json.bvt.serializer.SerializeWriterTest_5#test_4,PASS,,,,,245,PASS,NO
com.alibaba.json.bvt.serializer.SerializeWriterTest_6#test_0,PASS,,,,,191,PASS,NO
com.alibaba.json.bvt.serializer.SerializeWriterTest_7#test_0,PASS,,,,,181,PASS,NO
com.alibaba.json.bvt.serializer.SerializeWriterTest_7#test_1,PASS,,,,,183,PASS,NO
com.alibaba.json.bvt.serializer.SerializeWriterTest_7#test_2,PASS,,,,,230,PASS,NO
com.alibaba.json.bvt.serializer.SerializeWriterTest_7#test_3,PASS,,,,,200,PASS,NO
com.alibaba.json.bvt.serializer.SerializeWriterTest_7#test_4,PASS,,,,,207,PASS,NO
com.alibaba.json.bvt.serializer.SerializeWriterTest_8#test_BrowserCompatible,PASS,,,,,162,PASS,NO
com.alibaba.json.bvt.serializer.SerializeWriterTest_8#test_singleQuote,PASS,,,,,71,PASS,NO
com.alibaba.json.bvt.serializer.SerializeWriterTest_8#test_singleQuote_writer,PASS,,,,,69,PASS,NO
com.alibaba.json.bvt.serializer.SerializeWriterTest_8#test_writer,PASS,,,,,126,PASS,NO
com.alibaba.json.bvt.serializer.SerializeWriterTest_9#test_error,PASS,,,,,165,PASS,NO
com.alibaba.json.bvt.serializer.SerializeWriterTest_9#test_error_2,PASS,,,,,164,PASS,NO
com.alibaba.json.bvt.serializer.SerializeWriterTest_9#test_error_3,PASS,,,,,212,PASS,NO
com.alibaba.json.bvt.serializer.SerializeWriterTest_9#test_error_4,PASS,,,,,173,PASS,NO
com.alibaba.json.bvt.serializer.SerializeWriterTest_9#test_error_5,PASS,,,,,229,PASS,NO
com.alibaba.json.bvt.serializer.SerializeWriterTest_BrowserSecure#test_0,PASS,,,,,155,PASS,NO
com.alibaba.json.bvt.serializer.SerializeWriterTest_BrowserSecure#test_1,PASS,,,,,150,PASS,NO
com.alibaba.json.bvt.serializer.SerializeWriterTest_BrowserSecure#test_all,PASS,,,,,203,PASS,NO
com.alibaba.json.bvt.serializer.SerializeWriterTest_BrowserSecure#test_all_entity,PASS,,,,,29,PASS,NO
com.alibaba.json.bvt.serializer.SerializeWriterTest_BrowserSecure#test_all_map,PASS,,,,,9,PASS,NO
com.alibaba.json.bvt.serializer.SerializeWriterTest_BrowserSecure#test_zh,PASS,,,,,134,PASS,NO
com.alibaba.json.bvt.serializer.SerializeWriterTest_BrowserSecure3#test_0,PASS,,,,,171,PASS,NO
com.alibaba.json.bvt.serializer.SerializeWriterTest_BrowserSecure_4_script#test_0,PASS,,,,,11,PASS,NO
com.alibaba.json.bvt.serializer.SerializeWriterTest_BrowserSecure_4_script#test_1,PASS,,,,,206,PASS,NO
com.alibaba.json.bvt.serializer.SerializeWriterTest_BrowserSecure_4_script#test_2,PASS,,,,,179,PASS,NO
com.alibaba.json.bvt.serializer.SerializeWriterTest_BrowserSecure_4_script#test_3,PASS,,,,,176,PASS,NO
com.alibaba.json.bvt.serializer.SerializeWriterTest_BrowserSecure_4_script#test_4,PASS,,,,,153,PASS,NO
com.alibaba.json.bvt.serializer.SerializeWriterTest_BrowserSecure_4_script#test_5,PASS,,,,,187,PASS,NO
com.alibaba.json.bvt.serializer.SerializeWriterTest_BrowserSecure_5_script_model#test_0,PASS,,,,,9,PASS,NO
com.alibaba.json.bvt.serializer.SerializeWriterTest_BrowserSecure_5_script_model#test_1,PASS,,,,,8,PASS,NO
com.alibaba.json.bvt.serializer.SerializeWriterTest_BrowserSecure_5_script_model#test_2,PASS,,,,,6,PASS,NO
com.alibaba.json.bvt.serializer.SerializeWriterTest_BrowserSecure_5_script_model#test_3,PASS,,,,,11,PASS,NO
com.alibaba.json.bvt.serializer.SerializeWriterTest_BrowserSecure_5_script_model#test_4,PASS,,,,,12,PASS,NO
com.alibaba.json.bvt.serializer.SerializeWriterTest_BrowserSecure_5_script_model#test_5,PASS,,,,,7,PASS,NO
com.alibaba.json.bvt.serializer.SerializeWriterTest_BrowserSecure_6_name_script#test_0,PASS,,,,,10,PASS,NO
com.alibaba.json.bvt.serializer.SerializerFeatureTest#test_0,PASS,,,,,275,PASS,NO
com.alibaba.json.bvt.serializer.SerializerFeatureTest#test_1,PASS,,,,,258,PASS,NO
com.alibaba.json.bvt.serializer.SerializerFeatureTest#test_assert_cnt,PASS,,,,,197,PASS,NO
com.alibaba.json.bvt.serializer.SerilaizeFilterTest#test_for_jsonField,PASS,,,,,12,PASS,NO
com.alibaba.json.bvt.serializer.ShortArraySerializerTest#test_0,PASS,,,,,174,PASS,NO
com.alibaba.json.bvt.serializer.ShortFieldSerializerTest#test_0,PASS,,,,,7,PASS,NO
com.alibaba.json.bvt.serializer.ShortSerializerTest#test_null,PASS,,,,,6,PASS,NO
com.alibaba.json.bvt.serializer.SimpleDataFormatSerializerTest#test_0,PASS,,,,,124,PASS,NO
com.alibaba.json.bvt.serializer.SimplePropertyPreFilterTest#test_all,PASS,,,,,6,PASS,NO
com.alibaba.json.bvt.serializer.SimplePropertyPreFilterTest#test_all_map,PASS,,,,,44,PASS,NO
com.alibaba.json.bvt.serializer.SimplePropertyPreFilterTest#test_exclude_id,PASS,,,,,6,PASS,NO
com.alibaba.json.bvt.serializer.SimplePropertyPreFilterTest#test_exclude_id_map,PASS,,,,,6,PASS,NO
com.alibaba.json.bvt.serializer.SimplePropertyPreFilterTest#test_exclude_name,PASS,,,,,4,PASS,NO
com.alibaba.json.bvt.serializer.SimplePropertyPreFilterTest#test_id,PASS,,,,,6,PASS,NO
com.alibaba.json.bvt.serializer.SimplePropertyPreFilterTest#test_id_0,PASS,,,,,6,PASS,NO
com.alibaba.json.bvt.serializer.SimplePropertyPreFilterTest#test_map,PASS,,,,,48,PASS,NO
com.alibaba.json.bvt.serializer.SimplePropertyPreFilterTest#test_map_id,PASS,,,,,61,PASS,NO
com.alibaba.json.bvt.serializer.SimplePropertyPreFilterTest#test_map_name,PASS,,,,,59,PASS,NO
com.alibaba.json.bvt.serializer.SimplePropertyPreFilterTest#test_name,PASS,,,,,6,PASS,NO
com.alibaba.json.bvt.serializer.SimplePropertyPreFilterTest#test_name_0,PASS,,,,,9,PASS,NO
com.alibaba.json.bvt.serializer.SimplePropertyPreFilterTest#test_name_a,PASS,,,,,8,PASS,NO
com.alibaba.json.bvt.serializer.SimplePropertyPreFilterTest#test_name_a1,PASS,,,,,6,PASS,NO
com.alibaba.json.bvt.serializer.SpecicalStringTest#test_0,PASS,,,,,68,PASS,NO
com.alibaba.json.bvt.serializer.SpecicalStringTest#test_string2,PASS,,,,,194,PASS,NO
com.alibaba.json.bvt.serializer.StringArraySerializerTest#test_0,PASS,,,,,53,PASS,NO
com.alibaba.json.bvt.serializer.StringArraySerializerTest#test_1,PASS,,,,,66,PASS,NO
com.alibaba.json.bvt.serializer.StringArraySerializerTest#test_2,PASS,,,,,70,PASS,NO
com.alibaba.json.bvt.serializer.StringArraySerializerTest#test_3,PASS,,,,,67,PASS,NO
com.alibaba.json.bvt.serializer.StringSerializerTest#test_0,PASS,,,,,6,PASS,NO
com.alibaba.json.bvt.serializer.StringSerializerTest#test_10,PASS,,,,,204,PASS,NO
com.alibaba.json.bvt.serializer.StringSerializerTest#test_10_d,PASS,,,,,194,PASS,NO
com.alibaba.json.bvt.serializer.StringSerializerTest#test_11,PASS,,,,,248,PASS,NO
com.alibaba.json.bvt.serializer.StringSerializerTest#test_11_d,PASS,,,,,224,PASS,NO
com.alibaba.json.bvt.serializer.StringSerializerTest#test_12,PASS,,,,,170,PASS,NO
com.alibaba.json.bvt.serializer.StringSerializerTest#test_12_d,PASS,,,,,223,PASS,NO
com.alibaba.json.bvt.serializer.StringSerializerTest#test_13,PASS,,,,,220,PASS,NO
com.alibaba.json.bvt.serializer.StringSerializerTest#test_14,PASS,,,,,262,PASS,NO
com.alibaba.json.bvt.serializer.StringSerializerTest#test_2,PASS,,,,,7,PASS,NO
com.alibaba.json.bvt.serializer.StringSerializerTest#test_2_s,PASS,,,,,4,PASS,NO
com.alibaba.json.bvt.serializer.StringSerializerTest#test_3,PASS,,,,,11,PASS,NO
com.alibaba.json.bvt.serializer.StringSerializerTest#test_4,PASS,,,,,7,PASS,NO
com.alibaba.json.bvt.serializer.StringSerializerTest#test_5,PASS,,,,,190,PASS,NO
com.alibaba.json.bvt.serializer.StringSerializerTest#test_5_d,PASS,,,,,208,PASS,NO
com.alibaba.json.bvt.serializer.StringSerializerTest#test_6,PASS,,,,,260,PASS,NO
com.alibaba.json.bvt.serializer.StringSerializerTest#test_6_d,PASS,,,,,243,PASS,NO
com.alibaba.json.bvt.serializer.StringSerializerTest#test_7,PASS,,,,,207,PASS,NO
com.alibaba.json.bvt.serializer.StringSerializerTest#test_7_d,PASS,,,,,245,PASS,NO
com.alibaba.json.bvt.serializer.StringSerializerTest#test_8,PASS,,,,,176,PASS,NO
com.alibaba.json.bvt.serializer.StringSerializerTest#test_8_s,PASS,,,,,211,PASS,NO
com.alibaba.json.bvt.serializer.StringSerializerTest#test_9,PASS,,,,,182,PASS,NO
com.alibaba.json.bvt.serializer.StringSerializerTest#test_9_d,PASS,,,,,239,PASS,NO
com.alibaba.json.bvt.serializer.TestInnerClass#test_inner,PASS,,,,,7,PASS,NO
com.alibaba.json.bvt.serializer.TestInnerClass1#test_inner,PASS,,,,,7,PASS,NO
com.alibaba.json.bvt.serializer.TestInnerClass2#test_inner,PASS,,,,,4,PASS,NO
com.alibaba.json.bvt.serializer.TestPivateStaticClass#test_inner,PASS,,,,,8,PASS,NO
com.alibaba.json.bvt.serializer.TestSortField#test_0,PASS,,,,,51,PASS,NO
com.alibaba.json.bvt.serializer.TestSpecial#test_0,PASS,,,,,65,PASS,NO
com.alibaba.json.bvt.serializer.TestSpecial2#test_0,PASS,,,,,7,PASS,NO
com.alibaba.json.bvt.serializer.TestSpecial3#test_0,PASS,,,,,8,PASS,NO
com.alibaba.json.bvt.serializer.TestSpecial4#test_0,PASS,,,,,6,PASS,NO
com.alibaba.json.bvt.serializer.TestSpecial5#test_1,PASS,,,,,4,PASS,NO
com.alibaba.json.bvt.serializer.TestSpecial_entity#test_0,PASS,,,,,5,PASS,NO
com.alibaba.json.bvt.serializer.TestSpecial_entity#test_1,PASS,,,,,8,PASS,NO
com.alibaba.json.bvt.serializer.TestSpecial_entity#test_10,PASS,,,,,9,PASS,NO
com.alibaba.json.bvt.serializer.TestSpecial_entity#test_2,PASS,,,,,7,PASS,NO
com.alibaba.json.bvt.serializer.TestSpecial_entity#test_3,PASS,,,,,6,PASS,NO
com.alibaba.json.bvt.serializer.TestSpecial_entity#test_4,PASS,,,,,9,PASS,NO
com.alibaba.json.bvt.serializer.TestSpecial_entity#test_5,PASS,,,,,6,PASS,NO
com.alibaba.json.bvt.serializer.TestSpecial_entity#test_6,PASS,,,,,7,PASS,NO
com.alibaba.json.bvt.serializer.TestSpecial_entity#test_7,PASS,,,,,9,PASS,NO
com.alibaba.json.bvt.serializer.TestSpecial_entity#test_8,PASS,,,,,8,PASS,NO
com.alibaba.json.bvt.serializer.TestSpecial_entity#test_9,PASS,,,,,8,PASS,NO
com.alibaba.json.bvt.serializer.TestSpecial_map#test_0,PASS,,,,,61,PASS,NO
com.alibaba.json.bvt.serializer.TestSpecial_map#test_1,PASS,,,,,50,PASS,NO
com.alibaba.json.bvt.serializer.TestSpecial_map#test_10,PASS,,,,,58,PASS,NO
com.alibaba.json.bvt.serializer.TestSpecial_map#test_2,PASS,,,,,80,PASS,NO
com.alibaba.json.bvt.serializer.TestSpecial_map#test_3,PASS,,,,,69,PASS,NO
com.alibaba.json.bvt.serializer.TestSpecial_map#test_4,PASS,,,,,66,PASS,NO
com.alibaba.json.bvt.serializer.TestSpecial_map#test_5,PASS,,,,,69,PASS,NO
com.alibaba.json.bvt.serializer.TestSpecial_map#test_6,PASS,,,,,66,PASS,NO
com.alibaba.json.bvt.serializer.TestSpecial_map#test_7,PASS,,,,,72,PASS,NO
com.alibaba.json.bvt.serializer.TestSpecial_map#test_8,PASS,,,,,65,PASS,NO
com.alibaba.json.bvt.serializer.TestSpecial_map#test_9,PASS,,,,,59,PASS,NO
com.alibaba.json.bvt.serializer.TimeZoneTest#test_timezone,PASS,,,,,12,PASS,NO
com.alibaba.json.bvt.serializer.TransientTest#test_transient,PASS,,,,,5,PASS,NO
com.alibaba.json.bvt.serializer.TreeSetTest#test_null,PASS,,,,,5,PASS,NO
com.alibaba.json.bvt.serializer.URITest#test_file,PASS,,,,,20,PASS,NO
com.alibaba.json.bvt.serializer.URLTest#test_file,PASS,,,,,21,PASS,NO
com.alibaba.json.bvt.serializer.UUIDTest#test_timezone,PASS,,,,,12,PASS,NO
com.alibaba.json.bvt.serializer.UnicodeTest#test_unicode,PASS,,,,,45,PASS,NO
com.alibaba.json.bvt.serializer.WriteClassNameTest#test_writeClassName,PASS,,,,,9,PASS,NO
com.alibaba.json.bvt.serializer.WriteNullListAsEmptyTest#test_nullList,PASS,,,,,9,PASS,NO
com.alibaba.json.bvt.serializer.WriteSlashAsSpecialTest#test_0,PASS,,,,,73,PASS,NO
com.alibaba.json.bvt.serializer.WriteSlashAsSpecialTest#test_1,PASS,,,,,65,PASS,NO
com.alibaba.json.bvt.serializer.writeJSONStringToTest#test_writeJSONStringTo,PASS,,,,,4,PASS,NO
