candidate,victim_status,od_relevant
com.jsoniter.IterImplForStreamingTest#testLoadMore,PASS,NO
com.jsoniter.IterImplForStreamingTest#testReadMaxDouble,PASS,NO
com.jsoniter.TestAnnotation#test_inherited_setter_is_not_duplicate,PASS,NO
com.jsoniter.TestAnnotation#test_name_conflict,PASS,NO
com.jsoniter.TestAnnotation#test_single_param_setter,PASS,NO
com.jsoniter.TestAnnotation#test_static_factory,PASS,NO
com.jsoniter.TestAnnotationJsonCreator#test_ctor,PASS,NO
com.jsoniter.TestAnnotationJsonCreator#test_ctor_and_setter_binding,PASS,NO
com.jsoniter.TestAnnotationJsonIgnore#test_ignore,PASS,NO
com.jsoniter.TestAnnotationJsonIgnore#test_ignore_no_constructor_field,PASS,NO
com.jsoniter.TestAnnotationJsonIgnore#test_json_ignore_with_creator,PASS,NO
com.jsoniter.TestAnnotationJsonObject#test_extra_properties,PASS,NO
com.jsoniter.TestAnnotationJsonObject#test_no_unknown_properties,PASS,NO
com.jsoniter.TestAnnotationJsonObject#test_unknown_properties,PASS,NO
com.jsoniter.TestAnnotationJsonObject#test_unknown_properties_blacklist,PASS,NO
com.jsoniter.TestAnnotationJsonProperty#test_bind_from_multiple_names,PASS,NO
com.jsoniter.TestAnnotationJsonProperty#test_creator_with_json_property,PASS,NO
com.jsoniter.TestAnnotationJsonProperty#test_field_and_getter_setter,PASS,NO
com.jsoniter.TestAnnotationJsonProperty#test_getter_and_setter,PASS,NO
com.jsoniter.TestAnnotationJsonProperty#test_integer_property_decoder,PASS,NO
com.jsoniter.TestAnnotationJsonProperty#test_property_decoder,PASS,NO
com.jsoniter.TestAnnotationJsonProperty#test_rename,PASS,NO
com.jsoniter.TestAnnotationJsonProperty#test_required,PASS,NO
com.jsoniter.TestAnnotationJsonProperty#test_required_properties,PASS,NO
com.jsoniter.TestAnnotationJsonProperty#test_required_properties_not_missing,PASS,NO
com.jsoniter.TestAnnotationJsonProperty#test_specify_property,PASS,NO
com.jsoniter.TestAnnotationJsonWrapper#test_binding,PASS,NO
com.jsoniter.TestAnnotationJsonWrapper#test_issue_104,PASS,NO
com.jsoniter.TestAnnotationJsonWrapper#test_key_value,PASS,NO
com.jsoniter.TestArray#test_array_lazy_any_to_string,PASS,NO
com.jsoniter.TestArray#test_boolean_array,PASS,NO
com.jsoniter.TestArray#test_empty_array,PASS,NO
com.jsoniter.TestArray#test_five_elements,PASS,NO
com.jsoniter.TestArray#test_four_elements,PASS,NO
com.jsoniter.TestArray#test_iterator,PASS,NO
com.jsoniter.TestArray#test_null,PASS,NO
com.jsoniter.TestArray#test_one_element,PASS,NO
com.jsoniter.TestArray#test_three_elements,PASS,NO
com.jsoniter.TestArray#test_two_elements,PASS,NO
com.jsoniter.TestBoolean#test_non_streaming,PASS,NO
com.jsoniter.TestBoolean#test_streaming,PASS,NO
com.jsoniter.TestCustomizeType#test_customize_impl,PASS,NO
com.jsoniter.TestCustomizeType#test_customize_through_extension,PASS,NO
com.jsoniter.TestDemo#test_abc,PASS,NO
com.jsoniter.TestDemo#test_any_api,PASS,NO
com.jsoniter.TestDemo#test_any_is_fun,PASS,NO
com.jsoniter.TestDemo#test_bind_api,PASS,NO
com.jsoniter.TestDemo#test_deserialize,PASS,NO
com.jsoniter.TestDemo#test_empty_array_as_null,PASS,NO
com.jsoniter.TestDemo#test_generics,PASS,NO
com.jsoniter.TestDemo#test_iterator,PASS,NO
com.jsoniter.TestDemo#test_iterator_api,PASS,NO
com.jsoniter.TestDemo#test_iterator_api_and_bind,PASS,NO
com.jsoniter.TestDemo#test_utf8,PASS,NO
com.jsoniter.TestExisting#test_direct_reuse,PASS,NO
com.jsoniter.TestExisting#test_indirect_reuse,PASS,NO
com.jsoniter.TestExisting#test_reuse_linked_list,PASS,NO
com.jsoniter.TestExisting#test_reuse_list,PASS,NO
com.jsoniter.TestExisting#test_reuse_map,PASS,NO
com.jsoniter.TestFloat#testBigDecimal,PASS,NO
com.jsoniter.TestFloat#testChooseDouble,PASS,NO
com.jsoniter.TestFloat#testInfinity,PASS,NO
com.jsoniter.TestFloat#test_combination_of_dot_and_exponent,PASS,NO
com.jsoniter.TestFloat#test_decimal_places,PASS,NO
com.jsoniter.TestFloat#test_ieee_754,PASS,NO
com.jsoniter.TestFloat#test_long_double,PASS,NO
com.jsoniter.TestFloat#test_positive_negative,PASS,NO
com.jsoniter.TestFloat#test_streaming,PASS,NO
com.jsoniter.TestGenerics#test_complex_object,PASS,NO
com.jsoniter.TestGenerics#test_generic_super_class,PASS,NO
com.jsoniter.TestGenerics#test_int_list,PASS,NO
com.jsoniter.TestGenerics#test_integer_map,PASS,NO
com.jsoniter.TestGenerics#test_issue_103,PASS,NO
com.jsoniter.TestGenerics#test_linked_list,PASS,NO
com.jsoniter.TestGenerics#test_list_of_list,PASS,NO
com.jsoniter.TestGenerics#test_string_list,PASS,NO
com.jsoniter.TestGenerics#test_string_map,PASS,NO
com.jsoniter.TestGenerics#test_string_set,PASS,NO
com.jsoniter.TestGenerics#test_wildcard,PASS,NO
com.jsoniter.TestGson#test_Expose,PASS,NO
com.jsoniter.TestGson#test_SerializedName,PASS,NO
com.jsoniter.TestGson#test_addDeserializationExclusionStrategy,PASS,NO
com.jsoniter.TestGson#test_bool_as_string,PASS,NO
com.jsoniter.TestGson#test_int_as_string,PASS,NO
com.jsoniter.TestGson#test_null_as_boolean,PASS,NO
com.jsoniter.TestGson#test_null_as_double,PASS,NO
com.jsoniter.TestGson#test_null_as_float,PASS,NO
com.jsoniter.TestGson#test_null_as_int,PASS,NO
com.jsoniter.TestGson#test_null_as_long,PASS,NO
com.jsoniter.TestGson#test_setDateFormat_format,PASS,NO
com.jsoniter.TestGson#test_setFieldNamingPolicy,PASS,NO
com.jsoniter.TestGson#test_setFieldNamingStrategy,PASS,NO
com.jsoniter.TestGson#test_setVersion,PASS,NO
com.jsoniter.TestIO#test_read_bytes,PASS,NO
com.jsoniter.TestIO#test_unread_byte,PASS,NO
com.jsoniter.TestInteger#testBigInteger,PASS,NO
com.jsoniter.TestInteger#testChooseInteger,PASS,NO
com.jsoniter.TestInteger#testChooseLong,PASS,NO
com.jsoniter.TestInteger#test_byte,PASS,NO
com.jsoniter.TestInteger#test_char,PASS,NO
com.jsoniter.TestInteger#test_large_number,PASS,NO
com.jsoniter.TestInteger#test_leading_zero,PASS,NO
com.jsoniter.TestInteger#test_max_int,PASS,NO
com.jsoniter.TestInteger#test_max_min_int,PASS,NO
com.jsoniter.TestInteger#test_max_min_long,PASS,NO
com.jsoniter.TestInteger#test_positive_negative_int,PASS,NO
com.jsoniter.TestInteger#test_positive_negative_long,PASS,NO
com.jsoniter.TestInteger#test_streaming,PASS,NO
com.jsoniter.TestJackson#test_JsonAnySetter,PASS,NO
com.jsoniter.TestJackson#test_JsonIgnore,PASS,NO
com.jsoniter.TestJackson#test_JsonProperty,PASS,NO
com.jsoniter.TestMap#test_MapKeyCodec,PASS,NO
com.jsoniter.TestMap#test_enum_key,PASS,NO
com.jsoniter.TestMap#test_integer_key,PASS,NO
com.jsoniter.TestMap#test_object_key,PASS,NO
com.jsoniter.TestMap#test_string_key,PASS,NO
com.jsoniter.TestNested#test_array_of_objects,PASS,NO
com.jsoniter.TestNested#test_get_all_array_elements_via_any,PASS,NO
com.jsoniter.TestNested#test_get_all_with_some_invalid_path,PASS,NO
com.jsoniter.TestNested#test_recursive_class,PASS,NO
com.jsoniter.TestNull#test_null_as_Any,PASS,NO
com.jsoniter.TestNull#test_null_as_BigDecimal,PASS,NO
com.jsoniter.TestNull#test_null_as_BigInteger,PASS,NO
com.jsoniter.TestNull#test_null_as_Boolean,PASS,NO
com.jsoniter.TestNull#test_null_as_Byte,PASS,NO
com.jsoniter.TestNull#test_null_as_Character,PASS,NO
com.jsoniter.TestNull#test_null_as_Double,PASS,NO
com.jsoniter.TestNull#test_null_as_Float,PASS,NO
com.jsoniter.TestNull#test_null_as_Integer,PASS,NO
com.jsoniter.TestNull#test_null_as_Long,PASS,NO
com.jsoniter.TestNull#test_null_as_Short,PASS,NO
com.jsoniter.TestObject#test_empty_class,PASS,NO
com.jsoniter.TestObject#test_empty_object,PASS,NO
com.jsoniter.TestObject#test_enum,PASS,NO
com.jsoniter.TestObject#test_incomplete_field_name,PASS,NO
com.jsoniter.TestObject#test_inheritance,PASS,NO
com.jsoniter.TestObject#test_iterator,PASS,NO
com.jsoniter.TestObject#test_maybe_empty_array_field,PASS,NO
com.jsoniter.TestObject#test_native_field,PASS,NO
com.jsoniter.TestObject#test_non_ascii_field,PASS,NO
com.jsoniter.TestObject#test_object_creation,PASS,NO
com.jsoniter.TestObject#test_one_field,PASS,NO
com.jsoniter.TestObject#test_private_ref,PASS,NO
com.jsoniter.TestObject#test_read_null,PASS,NO
com.jsoniter.TestObject#test_setter_is_preferred,PASS,NO
com.jsoniter.TestObject#test_two_fields,PASS,NO
com.jsoniter.TestOmitValue#test_shouldOmitInputNotNullOutputFalse,PASS,NO
com.jsoniter.TestOmitValue#test_shouldOmitInputPositiveOutputFalse,PASS,NO
com.jsoniter.TestOmitValue#test_shouldOmitInputPositiveOutputFalse2,PASS,NO
com.jsoniter.TestOmitValue#test_shouldOmitInputPositiveOutputFalse3,PASS,NO
com.jsoniter.TestOmitValue#test_shouldOmitInputPositiveOutputFalse4,PASS,NO
com.jsoniter.TestOmitValue#test_shouldOmitInputPositiveOutputFalse5,PASS,NO
com.jsoniter.TestOmitValue#test_shouldOmitInputPositiveOutputFalse6,PASS,NO
com.jsoniter.TestOmitValue#test_shouldOmitInputTrueOutputFalse,PASS,NO
com.jsoniter.TestOmitValue#test_shouldOmitInputZeroOutputTrue,PASS,NO
com.jsoniter.TestOmitValue#test_shouldOmitInputZeroOutputTrue2,PASS,NO
com.jsoniter.TestReadAny#test_bind_to_any,PASS,NO
com.jsoniter.TestReadAny#test_get,PASS,NO
com.jsoniter.TestReadAny#test_keys,PASS,NO
com.jsoniter.TestReadAny#test_read_any,PASS,NO
com.jsoniter.TestReadAny#test_read_any_from_string,PASS,NO
com.jsoniter.TestReadAny#test_read_any_in_streaming,PASS,NO
com.jsoniter.TestReadAny#test_read_boolean,PASS,NO
com.jsoniter.TestReadAny#test_read_class,PASS,NO
com.jsoniter.TestReadAny#test_read_double,PASS,NO
com.jsoniter.TestReadAny#test_read_float,PASS,NO
com.jsoniter.TestReadAny#test_read_float_as_int,PASS,NO
com.jsoniter.TestReadAny#test_read_int,PASS,NO
com.jsoniter.TestReadAny#test_read_int_array,PASS,NO
com.jsoniter.TestReadAny#test_read_int_as_string,PASS,NO
com.jsoniter.TestReadAny#test_read_int_object,PASS,NO
com.jsoniter.TestReadAny#test_read_long,PASS,NO
com.jsoniter.TestReadAny#test_read_multiple_field,PASS,NO
com.jsoniter.TestReadAny#test_read_string,PASS,NO
com.jsoniter.TestReadAny#test_require_path,PASS,NO
com.jsoniter.TestReadAny#test_size,PASS,NO
com.jsoniter.TestSkip#test_skip_array,PASS,NO
com.jsoniter.TestSkip#test_skip_nested,PASS,NO
com.jsoniter.TestSkip#test_skip_number,PASS,NO
com.jsoniter.TestSkip#test_skip_object,PASS,NO
com.jsoniter.TestSkip#test_skip_string,PASS,NO
com.jsoniter.TestSkip#test_skip_string_streaming,PASS,NO
com.jsoniter.TestSlice#test_equals,PASS,NO
com.jsoniter.TestSlice#test_equalsInputNotNullOutputFalse,PASS,NO
com.jsoniter.TestSlice#test_equalsInputNotNullOutputFalse2,PASS,NO
com.jsoniter.TestSlice#test_hashcode,PASS,NO
com.jsoniter.TestSpiPropertyDecoder#test_PropertyDecoder,PASS,NO
com.jsoniter.TestSpiPropertyDecoder#test_PropertyDecoder_for_type_literal,PASS,NO
com.jsoniter.TestSpiTypeDecoder#test_TypeDecoder,PASS,NO
com.jsoniter.TestSpiTypeDecoder#test_TypeDecoder_for_generics,PASS,NO
com.jsoniter.TestSpiTypeDecoder#test_as_array_element,PASS,NO
com.jsoniter.TestSpiTypeDecoder#test_as_field_type,PASS,NO
com.jsoniter.TestSpiTypeDecoder#test_direct,PASS,NO
com.jsoniter.TestSpiTypeDecoder#test_list_or_single_element,PASS,NO
com.jsoniter.TestString#test_ascii_string,PASS,NO
com.jsoniter.TestString#test_ascii_string_with_escape,PASS,NO
com.jsoniter.TestString#test_incomplete_escape,PASS,NO
com.jsoniter.TestString#test_incomplete_string,PASS,NO
com.jsoniter.TestString#test_invalid_string,PASS,NO
com.jsoniter.TestString#test_larger_than_buffer,PASS,NO
com.jsoniter.TestString#test_long_string,PASS,NO
com.jsoniter.TestString#test_long_string_in_streaming,PASS,NO
com.jsoniter.TestString#test_normal_escape,PASS,NO
com.jsoniter.TestString#test_null_string,PASS,NO
com.jsoniter.TestString#test_string_across_buffer,PASS,NO
com.jsoniter.TestString#test_surrogate,PASS,NO
com.jsoniter.TestString#test_unicode_escape,PASS,NO
com.jsoniter.TestString#test_utf8,PASS,NO
com.jsoniter.TestString#test_utf8_string,PASS,NO
com.jsoniter.TestWhatIsNext#test,PASS,NO
com.jsoniter.any.TestArray#test_equals_and_hashcode,PASS,NO
com.jsoniter.any.TestArray#test_fill_partial_then_iterate,PASS,NO
com.jsoniter.any.TestArray#test_get,PASS,NO
com.jsoniter.any.TestArray#test_get_from_nested,PASS,NO
com.jsoniter.any.TestArray#test_iterator,PASS,NO
com.jsoniter.any.TestArray#test_null,PASS,NO
com.jsoniter.any.TestArray#test_size,PASS,NO
com.jsoniter.any.TestArray#test_to_boolean,PASS,NO
com.jsoniter.any.TestArray#test_to_int,PASS,NO
com.jsoniter.any.TestArray#test_to_string,PASS,NO
com.jsoniter.any.TestList#test_for_each,PASS,NO
com.jsoniter.any.TestList#test_get,PASS,NO
com.jsoniter.any.TestList#test_get_from_nested,PASS,NO
com.jsoniter.any.TestList#test_iterator,PASS,NO
com.jsoniter.any.TestList#test_size,PASS,NO
com.jsoniter.any.TestList#test_to_boolean,PASS,NO
com.jsoniter.any.TestList#test_to_int,PASS,NO
com.jsoniter.any.TestList#test_to_string,PASS,NO
com.jsoniter.any.TestLong#test_should_fail_with_leading_zero,PASS,NO
com.jsoniter.any.TestLong#test_should_work_with_zero,PASS,NO
com.jsoniter.any.TestLong#test_to_string_should_trim,PASS,NO
com.jsoniter.any.TestMap#test_get,PASS,NO
com.jsoniter.any.TestMap#test_get_from_nested,PASS,NO
com.jsoniter.any.TestMap#test_iterator,PASS,NO
com.jsoniter.any.TestMap#test_size,PASS,NO
com.jsoniter.any.TestMap#test_to_boolean,PASS,NO
com.jsoniter.any.TestMap#test_to_int,PASS,NO
com.jsoniter.any.TestMap#test_to_string,PASS,NO
com.jsoniter.extra.TestBase64#test_decode,PASS,NO
com.jsoniter.extra.TestBase64#test_encode,PASS,NO
com.jsoniter.extra.TestBase64Float#test_Double,PASS,NO
com.jsoniter.extra.TestBase64Float#test_Float,PASS,NO
com.jsoniter.extra.TestBase64Float#test_double,PASS,NO
com.jsoniter.extra.TestBase64Float#test_float,PASS,NO
com.jsoniter.extra.TestNamingStrategy#test,PASS,NO
com.jsoniter.extra.TestPreciseFloat#test_direct_encode,PASS,NO
com.jsoniter.extra.TestPreciseFloat#test_indirect_encode,PASS,NO
com.jsoniter.output.TestAnnotationJsonIgnore#test_ignore,PASS,NO
com.jsoniter.output.TestAnnotationJsonIgnore#test_ignore_decoding_only,PASS,NO
com.jsoniter.output.TestAnnotationJsonIgnore#test_private_serialize,PASS,NO
com.jsoniter.output.TestAnnotationJsonProperty#test_encoder,PASS,NO
com.jsoniter.output.TestAnnotationJsonProperty#test_getter,PASS,NO
com.jsoniter.output.TestAnnotationJsonProperty#test_getter_and_setter,PASS,NO
com.jsoniter.output.TestAnnotationJsonProperty#test_property,PASS,NO
com.jsoniter.output.TestAnnotationJsonUnwrapper#test_unwrapper,PASS,NO
com.jsoniter.output.TestAnnotationJsonUnwrapper#test_unwrapper_with_map,PASS,NO
com.jsoniter.output.TestAny#test_array,PASS,NO
com.jsoniter.output.TestAny#test_boolean,PASS,NO
com.jsoniter.output.TestAny#test_double,PASS,NO
com.jsoniter.output.TestAny#test_float,PASS,NO
com.jsoniter.output.TestAny#test_int,PASS,NO
com.jsoniter.output.TestAny#test_list,PASS,NO
com.jsoniter.output.TestAny#test_long,PASS,NO
com.jsoniter.output.TestAny#test_not_found,PASS,NO
com.jsoniter.output.TestAny#test_null,PASS,NO
com.jsoniter.output.TestAny#test_object,PASS,NO
com.jsoniter.output.TestAny#test_string,PASS,NO
com.jsoniter.output.TestArray#test_array_of_null,PASS,NO
com.jsoniter.output.TestArray#test_arrays_as_list,PASS,NO
com.jsoniter.output.TestArray#test_collection,PASS,NO
com.jsoniter.output.TestArray#test_collection_without_type,PASS,NO
com.jsoniter.output.TestArray#test_default_empty_collection,PASS,NO
com.jsoniter.output.TestArray#test_empty_array,PASS,NO
com.jsoniter.output.TestArray#test_empty_collection,PASS,NO
com.jsoniter.output.TestArray#test_gen_array,PASS,NO
com.jsoniter.output.TestArray#test_hash_set,PASS,NO
com.jsoniter.output.TestArray#test_indention,PASS,NO
com.jsoniter.output.TestArray#test_indention_with_empty_array,PASS,NO
com.jsoniter.output.TestArray#test_list_of_null,PASS,NO
com.jsoniter.output.TestArray#test_list_of_objects,PASS,NO
com.jsoniter.output.TestArray#test_null_array,PASS,NO
com.jsoniter.output.TestArray#test_null_collection,PASS,NO
com.jsoniter.output.TestCollection#test_indention,PASS,NO
com.jsoniter.output.TestCollection#test_indention_with_empty_array,PASS,NO
com.jsoniter.output.TestFloat#testBigDecimal,PASS,NO
com.jsoniter.output.TestFloat#test_infinity,PASS,NO
com.jsoniter.output.TestGenerics#test_inherited_getter_is_not_duplicate,PASS,NO
com.jsoniter.output.TestGenerics#test_wildcard,PASS,NO
com.jsoniter.output.TestGson#test_Expose,PASS,NO
com.jsoniter.output.TestGson#test_SerializedName_on_field,PASS,NO
com.jsoniter.output.TestGson#test_addSerializationExclusionStrategy,PASS,NO
com.jsoniter.output.TestGson#test_disableHtmlEscaping_off,PASS,NO
com.jsoniter.output.TestGson#test_disableHtmlEscaping_on,PASS,NO
com.jsoniter.output.TestGson#test_excludeFieldsWithoutExposeAnnotation,PASS,NO
com.jsoniter.output.TestGson#test_getter_should_be_ignored,PASS,NO
com.jsoniter.output.TestGson#test_serializeNulls,PASS,NO
com.jsoniter.output.TestGson#test_setDateFormat_with_format,PASS,NO
com.jsoniter.output.TestGson#test_setDateFormat_with_style,PASS,NO
com.jsoniter.output.TestGson#test_setFieldNamingPolicy,PASS,NO
com.jsoniter.output.TestGson#test_setFieldNamingStrategy,PASS,NO
com.jsoniter.output.TestGson#test_setPrettyPrinting,PASS,NO
com.jsoniter.output.TestGson#test_setVersion,PASS,NO
com.jsoniter.output.TestGson#test_surrogate,PASS,NO
com.jsoniter.output.TestInteger#testBigInteger,PASS,NO
com.jsoniter.output.TestJackson#test_JsonAnyGetter,PASS,NO
com.jsoniter.output.TestJackson#test_JsonIgnore,PASS,NO
com.jsoniter.output.TestJackson#test_JsonProperty,PASS,NO
com.jsoniter.output.TestList#test_indention,PASS,NO
com.jsoniter.output.TestList#test_indention_with_empty_array,PASS,NO
com.jsoniter.output.TestMap#test,PASS,NO
com.jsoniter.output.TestMap#test_MapKeyCodec,PASS,NO
com.jsoniter.output.TestMap#test_empty,PASS,NO
com.jsoniter.output.TestMap#test_enum_key,PASS,NO
com.jsoniter.output.TestMap#test_indention_with_empty_map,PASS,NO
com.jsoniter.output.TestMap#test_int_as_map_key,PASS,NO
com.jsoniter.output.TestMap#test_integer_key,PASS,NO
com.jsoniter.output.TestMap#test_multiple_keys,PASS,NO
com.jsoniter.output.TestMap#test_null,PASS,NO
com.jsoniter.output.TestMap#test_object_key,PASS,NO
com.jsoniter.output.TestMap#test_value_is_null,PASS,NO
com.jsoniter.output.TestNative#test_big_decimal,PASS,NO
com.jsoniter.output.TestNative#test_big_float,PASS,NO
com.jsoniter.output.TestNative#test_big_integer,PASS,NO
com.jsoniter.output.TestNative#test_boolean,PASS,NO
com.jsoniter.output.TestNative#test_boxed_int,PASS,NO
com.jsoniter.output.TestNative#test_double,PASS,NO
com.jsoniter.output.TestNative#test_escape,PASS,NO
com.jsoniter.output.TestNative#test_float2,PASS,NO
com.jsoniter.output.TestNative#test_float3,PASS,NO
com.jsoniter.output.TestNative#test_int,PASS,NO
com.jsoniter.output.TestNative#test_large_double,PASS,NO
com.jsoniter.output.TestNative#test_large_int,PASS,NO
com.jsoniter.output.TestNative#test_long,PASS,NO
com.jsoniter.output.TestNative#test_negative_int,PASS,NO
com.jsoniter.output.TestNative#test_negative_long,PASS,NO
com.jsoniter.output.TestNative#test_no_decimal_float,PASS,NO
com.jsoniter.output.TestNative#test_raw,PASS,NO
com.jsoniter.output.TestNative#test_short,PASS,NO
com.jsoniter.output.TestNative#test_slash,PASS,NO
com.jsoniter.output.TestNative#test_small_int,PASS,NO
com.jsoniter.output.TestNative#test_string,PASS,NO
com.jsoniter.output.TestNative#test_utf8,PASS,NO
com.jsoniter.output.TestNested#test_array_of_objects,PASS,NO
com.jsoniter.output.TestNested#test_collection_of_objects,PASS,NO
com.jsoniter.output.TestNested#test_map_of_objects,PASS,NO
com.jsoniter.output.TestNested#test_object_of_array,PASS,NO
com.jsoniter.output.TestNested#test_recursive_class,PASS,NO
com.jsoniter.output.TestObject#test_array_field,PASS,NO
com.jsoniter.output.TestObject#test_array_field_is_null,PASS,NO
com.jsoniter.output.TestObject#test_array_field_is_null_via_getter,PASS,NO
com.jsoniter.output.TestObject#test_collection_value_not_nullable,PASS,NO
com.jsoniter.output.TestObject#test_empty_object,PASS,NO
com.jsoniter.output.TestObject#test_enum,PASS,NO
com.jsoniter.output.TestObject#test_field,PASS,NO
com.jsoniter.output.TestObject#test_indention,PASS,NO
com.jsoniter.output.TestObject#test_indention_with_empty_object,PASS,NO
com.jsoniter.output.TestObject#test_missing_notFirst,PASS,NO
com.jsoniter.output.TestObject#test_name_conflict,PASS,NO
com.jsoniter.output.TestObject#test_not_nullable,PASS,NO
com.jsoniter.output.TestObject#test_not_omit_null,PASS,NO
com.jsoniter.output.TestObject#test_null,PASS,NO
com.jsoniter.output.TestObject#test_null_field,PASS,NO
com.jsoniter.output.TestObject#test_omit_default,PASS,NO
com.jsoniter.output.TestObject#test_omit_null,PASS,NO
com.jsoniter.output.TestObject#test_omit_selft_defined,PASS,NO
com.jsoniter.output.TestObject#test_private_class,PASS,NO
com.jsoniter.output.TestObject#test_transient_field_getter,PASS,NO
com.jsoniter.output.TestSpiPropertyEncoder#test_PropertyEncoder,PASS,NO
com.jsoniter.output.TestSpiPropertyEncoder#test_PropertyEncoder_for_type_literal,PASS,NO
com.jsoniter.output.TestSpiTypeEncoder#test_TypeEncoder,PASS,NO
com.jsoniter.output.TestSpiTypeEncoder#test_TypeEncoder_for_type_literal,PASS,NO
com.jsoniter.output.TestStreamBuffer#test_write_bytes,PASS,NO
com.jsoniter.output.TestStreamBuffer#test_write_indention,PASS,NO
com.jsoniter.output.TestStreamBuffer#test_write_int,PASS,NO
com.jsoniter.output.TestStreamBuffer#test_write_long,PASS,NO
com.jsoniter.output.TestStreamBuffer#test_write_raw,PASS,NO
com.jsoniter.output.TestStreamBuffer#test_write_string,PASS,NO
com.jsoniter.output.TestString#test_escape_control_character,PASS,NO
com.jsoniter.output.TestString#test_escape_unicode,PASS,NO
com.jsoniter.output.TestString#test_serialize_into_output_stream,PASS,NO
com.jsoniter.output.TestString#test_unicode,PASS,NO
com.jsoniter.output.TestString#test_unicode_tilde,PASS,NO
