case_id,direction,candidates,relevant,strategy,cost_to_first,reproduced
JI-01,VICTIM,210,0,-,,NO
JI-02,VICTIM,210,0,-,,NO
JI-03,VICTIM,210,0,-,,NO
JI-04,VICTIM,134,0,-,,NO
FJ-01,BRITTLE,72,42,obo,5,YES
FJ-01,BRITTLE,72,42,resource,5,YES
FJ-01,BRITTLE,72,42,random_s1,3,YES
FJ-01,BRITTLE,72,42,random_s2,4,YES
FJ-01,BRITTLE,72,42,random_s3,1,YES
FJ-01,BRITTLE,72,42,random_s4,2,YES
FJ-01,BRITTLE,72,42,random_s5,3,YES
FJ-02,BRITTLE,722,24,obo,39,YES
FJ-02,BRITTLE,722,24,resource,39,YES
FJ-02,BRITTLE,722,24,random_s1,27,YES
FJ-02,BRITTLE,722,24,random_s2,54,YES
FJ-02,BRITTLE,722,24,random_s3,29,YES
FJ-02,BRITTLE,722,24,random_s4,27,YES
FJ-02,BRITTLE,722,24,random_s5,32,YES
FJ-03,VICTIM,524,6,obo,368,YES
FJ-03,VICTIM,524,6,resource,368,YES
FJ-03,VICTIM,524,6,random_s1,7,YES
FJ-03,VICTIM,524,6,random_s2,61,YES
FJ-03,VICTIM,524,6,random_s3,98,YES
FJ-03,VICTIM,524,6,random_s4,43,YES
FJ-03,VICTIM,524,6,random_s5,22,YES
FJ-04,VICTIM,524,2,obo,220,YES
FJ-04,VICTIM,524,2,resource,220,YES
FJ-04,VICTIM,524,2,random_s1,231,YES
FJ-04,VICTIM,524,2,random_s2,17,YES
FJ-04,VICTIM,524,2,random_s3,133,YES
FJ-04,VICTIM,524,2,random_s4,231,YES
FJ-04,VICTIM,524,2,random_s5,224,YES
